id,split,bank,title,url,old_is_campaign,is_campaign,old_product_type,suggested_product_type,final_product_type,status,confidence,reason
adil_katilim-790dd5f0a379,train,Adil Katılım Bankası A.Ş.,Katılım Bankacılığı Ürün ve Hizmetleri,https://www.adilkatilim.com.tr/katilim-bankaciligi/urun-ve-hizmetler,HAYIR,HAYIR,DIGER,DIGER,DIGER,MANUAL,0.99,manual_semantic_resolution
adil_katilim-d14d4002927a,train,Adil Katılım Bankası A.Ş.,Anasayfa | Adil Katılım,https://www.adilkatilim.com.tr/,HAYIR,HAYIR,DIGER,DIGER,DIGER,MANUAL,0.99,manual_semantic_resolution
adil_katilim-539564082f74,train,Adil Katılım Bankası A.Ş.,Katılım Bankacılığı,https://www.adilkatilim.com.tr/katilim-bankaciligi,HAYIR,HAYIR,DIGER,DIGER,DIGER,MANUAL,0.99,manual_semantic_resolution
adil_katilim-baf4292d0c82,train,Adil Katılım Bankası A.Ş.,Belgeler | Adil Katılım,https://www.adilkatilim.com.tr/katilim-bankaciligi/belgeler,HAYIR,HAYIR,DIGER,DIGER,DIGER,MANUAL,0.99,manual_semantic_resolution
adil_katilim-b45752aafa88,train,Adil Katılım Bankası A.Ş.,Müşteri Memnuniyeti Politikamız,https://www.adilkatilim.com.tr/musteri-memnuniyeti-politikasi,HAYIR,HAYIR,DIGER,DIGER,DIGER,MANUAL,0.99,manual_semantic_resolution
albaraka-ccb86d59dcff,train,Albaraka Türk Katılım Bankası A.Ş.,Dijital Katılma Hesabı’na Özel Paylaşım Oranları!,https://www.albaraka.com.tr/tr/kampanyalar/detay/dijital-katilma-hesabina-ozel-paylasim-oranlari-10,EVET,EVET,KATILMA_HESABI,DIGER_KAMPANYA,DIGER_KAMPANYA,CORRECT,0.94,non_card_campaign
albaraka-59c8c39a6db1,train,Albaraka Türk Katılım Bankası A.Ş.,Ürün ve Hizmet Ücretleri,https://www.albaraka.com.tr/tr/urun-ve-hizmet-ucretleri,HAYIR,HAYIR,DIGER,DIGER,DIGER,ACCEPT,0.98,editorial_or_reference_page
albaraka-905356593b63,train,Albaraka Türk Katılım Bankası A.Ş.,Ara Dönem Kâr Payı,https://www.albaraka.com.tr/tr/bireysel/hesaplar/katilma-hesaplari/ara-donem-kar-payi,HAYIR,HAYIR,KATILMA_HESABI,KATILMA_HESABI,KATILMA_HESABI,ACCEPT,0.96,participation_account
albaraka-b4030d83952a,train,Albaraka Türk Katılım Bankası A.Ş.,Eflatun Kredi Kart ile Kozmetik Harcamalarına 200 TL\u0027ye varan Worldpuan!,https://www.albaraka.com.tr/tr/kampanyalar/detay/eflatun-kredi-kart-ile-kozmetik-harcamalarina-200-tlye-varan-worldpuan,EVET,EVET,DIGER_FINANSMAN,KART_KAMPANYASI,KART_KAMPANYASI,CORRECT,0.98,explicit_card_campaign
albaraka-597c3001b957,train,Albaraka Türk Katılım Bankası A.Ş.,2026 | Albaraka Türk,https://www.albaraka.com.tr/tr/kampanyalar/detay/2026,EVET,EVET,DIGER_KAMPANYA,DIGER_KAMPANYA,DIGER_KAMPANYA,ACCEPT,0.94,non_card_campaign
albaraka-ea53872ed45c,train,Albaraka Türk Katılım Bankası A.Ş.,Albaraka World Kampanyaları,https://www.albaraka.com.tr/tr/world-dunyasi/kampanyalar,EVET,EVET,KART_KAMPANYASI,KART_KAMPANYASI,KART_KAMPANYASI,ACCEPT,0.96,confirmed_existing_card_campaign
albaraka-7b5a4d2abdc9,train,Albaraka Türk Katılım Bankası A.Ş.,Hazine Ürünlerimizle Döviz ve Kıymetli Maden Al-Sat,https://www.albaraka.com.tr/tr/bireysel/yatirim/hazine-urunleri,HAYIR,HAYIR,YATIRIM_URUNU,YATIRIM_URUNU,YATIRIM_URUNU,ACCEPT,0.96,investment_product
albaraka-b3d9d634601f,train,Albaraka Türk Katılım Bankası A.Ş.,Arzum’da %25 İndirim!,https://www.albaraka.com.tr/tr/kampanyalar/detay/arzumda-25-indirim,EVET,EVET,DIGER_KAMPANYA,DIGER_KAMPANYA,DIGER_KAMPANYA,ACCEPT,0.94,non_card_campaign
albaraka-5e57b63efae4,train,Albaraka Türk Katılım Bankası A.Ş.,Eğitim Harcamalarınıza Vade Farksız 6 Taksit Kampanyası,https://www.albaraka.com.tr/tr/kampanyalar/detay/egitim-kampanyasi-1,EVET,EVET,KART_KAMPANYASI,KART_KAMPANYASI,KART_KAMPANYASI,ACCEPT,0.96,confirmed_existing_card_campaign
albaraka-2f91d0554cdd,train,Albaraka Türk Katılım Bankası A.Ş.,Kırtasiye Kampanyası,https://www.albaraka.com.tr/tr/kampanyalar/detay/kirtasiye-kampanyasi,EVET,EVET,KART_KAMPANYASI,KART_KAMPANYASI,KART_KAMPANYASI,ACCEPT,0.96,confirmed_existing_card_campaign
albaraka-956cc78c9940,train,Albaraka Türk Katılım Bankası A.Ş.,Sermaye Piyasası Ürünleri,https://www.albaraka.com.tr/tr/bireysel/yatirim/sermaye-piyasasi-urunleri,HAYIR,HAYIR,YATIRIM_URUNU,YATIRIM_URUNU,YATIRIM_URUNU,ACCEPT,0.96,investment_product
albaraka-123679fd2f3a,train,Albaraka Türk Katılım Bankası A.Ş.,Albaraka Sadakat Programı,https://www.albaraka.com.tr/tr/kampanyalar/detay/albaraka-sadakat-programi,EVET,EVET,DIGER_KAMPANYA,DIGER_KAMPANYA,DIGER_KAMPANYA,ACCEPT,0.94,non_card_campaign
albaraka-efff43972cf1,train,Albaraka Türk Katılım Bankası A.Ş.,Pocket eSIM’den %35 İndirim!,https://www.albaraka.com.tr/tr/kampanyalar/detay/pocket-esimden-35-indirim,EVET,EVET,DIGER_KAMPANYA,DIGER_KAMPANYA,DIGER_KAMPANYA,ACCEPT,0.94,non_card_campaign
albaraka-84561a7d12f7,train,Albaraka Türk Katılım Bankası A.Ş.,Madame Coco\u0027da 350 TL İndirim!,https://www.albaraka.com.tr/tr/kampanyalar/detay/madame-cocoda-350-tl-indirim,EVET,EVET,DIGER_KAMPANYA,DIGER_KAMPANYA,DIGER_KAMPANYA,ACCEPT,0.94,non_card_campaign
albaraka-22a6a07baf87,train,Albaraka Türk Katılım Bankası A.Ş.,Yakınını Davet Et Kampanyası,https://www.albaraka.com.tr/tr/kampanyalar/detay/yakinini-davet-et-kampanyasi,EVET,EVET,KART_KAMPANYASI,KART_KAMPANYASI,KART_KAMPANYASI,ACCEPT,0.96,confirmed_existing_card_campaign
albaraka-3e771c247998,train,Albaraka Türk Katılım Bankası A.Ş.,Macrocenter.com.tr\u0027de %10 İndirim!,https://www.albaraka.com.tr/tr/kampanyalar/detay/macrocentercomtrde-10-indirim,EVET,EVET,DIGER_KAMPANYA,DIGER_KAMPANYA,DIGER_KAMPANYA,ACCEPT,0.94,non_card_campaign
albaraka-0a485a5a7960,train,Albaraka Türk Katılım Bankası A.Ş.,Yolcu 360 – Yurt İçi Uçak Bileti,https://www.albaraka.com.tr/tr/kampanyalar/detay/yolcu-360-yurt-ici-ucak-bileti,EVET,EVET,DIGER_KAMPANYA,DIGER_KAMPANYA,DIGER_KAMPANYA,ACCEPT,0.94,non_card_campaign
albaraka-935275afc03c,train,Albaraka Türk Katılım Bankası A.Ş.,Yolcu 360 – Yurt Dışı Uçak Bileti,https://www.albaraka.com.tr/tr/kampanyalar/detay/yolcu-360-yurt-disi-ucak-bileti,EVET,EVET,DIGER_KAMPANYA,DIGER_KAMPANYA,DIGER_KAMPANYA,ACCEPT,0.94,non_card_campaign
albaraka-c0028e81db8a,train,Albaraka Türk Katılım Bankası A.Ş.,"Hızlı döviz işlemleri sayesinde Albaraka Türk\u0027ün avantajlı döviz kurlarına erişebilir, mobil bankacılık üzerinden dilediğiniz işlemleri gerçekleştirebilirsiniz.",https://www.albaraka.com.tr/tr/kobi/yatirim/hazine-urunleri/hizli-doviz-islemleri,HAYIR,HAYIR,YATIRIM_URUNU,YATIRIM_URUNU,YATIRIM_URUNU,ACCEPT,0.96,investment_product
albaraka-2d30cd9acf45,train,Albaraka Türk Katılım Bankası A.Ş.,Yoyo\u0027da %40 GastroClub İndirim!,https://www.albaraka.com.tr/tr/kampanyalar/detay/2026/yoyoda-40-gastroclub-indirim,EVET,EVET,DIGER_KAMPANYA,DIGER_KAMPANYA,DIGER_KAMPANYA,ACCEPT,0.94,non_card_campaign
albaraka-e37453130dd0,train,Albaraka Türk Katılım Bankası A.Ş.,Halka Arz Nedir?,https://www.albaraka.com.tr/tr/bireysel/yatirim/sermaye-piyasasi-urunleri/halka-arz,HAYIR,HAYIR,YATIRIM_URUNU,YATIRIM_URUNU,YATIRIM_URUNU,ACCEPT,0.96,investment_product
albaraka-49ba76604dd4,train,Albaraka Türk Katılım Bankası A.Ş.,bilet.com Uçak Bileti Kampanyası,https://www.albaraka.com.tr/tr/kampanyalar/detay/2026/biletcom-ucak-bileti-kampanyasi,EVET,EVET,KART_KAMPANYASI,KART_KAMPANYASI,KART_KAMPANYASI,ACCEPT,0.96,confirmed_existing_card_campaign
albaraka-5d387bdabe21,train,Albaraka Türk Katılım Bankası A.Ş.,Keyifli Konaklamanın Albaraka Hali!,https://www.albaraka.com.tr/tr/kampanyalar/detay/2026/konaklama-harcamaniza-10-indirim,EVET,EVET,KART_KAMPANYASI,KART_KAMPANYASI,KART_KAMPANYASI,ACCEPT,0.96,confirmed_existing_card_campaign
albaraka-8cab2165f6a6,train,Albaraka Türk Katılım Bankası A.Ş.,The House Cafe\u0027lerde Tatlı İkramı!,https://www.albaraka.com.tr/tr/kampanyalar/detay/2026/the-house-cafelerde-tatli-ikrami,EVET,EVET,DIGER_KAMPANYA,DIGER_KAMPANYA,DIGER_KAMPANYA,ACCEPT,0.94,non_card_campaign
albaraka-77b4ebc21605,train,Albaraka Türk Katılım Bankası A.Ş.,Trend’lilere Tüm Banka ATM’leri Ücretsiz,https://www.albaraka.com.tr/tr/kampanyalar/detay/trendlilere-tum-banka-atmleri-ucretsiz,EVET,EVET,KART_KAMPANYASI,KART_KAMPANYASI,KART_KAMPANYASI,ACCEPT,0.96,confirmed_existing_card_campaign
albaraka-fb5badc0959b,train,Albaraka Türk Katılım Bankası A.Ş.,Kıymetli Maden Alım-Satım,https://www.albaraka.com.tr/tr/bireysel/yatirim/hazine-urunleri/kiymetli-maden-alim-satim,HAYIR,HAYIR,YATIRIM_URUNU,YATIRIM_URUNU,YATIRIM_URUNU,ACCEPT,0.96,investment_product
albaraka-c21bd7bf1ea4,train,Albaraka Türk Katılım Bankası A.Ş.,Eflatun’lulara Tüm Banka ATM’leri Ücretsiz,https://www.albaraka.com.tr/tr/kampanyalar/detay/eflatunlulara-tum-banka-atmleri-ucretsiz,EVET,EVET,KART_KAMPANYASI,KART_KAMPANYASI,KART_KAMPANYASI,ACCEPT,0.96,confirmed_existing_card_campaign
albaraka-ff381e5e58e3,train,Albaraka Türk Katılım Bankası A.Ş.,İstanbul Havalimanı,https://www.albaraka.com.tr/tr/kampanyalar/detay/istanbul-havalimani-hizli-gecis-kampanyasi,EVET,EVET,DIGER_KAMPANYA,DIGER_KAMPANYA,DIGER_KAMPANYA,ACCEPT,0.94,non_card_campaign
albaraka-230070c39aaa,train,Albaraka Türk Katılım Bankası A.Ş.,MTV Ödemelerinize Vade Farksız 3 Taksit!,https://www.albaraka.com.tr/tr/kampanyalar/detay/mtv-odemelerinize-vade-farksiz-3-taksit-10,EVET,EVET,KART_KAMPANYASI,KART_KAMPANYASI,KART_KAMPANYASI,ACCEPT,0.96,confirmed_existing_card_campaign
albaraka-02d0d4550f4b,train,Albaraka Türk Katılım Bankası A.Ş.,"Hisse Senedi Nedir, Nasıl Alınır?",https://www.albaraka.com.tr/tr/bireysel/yatirim/sermaye-piyasasi-urunleri/hisse-senedi-islemleri,HAYIR,HAYIR,YATIRIM_URUNU,YATIRIM_URUNU,YATIRIM_URUNU,ACCEPT,0.96,investment_product
albaraka-b279c1399fdd,train,Albaraka Türk Katılım Bankası A.Ş.,Kira Sertifikası (Sukuk),https://www.albaraka.com.tr/tr/bireysel/yatirim/sermaye-piyasasi-urunleri/kira-sertifikasi-sukuk,HAYIR,HAYIR,YATIRIM_URUNU,YATIRIM_URUNU,YATIRIM_URUNU,ACCEPT,0.96,investment_product
albaraka-bd2f2e54fda4,train,Albaraka Türk Katılım Bankası A.Ş.,Sabiha Gökçen Havalimanı,https://www.albaraka.com.tr/tr/kampanyalar/detay/sabiha-gokcen-havalimani-hizli-gecis-kampanyasi,EVET,EVET,DIGER_KAMPANYA,DIGER_KAMPANYA,DIGER_KAMPANYA,ACCEPT,0.94,non_card_campaign
albaraka-f45a8acd8399,train,Albaraka Türk Katılım Bankası A.Ş.,Ücretsiz İSPARK Otopark Kampanyası | Albarakalılara Özel,https://www.albaraka.com.tr/tr/kampanyalar/detay/albarakalilara-ozel-ucretsiz-ispark-kampanyasi-1,EVET,EVET,DIGER_KAMPANYA,DIGER_KAMPANYA,DIGER_KAMPANYA,ACCEPT,0.94,non_card_campaign
albaraka-7915da07cfc1,train,Albaraka Türk Katılım Bankası A.Ş.,404 | Albaraka Türk,https://www.albaraka.com.tr/tr/kampanyalar/detay/albaraka-restoran-harcamaniza-5-indirim-kazandiriyor,EVET,EVET,DIGER_KAMPANYA,DIGER_KAMPANYA,DIGER_KAMPANYA,ACCEPT,0.94,non_card_campaign
albaraka-315ad4281247,train,Albaraka Türk Katılım Bankası A.Ş.,Albaraka Restoran Harcamanıza %10 İndirim Kazandırıyor!,https://www.albaraka.com.tr/tr/kampanyalar/detay/albaraka-restoran-harcamaniza-5-indirimm-kazandiriyor,EVET,EVET,DIGER_KAMPANYA,DIGER_KAMPANYA,DIGER_KAMPANYA,ACCEPT,0.94,non_card_campaign
albaraka-478447c96eb0,train,Albaraka Türk Katılım Bankası A.Ş.,BES Teminatlı Finansman,https://www.albaraka.com.tr/tr/bireysel/finansmanlar/birikimlerinizi-koruyan-bes-teminatli-finansman-albarakada,HAYIR,HAYIR,DIGER_FINANSMAN,DIGER_FINANSMAN,DIGER_FINANSMAN,ACCEPT,0.88,other_finance
albaraka-91f1767949c4,train,Albaraka Türk Katılım Bankası A.Ş.,Aidat Ödeyen Hesap,https://www.albaraka.com.tr/tr/bireysel/finansmanlar/ihtiyac/kisa-sureli-ihtiyaclariniz-icin/aidat-odeyen-hesap,HAYIR,HAYIR,IHTIYAC_FINANSMANI,IHTIYAC_FINANSMANI,IHTIYAC_FINANSMANI,ACCEPT,0.97,personal_finance
albaraka-244e6d1126f7,train,Albaraka Türk Katılım Bankası A.Ş.,Fatura Ödeyen Hesap,https://www.albaraka.com.tr/tr/bireysel/finansmanlar/ihtiyac/kisa-sureli-ihtiyaclariniz-icin/fatura-odeyen-hesap,HAYIR,HAYIR,IHTIYAC_FINANSMANI,IHTIYAC_FINANSMANI,IHTIYAC_FINANSMANI,ACCEPT,0.97,personal_finance
albaraka-b4c348a4effc,train,Albaraka Türk Katılım Bankası A.Ş.,Özel Fon Havuzuna Dayalı Kira Sertifikası,https://www.albaraka.com.tr/tr/bireysel/yatirim/sermaye-piyasasi-urunleri/ozel-fon-havuzuna-dayali-kira-sertifikasi,HAYIR,HAYIR,YATIRIM_URUNU,YATIRIM_URUNU,YATIRIM_URUNU,ACCEPT,0.96,investment_product
albaraka-91226eb985c5,train,Albaraka Türk Katılım Bankası A.Ş.,Kobi Kartlar Kobilere Özel Fırsatlar Sunar,https://www.albaraka.com.tr/tr/kobi/kartlar,HAYIR,HAYIR,KART_URUNU,KART_URUNU,KART_URUNU,ACCEPT,0.97,card_product
albaraka-cb566f12a247,train,Albaraka Türk Katılım Bankası A.Ş.,Banka ve Kredi Kartlarından Size Özel Olanı Keşfedin,https://www.albaraka.com.tr/tr/bireysel/kartlar,HAYIR,HAYIR,DIGER_FINANSMAN,KART_URUNU,KART_URUNU,CORRECT,0.97,card_product
albaraka-66ebad55959d,train,Albaraka Türk Katılım Bankası A.Ş.,Bireysel Yatırım İmkanı ve Fırsatlarını Yakalayın,https://www.albaraka.com.tr/tr/bireysel/yatirim,HAYIR,HAYIR,YATIRIM_URUNU,YATIRIM_URUNU,YATIRIM_URUNU,MANUAL,0.99,manual_semantic_resolution
albaraka-0919ef9a7cd5,train,Albaraka Türk Katılım Bankası A.Ş.,Kobi Finansal Desteğiniz Albaraka\u0027da!,https://www.albaraka.com.tr/tr/kobi/finansmanlar,HAYIR,HAYIR,TICARI_FINANSMAN,TICARI_FINANSMAN,TICARI_FINANSMAN,ACCEPT,0.95,commercial_finance
albaraka-29d59dc3d664,train,Albaraka Türk Katılım Bankası A.Ş.,Finansmanlar,https://www.albaraka.com.tr/tr/bireysel/finansmanlar,HAYIR,HAYIR,DIGER_FINANSMAN,DIGER_FINANSMAN,DIGER_FINANSMAN,ACCEPT,0.88,other_finance
albaraka-f340ae79c829,train,Albaraka Türk Katılım Bankası A.Ş.,albaFX - Yurtdışı Hisse Senedi ve Fon Yatırımları Alım Satımı,https://www.albaraka.com.tr/tr/bireysel/yatirim/albafx,HAYIR,HAYIR,YATIRIM_URUNU,YATIRIM_URUNU,YATIRIM_URUNU,ACCEPT,0.96,investment_product
albaraka-974c724d43d4,train,Albaraka Türk Katılım Bankası A.Ş.,Platformlar,https://www.albaraka.com.tr/tr/bireysel/yatirim/platformlar,HAYIR,HAYIR,YATIRIM_URUNU,YATIRIM_URUNU,YATIRIM_URUNU,MANUAL,0.99,manual_semantic_resolution
albaraka-3a73682512d0,train,Albaraka Türk Katılım Bankası A.Ş.,İhtiyaç Finansmanı,https://www.albaraka.com.tr/tr/bireysel/finansmanlar/ihtiyac,HAYIR,HAYIR,IHTIYAC_FINANSMANI,IHTIYAC_FINANSMANI,IHTIYAC_FINANSMANI,ACCEPT,0.97,personal_finance
albaraka-c8ac2fdf39a6,train,Albaraka Türk Katılım Bankası A.Ş.,Tarım Bankacılığınız Hasılat Kart ile Daha Kolay,https://www.albaraka.com.tr/tr/kobi/tarim-bankaciligi/kartlar,HAYIR,HAYIR,KART_URUNU,KART_URUNU,KART_URUNU,ACCEPT,0.97,card_product
albaraka-b99c08b2f9cc,train,Albaraka Türk Katılım Bankası A.Ş.,Banka Kartları,https://www.albaraka.com.tr/tr/bireysel/kartlar/banka-kartlari,HAYIR,HAYIR,KART_URUNU,KART_URUNU,KART_URUNU,ACCEPT,0.97,card_product
albaraka-5c12f9ab739b,train,Albaraka Türk Katılım Bankası A.Ş.,Dijital Ekstre ile Doğaya Destek Ol,https://www.albaraka.com.tr/tr/bireysel/kartlar/dijital-ekstre,HAYIR,HAYIR,KART_URUNU,KART_URUNU,KART_URUNU,ACCEPT,0.97,card_product
albaraka-3538859544d4,train,Albaraka Türk Katılım Bankası A.Ş.,Bireysel Kredi Kartlarından Size En Uygun Olanı Seçin,https://www.albaraka.com.tr/tr/bireysel/kartlar/kredi-kartlari,HAYIR,HAYIR,DIGER_FINANSMAN,KART_URUNU,KART_URUNU,CORRECT,0.97,card_product
albaraka-00428198c3f7,train,Albaraka Türk Katılım Bankası A.Ş.,Yatırım Fonları,https://www.albaraka.com.tr/tr/bireysel/yatirim/yatirim-fonlari,HAYIR,HAYIR,YATIRIM_URUNU,YATIRIM_URUNU,YATIRIM_URUNU,ACCEPT,0.96,investment_product
albaraka-31f183e0fb81,train,Albaraka Türk Katılım Bankası A.Ş.,Bayide Finansman,https://www.albaraka.com.tr/tr/kobi/finansmanlar/bayide-finansman,HAYIR,HAYIR,TICARI_FINANSMAN,TICARI_FINANSMAN,TICARI_FINANSMAN,ACCEPT,0.95,commercial_finance
albaraka-7f9df6142c0a,train,Albaraka Türk Katılım Bankası A.Ş.,Bayi Kart ile Vadeli Satış Yapabilirsiniz,https://www.albaraka.com.tr/tr/kobi/kartlar/kobi-kartlari/bayi-kart,HAYIR,HAYIR,KART_URUNU,KART_URUNU,KART_URUNU,ACCEPT,0.97,card_product
albaraka-3c74d138452f,train,Albaraka Türk Katılım Bankası A.Ş.,Harcama İtiraz Formu,https://www.albaraka.com.tr/tr/bireysel/kartlar/harcama-itiraz-formu,HAYIR,HAYIR,KART_URUNU,KART_URUNU,KART_URUNU,ACCEPT,0.97,card_product
albaraka-8812c26c29e7,train,Albaraka Türk Katılım Bankası A.Ş.,Bayide Finansman ile Satış Hacminize Katkıda Bulunun,https://www.albaraka.com.tr/tr/bireysel/finansmanlar/bayide-finansman,HAYIR,HAYIR,DIGER_FINANSMAN,DIGER_FINANSMAN,DIGER_FINANSMAN,ACCEPT,0.88,other_finance
albaraka-a33eeb8e79c1,train,Albaraka Türk Katılım Bankası A.Ş.,Kobi Nakdi Finansman,https://www.albaraka.com.tr/tr/kobi/finansmanlar/kobi-nakdi-finansman,HAYIR,HAYIR,TICARI_FINANSMAN,TICARI_FINANSMAN,TICARI_FINANSMAN,ACCEPT,0.95,commercial_finance
albaraka-41a8828ec82d,train,Albaraka Türk Katılım Bankası A.Ş.,Trend Kartlar,https://www.albaraka.com.tr/tr/bireysel/trend-bankacilik/trend-kartlar,HAYIR,HAYIR,KART_URUNU,KART_URUNU,KART_URUNU,ACCEPT,0.97,card_product
albaraka-48da49745ae1,train,Albaraka Türk Katılım Bankası A.Ş.,Kredi Kartı Yaş Sınırı Nedir? | Albaraka Blog,https://www.albaraka.com.tr/tr/blog/detay/kredi-karti-yas-siniri-nedir,HAYIR,HAYIR,DIGER_FINANSMAN,DIGER,DIGER,CORRECT,0.98,editorial_or_reference_page
albaraka-93e8fd286e0a,train,Albaraka Türk Katılım Bankası A.Ş.,Findeks Kredi Notu Öğrenme,https://www.albaraka.com.tr/tr/bireysel/finansmanlar/kredi-notu-ogrenme,HAYIR,HAYIR,DIGER_FINANSMAN,DIGER_FINANSMAN,DIGER_FINANSMAN,ACCEPT,0.88,other_finance
albaraka-adf274803938,train,Albaraka Türk Katılım Bankası A.Ş.,Diğer Finansmanlar,https://www.albaraka.com.tr/tr/kobi/tarim-bankaciligi/diger-finansmanlar,HAYIR,HAYIR,TICARI_FINANSMAN,TICARI_FINANSMAN,TICARI_FINANSMAN,ACCEPT,0.95,commercial_finance
albaraka-3a4d4c0aba2c,train,Albaraka Türk Katılım Bankası A.Ş.,Kart Güvenliği,https://www.albaraka.com.tr/tr/dijital-bankacilik/guvenlik/kart-guvenligi,HAYIR,HAYIR,KART_URUNU,DIGER,DIGER,MANUAL,0.99,manual_semantic_resolution
albaraka-35128eccba8a,train,Albaraka Türk Katılım Bankası A.Ş.,Tarım Finansmanları,https://www.albaraka.com.tr/tr/kobi/tarim-bankaciligi/tarim-finansmanlari,HAYIR,HAYIR,TICARI_FINANSMAN,TICARI_FINANSMAN,TICARI_FINANSMAN,ACCEPT,0.95,commercial_finance
albaraka-7aadbf0bf374,train,Albaraka Türk Katılım Bankası A.Ş.,Eflatun Kredi Kartı ve Eflatun Banka Kartı,https://www.albaraka.com.tr/tr/bireysel/eflatun-bankacilik/eflatun-kartlar,HAYIR,HAYIR,DIGER_FINANSMAN,KART_URUNU,KART_URUNU,CORRECT,0.97,card_product
albaraka-4432cb9f7d53,train,Albaraka Türk Katılım Bankası A.Ş.,Jet Finansman,https://www.albaraka.com.tr/tr/bireysel/finansmanlar/ihtiyac/jet-finansman,HAYIR,HAYIR,IHTIYAC_FINANSMANI,IHTIYAC_FINANSMANI,IHTIYAC_FINANSMANI,ACCEPT,0.97,personal_finance
albaraka-e26d50b3cb09,train,Albaraka Türk Katılım Bankası A.Ş.,Çocuğunuzun Her Türlü İhtiyacı İçin Finansmanınız Yanınızda!- Albaraka Türk,https://www.albaraka.com.tr/tr/bireysel/finansmanlar/ihtiyac/cocugunuz-icin,HAYIR,HAYIR,IHTIYAC_FINANSMANI,IHTIYAC_FINANSMANI,IHTIYAC_FINANSMANI,ACCEPT,0.96,personal_finance_url
albaraka-bf4e2560a809,train,Albaraka Türk Katılım Bankası A.Ş.,Tatiliniz İçin,https://www.albaraka.com.tr/tr/bireysel/finansmanlar/ihtiyac/tatiliniz-icin,HAYIR,HAYIR,IHTIYAC_FINANSMANI,IHTIYAC_FINANSMANI,IHTIYAC_FINANSMANI,ACCEPT,0.96,personal_finance_url
albaraka-a31315069cd2,train,Albaraka Türk Katılım Bankası A.Ş.,Kredi Kartı Başvurusu,https://www.albaraka.com.tr/tr/bireysel/kartlar/kredi-kartlari/kart-basvuru,HAYIR,HAYIR,DIGER_FINANSMAN,KART_URUNU,KART_URUNU,CORRECT,0.97,card_product
albaraka-4b52586eb15d,train,Albaraka Türk Katılım Bankası A.Ş.,Katılım Finans Kefalet (KFK),https://www.albaraka.com.tr/tr/kobi/finansmanlar/katilim-finans-kefalet-kfk,HAYIR,HAYIR,TICARI_FINANSMAN,TICARI_FINANSMAN,TICARI_FINANSMAN,ACCEPT,0.95,commercial_finance
dunya_katilim-1ea4bfcd5302,train,Dünya Katılım Bankası A.Ş.,"Davet Et, Altın Kazan!",https://dunyakatilim.com.tr/kampanyalar/davetetkazan,EVET,EVET,YATIRIM_URUNU,DIGER_KAMPANYA,DIGER_KAMPANYA,CORRECT,0.94,non_card_campaign
dunya_katilim-9062423b0317,train,Dünya Katılım Bankası A.Ş.,Kip’te 5 Taksit Fırsatı!,https://dunyakatilim.com.tr/kampanyalar/kip,EVET,EVET,KART_KAMPANYASI,KART_KAMPANYASI,KART_KAMPANYASI,ACCEPT,0.96,confirmed_existing_card_campaign
dunya_katilim-0fbbcdee8806,train,Dünya Katılım Bankası A.Ş.,Hepsiburada'da Peşin Fiyatına 6 Aya Varan Taksit Fırsatı!,https://dunyakatilim.com.tr/kampanyalar/hepsiburada,EVET,EVET,KART_KAMPANYASI,KART_KAMPANYASI,KART_KAMPANYASI,ACCEPT,0.96,confirmed_existing_card_campaign
dunya_katilim-f93506e16846,train,Dünya Katılım Bankası A.Ş.,Paraf İle Zsa Zsa Zsu Mağazalarında 6 Taksit Fırsatı!,https://dunyakatilim.com.tr/kampanyalar/zsa-zsa-zsu,EVET,EVET,KART_KAMPANYASI,KART_KAMPANYASI,KART_KAMPANYASI,ACCEPT,0.96,confirmed_existing_card_campaign
dunya_katilim-082f9aa92fd4,train,Dünya Katılım Bankası A.Ş.,Altın Kazandıran Alışveriş Dünya Katılım’da !,https://dunyakatilim.com.tr/kampanyalar/altin-kesemTicari,EVET,EVET,YATIRIM_URUNU,DIGER_KAMPANYA,DIGER_KAMPANYA,CORRECT,0.94,non_card_campaign
dunya_katilim-fc927b76d445,train,Dünya Katılım Bankası A.Ş.,Paraf İle ADV Mağazalarında 6 Taksit Fırsatı!,https://dunyakatilim.com.tr/kampanyalar/adv,EVET,EVET,KART_KAMPANYASI,KART_KAMPANYASI,KART_KAMPANYASI,ACCEPT,0.96,confirmed_existing_card_campaign
dunya_katilim-f678aa1a136a,train,Dünya Katılım Bankası A.Ş.,Twist’te 4 Taksit Fırsatı!,https://dunyakatilim.com.tr/kampanyalar/twist,EVET,EVET,KART_KAMPANYASI,KART_KAMPANYASI,KART_KAMPANYASI,ACCEPT,0.96,confirmed_existing_card_campaign
dunya_katilim-2c67278ab727,train,Dünya Katılım Bankası A.Ş.,VAKKO’da 4 Taksit Fırsatı!,https://dunyakatilim.com.tr/kampanyalar/vakko,EVET,EVET,KART_KAMPANYASI,KART_KAMPANYASI,KART_KAMPANYASI,ACCEPT,0.96,confirmed_existing_card_campaign
dunya_katilim-e476ba0441ff,train,Dünya Katılım Bankası A.Ş.,Yataş’ta 8 Taksit Fırsatı!,https://dunyakatilim.com.tr/kampanyalar/yatas,EVET,EVET,KART_KAMPANYASI,KART_KAMPANYASI,KART_KAMPANYASI,ACCEPT,0.96,confirmed_existing_card_campaign
dunya_katilim-b8792344966e,train,Dünya Katılım Bankası A.Ş.,Paraf ile Koçtaş'ta 5 Taksit Fırsatı!,https://dunyakatilim.com.tr/kampanyalar/koctas,EVET,EVET,KART_KAMPANYASI,KART_KAMPANYASI,KART_KAMPANYASI,ACCEPT,0.96,confirmed_existing_card_campaign
dunya_katilim-a69cd4087eed,train,Dünya Katılım Bankası A.Ş.,Paraf ile Yenilio'da Peşin Fiyatına 12 Aya Varan Taksit Fırsatı!,https://dunyakatilim.com.tr/kampanyalar/yenilio,EVET,EVET,KART_KAMPANYASI,KART_KAMPANYASI,KART_KAMPANYASI,ACCEPT,0.96,confirmed_existing_card_campaign
dunya_katilim-50260963799a,train,Dünya Katılım Bankası A.Ş.,Trendyol'da Peşin Fiyatına 9 Aya Varan Taksit Fırsatı!,https://dunyakatilim.com.tr/kampanyalar/trendyol,EVET,EVET,KART_KAMPANYASI,KART_KAMPANYASI,KART_KAMPANYASI,ACCEPT,0.96,confirmed_existing_card_campaign
dunya_katilim-89de84db35a9,train,Dünya Katılım Bankası A.Ş.,Vaillant’ta 9 Aya Varan Taksit Fırsatı!,https://dunyakatilim.com.tr/kampanyalar/vaillant,EVET,EVET,KART_KAMPANYASI,KART_KAMPANYASI,KART_KAMPANYASI,ACCEPT,0.96,confirmed_existing_card_campaign
dunya_katilim-808c82f7ca48,train,Dünya Katılım Bankası A.Ş.,A101 de Vade Farksız 6 Aya Varan Taksit Fırsatı!,https://dunyakatilim.com.tr/kampanyalar/a-101-paraf,EVET,EVET,KART_KAMPANYASI,KART_KAMPANYASI,KART_KAMPANYASI,ACCEPT,0.96,confirmed_existing_card_campaign
dunya_katilim-f7366ac6e080,train,Dünya Katılım Bankası A.Ş.,Paraf İle Damat Tween’de 6 Taksit Fırsatı!,https://dunyakatilim.com.tr/kampanyalar/damat-tween,EVET,EVET,KART_KAMPANYASI,KART_KAMPANYASI,KART_KAMPANYASI,ACCEPT,0.96,confirmed_existing_card_campaign
dunya_katilim-8c0589fa4870,train,Dünya Katılım Bankası A.Ş.,Dyson’da Peşin Fiyatına 9 Aya Varan Taksit Fırsatı!,https://dunyakatilim.com.tr/kampanyalar/dyson,EVET,EVET,KART_KAMPANYASI,KART_KAMPANYASI,KART_KAMPANYASI,ACCEPT,0.96,confirmed_existing_card_campaign
dunya_katilim-270dd2fba958,train,Dünya Katılım Bankası A.Ş.,Alfemo’da Peşin fiyatına 8 Taksit Fırsatı!,https://dunyakatilim.com.tr/kampanyalar/alfemo,EVET,EVET,KART_KAMPANYASI,KART_KAMPANYASI,KART_KAMPANYASI,ACCEPT,0.96,confirmed_existing_card_campaign
dunya_katilim-670f3453c17c,train,Dünya Katılım Bankası A.Ş.,Paraf ile Evidea’da 4 Taksit Fırsatı!,https://dunyakatilim.com.tr/kampanyalar/evidea,EVET,EVET,KART_KAMPANYASI,KART_KAMPANYASI,KART_KAMPANYASI,ACCEPT,0.96,confirmed_existing_card_campaign
dunya_katilim-f2e8b1dedc22,train,Dünya Katılım Bankası A.Ş.,ITOPYA.COM'da Vade Farksız 6 Taksit Fırsatı!,https://dunyakatilim.com.tr/kampanyalar/itopya,EVET,EVET,KART_KAMPANYASI,KART_KAMPANYASI,KART_KAMPANYASI,ACCEPT,0.96,confirmed_existing_card_campaign
dunya_katilim-9ae91cbe15d2,train,Dünya Katılım Bankası A.Ş.,Ramsey’de 5 Taksit Fırsatı!,https://dunyakatilim.com.tr/kampanyalar/ramsey,EVET,EVET,KART_KAMPANYASI,KART_KAMPANYASI,KART_KAMPANYASI,ACCEPT,0.96,confirmed_existing_card_campaign
dunya_katilim-120ed2e25ce8,train,Dünya Katılım Bankası A.Ş.,İpekyol’da 4 Taksit Fırsatı!,https://dunyakatilim.com.tr/kampanyalar/ipekyol,EVET,EVET,KART_KAMPANYASI,KART_KAMPANYASI,KART_KAMPANYASI,ACCEPT,0.96,confirmed_existing_card_campaign
dunya_katilim-7328282d55ec,train,Dünya Katılım Bankası A.Ş.,Monster Notebook’ta Peşin Fiyatına 12 Aya Varan Taksit Fırsatı!,https://dunyakatilim.com.tr/kampanyalar/monster,EVET,EVET,KART_KAMPANYASI,KART_KAMPANYASI,KART_KAMPANYASI,ACCEPT,0.96,confirmed_existing_card_campaign
dunya_katilim-1e06c6df2a28,train,Dünya Katılım Bankası A.Ş.,Carter's Mağazalarında 4 Taksit Fırsatı!,https://dunyakatilim.com.tr/kampanyalar/carter-s,EVET,EVET,KART_KAMPANYASI,KART_KAMPANYASI,KART_KAMPANYASI,ACCEPT,0.96,confirmed_existing_card_campaign
dunya_katilim-8f6188f9271e,train,Dünya Katılım Bankası A.Ş.,Divarese’de 4 Taksit Fırsatı!,https://dunyakatilim.com.tr/kampanyalar/divarese,EVET,EVET,KART_KAMPANYASI,KART_KAMPANYASI,KART_KAMPANYASI,ACCEPT,0.96,confirmed_existing_card_campaign
dunya_katilim-f790aae2ba01,train,Dünya Katılım Bankası A.Ş.,Paraf ile Demirdöküm’de 9 Aya Varan Taksit Fırsatı!,https://dunyakatilim.com.tr/kampanyalar/demirdokum,EVET,EVET,KART_KAMPANYASI,KART_KAMPANYASI,KART_KAMPANYASI,ACCEPT,0.96,confirmed_existing_card_campaign
dunya_katilim-051a9296ca21,train,Dünya Katılım Bankası A.Ş.,Minycenter Mağazalarında 4 Taksit Fırsatı!,https://dunyakatilim.com.tr/kampanyalar/minycenter,EVET,EVET,KART_KAMPANYASI,KART_KAMPANYASI,KART_KAMPANYASI,ACCEPT,0.96,confirmed_existing_card_campaign
dunya_katilim-125acb444dbe,train,Dünya Katılım Bankası A.Ş.,Touristica.com.tr'de Peşin Fiyatına 9 Taksit Fırsatı!,https://dunyakatilim.com.tr/kampanyalar/touristica,EVET,EVET,KART_KAMPANYASI,KART_KAMPANYASI,KART_KAMPANYASI,ACCEPT,0.96,confirmed_existing_card_campaign
dunya_katilim-d7a6a13e530b,train,Dünya Katılım Bankası A.Ş.,Casper.com.tr'de Peşin Fiyatına 3 Taksit Fırsatı!,https://dunyakatilim.com.tr/kampanyalar/casper-com-tr-de-pesin-fiyatina-6-taksit-firsati,EVET,EVET,KART_KAMPANYASI,KART_KAMPANYASI,KART_KAMPANYASI,ACCEPT,0.96,confirmed_existing_card_campaign
dunya_katilim-729d16202a67,train,Dünya Katılım Bankası A.Ş.,DKart Debit'le Koton’da Harcadıkça Kazanın!,https://dunyakatilim.com.tr/kampanyalar/koton,EVET,EVET,KART_KAMPANYASI,KART_KAMPANYASI,KART_KAMPANYASI,ACCEPT,0.96,confirmed_existing_card_campaign
dunya_katilim-6c4583c0d749,train,Dünya Katılım Bankası A.Ş.,"Dünya Katılım Paraf Kredi Kartı ile Harcamaya Başlayın, Harcadıkça Kazanın!",https://dunyakatilim.com.tr/kampanyalar/paraf,EVET,EVET,DIGER_FINANSMAN,KART_KAMPANYASI,KART_KAMPANYASI,CORRECT,0.98,explicit_card_campaign
dunya_katilim-4046b59632bf,train,Dünya Katılım Bankası A.Ş.,"Paraf Kart’la alışverişe başla, TOD ayrıcalığını ücretsiz yaşa!",https://dunyakatilim.com.tr/kampanyalar/tod-paraf,EVET,EVET,KART_KAMPANYASI,KART_KAMPANYASI,KART_KAMPANYASI,ACCEPT,0.96,confirmed_existing_card_campaign
dunya_katilim-87caa295b399,train,Dünya Katılım Bankası A.Ş.,DKart Debit'le Jack & Jones’da Harcadıkça Kazanın!,https://dunyakatilim.com.tr/kampanyalar/jack-jones,EVET,EVET,KART_KAMPANYASI,KART_KAMPANYASI,KART_KAMPANYASI,ACCEPT,0.96,confirmed_existing_card_campaign
dunya_katilim-d24ceb6f207b,train,Dünya Katılım Bankası A.Ş.,Dünya Katılım,https://dunyakatilim.com.tr/kampanyalar/tahsile-cek,EVET,EVET,DIGER_KAMPANYA,DIGER_KAMPANYA,DIGER_KAMPANYA,ACCEPT,0.94,non_card_campaign
dunya_katilim-709b527c0979,train,Dünya Katılım Bankası A.Ş.,⏰ Kampanya Süresi Dolmuştur! Yeni Müşterilere Özel Altına Altın Hediye Kampanyası!,https://dunyakatilim.com.tr/kampanyalar/fiziki-altin,EVET,EVET,YATIRIM_URUNU,DIGER_KAMPANYA,DIGER_KAMPANYA,CORRECT,0.94,non_card_campaign
dunya_katilim-884e2c918c88,train,Dünya Katılım Bankası A.Ş.,Kur Farkıyla Öndesin!,https://dunyakatilim.com.tr/kampanyalar/avantajli-kurlar,EVET,EVET,DIGER_KAMPANYA,DIGER_KAMPANYA,DIGER_KAMPANYA,ACCEPT,0.94,non_card_campaign
dunya_katilim-5ee3d820d5e7,train,Dünya Katılım Bankası A.Ş.,Dünya Katılım,https://dunyakatilim.com.tr/kampanyalar,HAYIR,HAYIR,DIGER,DIGER,DIGER,MANUAL,0.99,manual_semantic_resolution
dunya_katilim-f44806a668d8,train,Dünya Katılım Bankası A.Ş.,Sermaye Piyasası Ürünleri,https://dunyakatilim.com.tr/kendim-icin/yatirim-urunleri/sermaye-piyasasi-urunleri,HAYIR,HAYIR,YATIRIM_URUNU,YATIRIM_URUNU,YATIRIM_URUNU,ACCEPT,0.96,investment_product
dunya_katilim-6c24d6d8929b,train,Dünya Katılım Bankası A.Ş.,Yatırım Ürünleri,https://dunyakatilim.com.tr/kendim-icin/yatirim-urunleri,HAYIR,HAYIR,YATIRIM_URUNU,YATIRIM_URUNU,YATIRIM_URUNU,ACCEPT,0.96,investment_product
dunya_katilim-361d6341068a,train,Dünya Katılım Bankası A.Ş.,Sermaye Piyasası Ürünleri,https://dunyakatilim.com.tr/isim-icin/yatirim/sermaye-piyasasi-urunleri,HAYIR,HAYIR,YATIRIM_URUNU,YATIRIM_URUNU,YATIRIM_URUNU,ACCEPT,0.96,investment_product
dunya_katilim-23c49527e081,train,Dünya Katılım Bankası A.Ş.,Konut Finansmanı Rehberi: İlk Konut İçin Ne Kadar Finansman Kullanabilirim?,https://dunyakatilim.com.tr/blog/konut-finansmani-rehberi-ilk-konut-icin-ne-kadar-finansman-kullanabilirim,HAYIR,HAYIR,KONUT_FINANSMANI,DIGER,DIGER,CORRECT,0.98,editorial_or_reference_page
dunya_katilim-1d151744d61e,train,Dünya Katılım Bankası A.Ş.,Altın / Gümüş Rasyosu: Kıymetli Maden Yatırımlarında Stratejik Yol Haritası,https://dunyakatilim.com.tr/blog/altin-gumus-rasyosu-kiymetli-maden-yatirimlarinda-stratejik-yol-haritasi,HAYIR,HAYIR,YATIRIM_URUNU,DIGER,DIGER,CORRECT,0.98,editorial_or_reference_page
dunya_katilim-d630d86cae50,train,Dünya Katılım Bankası A.Ş.,Araç Finansmanları,https://dunyakatilim.com.tr/kendim-icin/finansmanlar/arac-finansmanlari,HAYIR,HAYIR,TASIT_FINANSMANI,TASIT_FINANSMANI,TASIT_FINANSMANI,ACCEPT,0.97,vehicle_finance
dunya_katilim-4a42ced8985c,train,Dünya Katılım Bankası A.Ş.,İhtiyaç Finansmanı,https://dunyakatilim.com.tr/kendim-icin/finansmanlar/ihtiyac-finansmani,HAYIR,HAYIR,IHTIYAC_FINANSMANI,IHTIYAC_FINANSMANI,IHTIYAC_FINANSMANI,ACCEPT,0.97,personal_finance
dunya_katilim-cdd39434dce6,train,Dünya Katılım Bankası A.Ş.,Konut Finansmanları,https://dunyakatilim.com.tr/kendim-icin/finansmanlar/konut-finansmanlari,HAYIR,HAYIR,KONUT_FINANSMANI,KONUT_FINANSMANI,KONUT_FINANSMANI,ACCEPT,0.97,housing_finance
dunya_katilim-fe2dae395d00,train,Dünya Katılım Bankası A.Ş.,İhtiyaç Finansmanları,https://dunyakatilim.com.tr/kendim-icin/finansmanlar/ihtiyac-finansmanlari,HAYIR,HAYIR,IHTIYAC_FINANSMANI,IHTIYAC_FINANSMANI,IHTIYAC_FINANSMANI,ACCEPT,0.97,personal_finance
dunya_katilim-42dbfbebfcb5,train,Dünya Katılım Bankası A.Ş.,Araç Finansmanı,https://dunyakatilim.com.tr/kendim-icin/finansmanlar/arac-finansmanlari/arac-finansmani,HAYIR,HAYIR,TASIT_FINANSMANI,TASIT_FINANSMANI,TASIT_FINANSMANI,ACCEPT,0.97,vehicle_finance
dunya_katilim-89c3d8fed62d,train,Dünya Katılım Bankası A.Ş.,Çevre Dostu Araç Finansmanı,https://dunyakatilim.com.tr/kendim-icin/finansmanlar/arac-finansmanlari/cevre-dostu-arac-finansmani,HAYIR,HAYIR,TASIT_FINANSMANI,TASIT_FINANSMANI,TASIT_FINANSMANI,ACCEPT,0.97,vehicle_finance
dunya_katilim-6e3c993fa0ea,train,Dünya Katılım Bankası A.Ş.,Kartlar | Dünya Katılım,https://dunyakatilim.com.tr/kendim-icin/kartlar,HAYIR,HAYIR,KART_URUNU,KART_URUNU,KART_URUNU,MANUAL,0.99,manual_semantic_resolution
dunya_katilim-2d7a23e45c70,train,Dünya Katılım Bankası A.Ş.,Paraf Kredi Kartı,https://dunyakatilim.com.tr/kendim-icin/kartlar/kredi-kartlari/paraf-kredi-karti,HAYIR,HAYIR,DIGER_FINANSMAN,KART_URUNU,KART_URUNU,CORRECT,0.97,card_product
dunya_katilim-c55424a60bfc,train,Dünya Katılım Bankası A.Ş.,Finansman'a Bağlı Ferdi Kaza Sigortası,https://dunyakatilim.com.tr/kendim-icin/sigortalar/hayat-sigortalari/finansmana-bagli-ferdi-kaza-sigortasi,HAYIR,HAYIR,DIGER_FINANSMAN,SIGORTA_TEKAFUL_URUNU,SIGORTA_TEKAFUL_URUNU,CORRECT,0.98,insurance_product
dunya_katilim-be4879f3b02d,train,Dünya Katılım Bankası A.Ş.,Kredi Notu Nedir ve Nasıl Yükseltilir? Finansal Güvenilirliğinizi Artırmanın Yolları,https://dunyakatilim.com.tr/blog/kredi-notu-nedir-ve-nasil-yukseltilir,HAYIR,HAYIR,DIGER_FINANSMAN,DIGER,DIGER,CORRECT,0.98,editorial_or_reference_page
dunya_katilim-f8462c208a97,train,Dünya Katılım Bankası A.Ş.,İlk Maaşınızla Nasıl Yatırım Yapabilirsiniz?,https://dunyakatilim.com.tr/blog/ilk-maasinizla-nasil-yatirim-yapabilirsiniz,HAYIR,HAYIR,YATIRIM_URUNU,DIGER,DIGER,CORRECT,0.98,editorial_or_reference_page
dunya_katilim-3761d6b22342,train,Dünya Katılım Bankası A.Ş.,DKART | Dünya Katılım,https://dunyakatilim.com.tr/kendim-icin/kartlar/banka-kartlari/dkart,HAYIR,HAYIR,KART_URUNU,KART_URUNU,KART_URUNU,ACCEPT,0.97,card_product
dunya_katilim-0a3b4a4f10c5,train,Dünya Katılım Bankası A.Ş.,İşletme Finansmanı,https://dunyakatilim.com.tr/isim-icin/finansmanlar/nakdi-finansman/isletme-finansmani,HAYIR,HAYIR,DIGER_FINANSMAN,TICARI_FINANSMAN,TICARI_FINANSMAN,CORRECT,0.95,commercial_finance
dunya_katilim-b9a7361f9468,train,Dünya Katılım Bankası A.Ş.,Yatırım Hizmet ve Faaliyetleri,https://dunyakatilim.com.tr/politikalarimiz/yatirim-hizmet-ve-faaliyetleri,HAYIR,HAYIR,YATIRIM_URUNU,DIGER,DIGER,MANUAL,0.99,manual_semantic_resolution
dunya_katilim-fcaf847e4853,train,Dünya Katılım Bankası A.Ş.,Dünya Katılım,https://dunyakatilim.com.tr/isim-icin/finansmanlar,HAYIR,HAYIR,DIGER_FINANSMAN,TICARI_FINANSMAN,TICARI_FINANSMAN,CORRECT,0.95,commercial_finance
dunya_katilim-011de66549cb,train,Dünya Katılım Bankası A.Ş.,Teminat Mektupları,https://dunyakatilim.com.tr/isim-icin/finansmanlar/gayri-nakdi-finansman/teminat-mektuplari,HAYIR,HAYIR,DIGER_FINANSMAN,TICARI_FINANSMAN,TICARI_FINANSMAN,CORRECT,0.95,commercial_finance
dunya_katilim-2a177093b4f7,train,Dünya Katılım Bankası A.Ş.,Referans Mektupları,https://dunyakatilim.com.tr/isim-icin/finansmanlar/gayri-nakdi-finansman/referans-mektuplari,HAYIR,HAYIR,DIGER_FINANSMAN,TICARI_FINANSMAN,TICARI_FINANSMAN,CORRECT,0.95,commercial_finance
dunya_katilim-37c9abd759c4,train,Dünya Katılım Bankası A.Ş.,Taksitli Ticari Finansman,https://dunyakatilim.com.tr/isim-icin/finansmanlar/nakdi-finansman/taksitli-ticari-finansman,HAYIR,HAYIR,TICARI_FINANSMAN,TICARI_FINANSMAN,TICARI_FINANSMAN,ACCEPT,0.95,commercial_finance
dunya_katilim-60b1327f15ac,train,Dünya Katılım Bankası A.Ş.,Ticari Kredili Hayat Sigortaları,https://dunyakatilim.com.tr/isim-icin/sigortalar/hayat-sigortalari/ticari-kredili-hayat-sigortalari,HAYIR,HAYIR,TICARI_FINANSMAN,SIGORTA_TEKAFUL_URUNU,SIGORTA_TEKAFUL_URUNU,CORRECT,0.98,insurance_product
dunya_katilim-3b516fa261bb,train,Dünya Katılım Bankası A.Ş.,Gayri Nakdi Finansman,https://dunyakatilim.com.tr/isim-icin/finansmanlar/gayri-nakdi-finansman,HAYIR,HAYIR,DIGER_FINANSMAN,TICARI_FINANSMAN,TICARI_FINANSMAN,CORRECT,0.95,commercial_finance
dunya_katilim-b7666588eea7,train,Dünya Katılım Bankası A.Ş.,Brüt Maaş - Net Maaş Nasıl Hesaplanır? | Dünya Katılım,https://dunyakatilim.com.tr/blog/brut-maas-net-maas-nasil-hesaplanir,HAYIR,HAYIR,DIGER,DIGER,DIGER,ACCEPT,0.98,editorial_or_reference_page
dunya_katilim-273b92bbbd52,train,Dünya Katılım Bankası A.Ş.,Platin Hesapları,https://dunyakatilim.com.tr/kendim-icin/hesaplar/cari-hesaplar/platin-hesaplari,HAYIR,HAYIR,YATIRIM_URUNU,YATIRIM_URUNU,YATIRIM_URUNU,ACCEPT,0.96,investment_product
dunya_katilim-b8f219da3d34,train,Dünya Katılım Bankası A.Ş.,Paladyum Hesapları,https://dunyakatilim.com.tr/kendim-icin/hesaplar/cari-hesaplar/paladyum-hesaplari,HAYIR,HAYIR,YATIRIM_URUNU,YATIRIM_URUNU,YATIRIM_URUNU,ACCEPT,0.96,investment_product
dunya_katilim-0eb52136d812,train,Dünya Katılım Bankası A.Ş.,Altın Hesapları,https://dunyakatilim.com.tr/kendim-icin/altin-bankaciligi/altin-hesaplari,HAYIR,HAYIR,YATIRIM_URUNU,YATIRIM_URUNU,YATIRIM_URUNU,MANUAL,0.99,manual_semantic_resolution
dunya_katilim-0e040c9253a2,train,Dünya Katılım Bankası A.Ş.,Gümüş Hesapları,https://dunyakatilim.com.tr/kendim-icin/hesaplar/cari-hesaplar/gumus-hesaplari,HAYIR,HAYIR,YATIRIM_URUNU,YATIRIM_URUNU,YATIRIM_URUNU,ACCEPT,0.96,investment_product
hayat_finans-74d4dc7ed45e,train,Hayat Finans Katılım Bankası A.Ş.,Ürün ve Hizmet Ücretleri,https://hayatfinans.com.tr/urun-ve-hizmet-ucretleri,HAYIR,HAYIR,DIGER,DIGER,DIGER,ACCEPT,0.98,editorial_or_reference_page
hayat_finans-f99e5ff0e127,train,Hayat Finans Katılım Bankası A.Ş.,Biz Kart Arkadaşını Getir & Kazan,https://hayatfinans.com.tr/kampanyalar/biz-kart-ile-arkadasini-getir-kazan,EVET,EVET,KART_KAMPANYASI,KART_KAMPANYASI,KART_KAMPANYASI,MANUAL,0.99,manual_semantic_resolution
hayat_finans-8b671a148aff,train,Hayat Finans Katılım Bankası A.Ş.,Biz Kart ile Yemek Harcamalarına 1.000 TL’ye Varan Nakit İade!,https://hayatfinans.com.tr/kampanyalar/biz-kart-yemek-harcamasi-nakit-iade-kampanyasi,EVET,EVET,KART_KAMPANYASI,KART_KAMPANYASI,KART_KAMPANYASI,MANUAL,0.99,manual_semantic_resolution
hayat_finans-7f49b22fb7b2,train,Hayat Finans Katılım Bankası A.Ş.,Biz Kart Dijital Üyelikler Kampanyası,https://hayatfinans.com.tr/kampanyalar/dijital-uyeliklerde-geri-odeme-firsati,EVET,EVET,KART_KAMPANYASI,KART_KAMPANYASI,KART_KAMPANYASI,ACCEPT,0.96,confirmed_existing_card_campaign
hayat_finans-3cd5730120a6,train,Hayat Finans Katılım Bankası A.Ş.,Bana Bunu Al İş Ortağım ile Troy Mağazalarında Finansman Fırsatı!,https://hayatfinans.com.tr/kampanyalar/bana-bunu-al-is-ortagim-ile-troy-magaza-firsatlari,EVET,EVET,DIGER_FINANSMAN,DIGER_KAMPANYA,DIGER_KAMPANYA,CORRECT,0.94,non_card_campaign
hayat_finans-d914b7ce3837,train,Hayat Finans Katılım Bankası A.Ş.,Gümüş İşlemleri Hayat FX'te!,https://hayatfinans.com.tr/kampanyalar/hayatfx-ile-gumus-islemleri,EVET,EVET,DIGER_KAMPANYA,DIGER_KAMPANYA,DIGER_KAMPANYA,ACCEPT,0.94,non_card_campaign
hayat_finans-819f56b9d0d4,train,Hayat Finans Katılım Bankası A.Ş.,En Güncel Banka Kampanyaları,https://hayatfinans.com.tr/kampanyalar,EVET,EVET,DIGER_KAMPANYA,DIGER_KAMPANYA,DIGER_KAMPANYA,ACCEPT,0.94,non_card_campaign
hayat_finans-ca029f91ebcb,train,Hayat Finans Katılım Bankası A.Ş.,HFY - Günlük Kazandıran Fon | Hayat Finans,https://hayatfinans.com.tr/yatirim-ve-birikim/hfy-gunluk-kazandiran-fon,HAYIR,HAYIR,YATIRIM_URUNU,YATIRIM_URUNU,YATIRIM_URUNU,MANUAL,0.99,manual_semantic_resolution
hayat_finans-8f1420a1d1fb,train,Hayat Finans Katılım Bankası A.Ş.,Yatırımcı Seviyesi ile Daha Fazla Avantaj Sizi Bekliyor,https://hayatfinans.com.tr/yatirim-ve-birikim/yatirimci-seviye-sistemi,HAYIR,HAYIR,YATIRIM_URUNU,YATIRIM_URUNU,YATIRIM_URUNU,MANUAL,0.99,manual_semantic_resolution
hayat_finans-dc7ba4948d4b,train,Hayat Finans Katılım Bankası A.Ş.,"Harcadıkça Kazan, Cebin Hep Dolu Kalsın!",https://hayatfinans.com.tr/kampanyalar/hayat-finans-ile-gastroclub-ayricaliklari,EVET,EVET,DIGER_KAMPANYA,DIGER_KAMPANYA,DIGER_KAMPANYA,ACCEPT,0.94,non_card_campaign
hayat_finans-cf63a4ace2aa,train,Hayat Finans Katılım Bankası A.Ş.,Kira Sertifikası,https://hayatfinans.com.tr/yatirim-ve-birikim/kira-sertifikasi-yatirim-ve-birikim,HAYIR,HAYIR,YATIRIM_URUNU,YATIRIM_URUNU,YATIRIM_URUNU,ACCEPT,0.96,investment_product
hayat_finans-369d48cd49f9,train,Hayat Finans Katılım Bankası A.Ş.,Hisse Senedi İşlemleri,https://hayatfinans.com.tr/yatirim-ve-birikim/hisse-senedi-islemleri-yatirim-ve-birikim,HAYIR,HAYIR,YATIRIM_URUNU,YATIRIM_URUNU,YATIRIM_URUNU,ACCEPT,0.96,investment_product
hayat_finans-249295a1fe00,train,Hayat Finans Katılım Bankası A.Ş.,Yatırım Fonları,https://hayatfinans.com.tr/yatirim-ve-birikim/yatirim-fonlari-yatirim-ve-birikim,HAYIR,HAYIR,YATIRIM_URUNU,YATIRIM_URUNU,YATIRIM_URUNU,ACCEPT,0.96,investment_product
hayat_finans-798643f9b664,train,Hayat Finans Katılım Bankası A.Ş.,Biz Kart ile Sevdiklerinizin Harcamalarını Yönetin,https://hayatfinans.com.tr/kartlar/biz-kart,HAYIR,HAYIR,KART_URUNU,KART_URUNU,KART_URUNU,ACCEPT,0.97,card_product
hayat_finans-a425564b08ef,train,Hayat Finans Katılım Bankası A.Ş.,Mikro Finansman,https://hayatfinans.com.tr/finansmanlar-is/mikro-finansman,HAYIR,HAYIR,DIGER_FINANSMAN,DIGER_FINANSMAN,DIGER_FINANSMAN,ACCEPT,0.88,other_finance
hayat_finans-e5001890086b,train,Hayat Finans Katılım Bankası A.Ş.,Ticari Finansman,https://hayatfinans.com.tr/finansmanlar-is/ticari-finansman,HAYIR,HAYIR,TICARI_FINANSMAN,TICARI_FINANSMAN,TICARI_FINANSMAN,ACCEPT,0.95,commercial_finance
hayat_finans-d388d39e4ebd,train,Hayat Finans Katılım Bankası A.Ş.,Biz Kart ile Yeni Nesil Aile Bankacılığına Yakından Bakış,https://hayatfinans.com.tr/finansal-kilavuz/biz-kart-ile-yeni-nesil-aile-bankaciligina-yakindan-bakis,HAYIR,HAYIR,KART_URUNU,KART_URUNU,KART_URUNU,MANUAL,0.99,manual_semantic_resolution
hayat_finans-7d08c8bac7af,train,Hayat Finans Katılım Bankası A.Ş.,Çocuklar İçin Hangi Kart Kullanılır? Aileler İçin Güvenli Bir Finansal Başlangıç,https://hayatfinans.com.tr/finansal-kilavuz/cocuklar-icin-hangi-kart-kullanilir-aileler-icin-guvenli-bir-finansal-baslangic,HAYIR,HAYIR,KART_URUNU,DIGER,DIGER,MANUAL,0.99,manual_semantic_resolution
hayat_finans-a479a20c1f6a,train,Hayat Finans Katılım Bankası A.Ş.,Hayat Finans’tan 8 Yaş ve Üzeri Herkes için Dijital & Finansal Yol Arkadaşı: Biz Kart,https://hayatfinans.com.tr/finansal-kilavuz/dijital-finansal-yol-arkadasi-biz-kart,HAYIR,HAYIR,KART_URUNU,KART_URUNU,KART_URUNU,MANUAL,0.99,manual_semantic_resolution
hayat_finans-9144a0c5ec74,train,Hayat Finans Katılım Bankası A.Ş.,Yatırım Psikolojisi: Finansal Kararlarınızı Etkileyen Faktörler,https://hayatfinans.com.tr/finansal-kilavuz/yatirim-psikolojisi-finansal-kararlarinizi-etkileyen-faktorler,HAYIR,HAYIR,YATIRIM_URUNU,DIGER,DIGER,MANUAL,0.99,manual_semantic_resolution
hayat_finans-8c86030e0ba1,train,Hayat Finans Katılım Bankası A.Ş.,Küçük Yatırımcı Nasıl Portföy Oluşturmalı?,https://hayatfinans.com.tr/finansal-kilavuz/kucuk-yatirimci-nasil-portfoy-olusturmali,HAYIR,HAYIR,YATIRIM_URUNU,DIGER,DIGER,MANUAL,0.99,manual_semantic_resolution
hayat_finans-60759acc7a1f,train,Hayat Finans Katılım Bankası A.Ş.,Hayat Finans Mastercard Tüzel Kredi Kartı,https://hayatfinans.com.tr/kartlar-tuzel/hayat-finans-tuzel-kredi-karti,HAYIR,HAYIR,DIGER_FINANSMAN,KART_URUNU,KART_URUNU,CORRECT,0.97,card_product
hayat_finans-530a449684aa,train,Hayat Finans Katılım Bankası A.Ş.,Hayat Finans TROY Tüzel Kredi Kartı,https://hayatfinans.com.tr/kartlar-tuzel/hayat-finans-troy-tuzel-kredi-karti,HAYIR,HAYIR,DIGER_FINANSMAN,KART_URUNU,KART_URUNU,CORRECT,0.97,card_product
hayat_finans-6c4ffe017e04,train,Hayat Finans Katılım Bankası A.Ş.,Bireysel Finansmanlar,https://hayatfinans.com.tr/finansmanlar,HAYIR,HAYIR,DIGER_FINANSMAN,DIGER_FINANSMAN,DIGER_FINANSMAN,ACCEPT,0.88,other_finance
hayat_finans-073c05108f76,train,Hayat Finans Katılım Bankası A.Ş.,Yatırımda Yeni Dönem: Eşitliği Sağlayan Adil ve Kapsayıcı Finans,https://hayatfinans.com.tr/finansal-kilavuz/yatirimda-yeni-donem,HAYIR,HAYIR,YATIRIM_URUNU,DIGER,DIGER,MANUAL,0.99,manual_semantic_resolution
hayat_finans-ddc9363972e9,train,Hayat Finans Katılım Bankası A.Ş.,Yatırım Dünyasında İz Bırakanlar,https://hayatfinans.com.tr/finansal-kilavuz/yatirim-dunyasinda-iz-birakanlar,HAYIR,HAYIR,YATIRIM_URUNU,DIGER,DIGER,MANUAL,0.99,manual_semantic_resolution
hayat_finans-3cd5ae2913cf,train,Hayat Finans Katılım Bankası A.Ş.,Kartlar | Hayat Finans,https://hayatfinans.com.tr/kartlar,HAYIR,HAYIR,KART_URUNU,KART_URUNU,KART_URUNU,MANUAL,0.99,manual_semantic_resolution
hayat_finans-c9855e3772ef,train,Hayat Finans Katılım Bankası A.Ş.,Yatırım Nedir ve Nasıl Yatırım Yapılmalıdır?,https://hayatfinans.com.tr/finansal-kilavuz/yatirim-nedir-ve-nasil-yatirim-yapilmalidir,HAYIR,HAYIR,YATIRIM_URUNU,DIGER,DIGER,MANUAL,0.99,manual_semantic_resolution
hayat_finans-691147b6d76a,train,Hayat Finans Katılım Bankası A.Ş.,Altın Yatırımcılar Tarafından Neden Bu Kadar Çok Tercih Ediliyor?,https://hayatfinans.com.tr/finansal-kilavuz/altin-yatirimcilar-tarafindan-neden-tercih-ediliyor,HAYIR,HAYIR,YATIRIM_URUNU,DIGER,DIGER,MANUAL,0.99,manual_semantic_resolution
hayat_finans-306543d577f7,train,Hayat Finans Katılım Bankası A.Ş.,Bana Bunu Al Alışveriş Kredisi,https://hayatfinans.com.tr/krediler/bana-bunu-al,HAYIR,HAYIR,DIGER_FINANSMAN,IHTIYAC_FINANSMANI,IHTIYAC_FINANSMANI,CORRECT,0.97,personal_finance
hayat_finans-c7c0380b6548,train,Hayat Finans Katılım Bankası A.Ş.,E-Teminat Mektubu,https://hayatfinans.com.tr/finansmanlar-is/e-teminat-mektubu,HAYIR,HAYIR,DIGER_FINANSMAN,TICARI_FINANSMAN,TICARI_FINANSMAN,CORRECT,0.95,commercial_finance
hayat_finans-d58344a93b14,train,Hayat Finans Katılım Bankası A.Ş.,İşletme Finansmanı,https://hayatfinans.com.tr/finansmanlar-is/isletme-finansmani,HAYIR,HAYIR,DIGER_FINANSMAN,TICARI_FINANSMAN,TICARI_FINANSMAN,CORRECT,0.95,commercial_finance
hayat_finans-41225b134b62,train,Hayat Finans Katılım Bankası A.Ş.,Tarihten Gelen Bir Strateji: Değer Yatırımcılığı,https://hayatfinans.com.tr/finansal-kilavuz/deger-yatirimciligi-nedir,HAYIR,HAYIR,YATIRIM_URUNU,DIGER,DIGER,MANUAL,0.99,manual_semantic_resolution
hayat_finans-bba7225fe395,train,Hayat Finans Katılım Bankası A.Ş.,Eğitim Finansmanı Sistemi,https://hayatfinans.com.tr/krediler/hayat-finans-egitim-finansmani-sistemi,HAYIR,HAYIR,IHTIYAC_FINANSMANI,IHTIYAC_FINANSMANI,IHTIYAC_FINANSMANI,ACCEPT,0.97,personal_finance
hayat_finans-b8d3f657cdb3,train,Hayat Finans Katılım Bankası A.Ş.,Dünya Borsalarında Katılım Esaslı Yatırım Nasıl Yapılır?,https://hayatfinans.com.tr/finansal-kilavuz/dunya-borsalarinda-katilim-esasli-yatirim-nasil-yapiliir,HAYIR,HAYIR,YATIRIM_URUNU,DIGER,DIGER,MANUAL,0.99,manual_semantic_resolution
hayat_finans-601b497c9159,train,Hayat Finans Katılım Bankası A.Ş.,Krediler | Hayat Finans,https://hayatfinans.com.tr/krediler,HAYIR,HAYIR,DIGER_FINANSMAN,DIGER_FINANSMAN,DIGER_FINANSMAN,ACCEPT,0.88,other_finance
hayat_finans-ea1acfd3959f,train,Hayat Finans Katılım Bankası A.Ş.,Yatırım ve Hazine,https://hayatfinans.com.tr/yatirim-ve-hazine,HAYIR,HAYIR,YATIRIM_URUNU,YATIRIM_URUNU,YATIRIM_URUNU,MANUAL,0.99,manual_semantic_resolution
hayat_finans-42038e71a5c9,train,Hayat Finans Katılım Bankası A.Ş.,Bana Bunu Al İş Ortağım,https://hayatfinans.com.tr/finansmanlar/bana-bunu-al-is-ortagim,HAYIR,HAYIR,DIGER_FINANSMAN,DIGER_FINANSMAN,DIGER_FINANSMAN,ACCEPT,0.88,other_finance
hayat_finans-09b090a5019d,train,Hayat Finans Katılım Bankası A.Ş.,Altın Fonları ile Altın Yatırımı Yapmanın Avantajları,https://hayatfinans.com.tr/finansal-kilavuz/altin-fonlari-ile-altin-yatirimi-yapmanin-avantajlari,HAYIR,HAYIR,YATIRIM_URUNU,DIGER,DIGER,MANUAL,0.99,manual_semantic_resolution
hayat_finans-32044ced25eb,train,Hayat Finans Katılım Bankası A.Ş.,Yatırımın Geleceğinde Yapay Zeka Etkisi,https://hayatfinans.com.tr/finansal-kilavuz/yatirimin-geleceginde-yapay-zeka-etkisi,HAYIR,HAYIR,YATIRIM_URUNU,DIGER,DIGER,MANUAL,0.99,manual_semantic_resolution
hayat_finans-64790d305f33,train,Hayat Finans Katılım Bankası A.Ş.,Finansal Tablolar ve Yatırım Kararlarında Rolü,https://hayatfinans.com.tr/finansal-kilavuz/finansal-tablolar-ve-yatirim-kararlarinda-rolu,HAYIR,HAYIR,YATIRIM_URUNU,DIGER,DIGER,MANUAL,0.99,manual_semantic_resolution
hayat_finans-edb7ee7a829e,train,Hayat Finans Katılım Bankası A.Ş.,Hayat Finans Banka Kartı,https://hayatfinans.com.tr/kartlar/hayat-finans-banka-karti,HAYIR,HAYIR,KART_URUNU,KART_URUNU,KART_URUNU,ACCEPT,0.97,card_product
hayat_finans-04eebfd5e8c7,train,Hayat Finans Katılım Bankası A.Ş.,1 Günlük Avantajlı Hesap,https://hayatfinans.com.tr/hesaplar/avantajli-gunluk-hesap,HAYIR,HAYIR,KATILMA_HESABI,KATILMA_HESABI,KATILMA_HESABI,ACCEPT,0.96,participation_account
hayat_finans-8230fc99e9e5,train,Hayat Finans Katılım Bankası A.Ş.,Yüksek Kâr Paylı Avantajlı Katılma Hesabı,https://hayatfinans.com.tr/hesaplar/avantajli-hesap,HAYIR,HAYIR,KATILMA_HESABI,KATILMA_HESABI,KATILMA_HESABI,ACCEPT,0.96,participation_account
hayat_finans-41f99cedd419,train,Hayat Finans Katılım Bankası A.Ş.,Katılma Hesabı Başvurusu,https://hayatfinans.com.tr/hesaplar/katilma-hesabi/katilma-hesabi-basvurusu,HAYIR,HAYIR,KATILMA_HESABI,KATILMA_HESABI,KATILMA_HESABI,MANUAL,0.99,manual_semantic_resolution
hayat_finans-51c6a4fe122d,train,Hayat Finans Katılım Bankası A.Ş.,Faizsiz Birikim Nasıl Yapılır? İslami Finans İlkelerine Uygun Tasarruf Rehberi,https://hayatfinans.com.tr/finansal-kilavuz/faizsiz-birikim-nasil-yapilir,HAYIR,HAYIR,DIGER,DIGER,DIGER,MANUAL,0.99,manual_semantic_resolution
hayat_finans-255935a02efc,train,Hayat Finans Katılım Bankası A.Ş.,Vadeli ve Vadesiz Hesaplar: Doğru Tercih Nasıl Yapılır?,https://hayatfinans.com.tr/finansal-kilavuz/vadeli-ve-vadesiz-hesaplar-ne-demek,HAYIR,HAYIR,DIGER,DIGER,DIGER,ACCEPT,0.98,editorial_or_reference_page
hayat_finans-338aa37f868e,train,Hayat Finans Katılım Bankası A.Ş.,Bireysel Tasarruf Nasıl Yapılır? Etkili Yöntemler,https://hayatfinans.com.tr/finansal-kilavuz/bireysel-tasarruf-nasil-yapilir-etkili-yontemler,HAYIR,HAYIR,DIGER,DIGER,DIGER,MANUAL,0.99,manual_semantic_resolution
kuveyt_turk-9a4c822ace07,train,Kuveyt Türk Katılım Bankası A.Ş.,Ara Dönem Kâr Payı Ödemeli Hesaplar,https://www.kuveytturk.com.tr/kendim-icin/hesaplar/katilma-hesaplari/ara-donem-kar-payi-odemeli-hesaplar,HAYIR,HAYIR,ODEME_TRANSFER_HIZMETI,KATILMA_HESABI,KATILMA_HESABI,CORRECT,0.96,participation_account
kuveyt_turk-1208d74801d9,train,Kuveyt Türk Katılım Bankası A.Ş.,"PLUS1000 Kodu ile Hesap Açın, Hemen Business Plus Kart’a Başvurun!",https://www.kuveytturk.com.tr/trendyol-kampanyalari/qr-kodu-taratin-hemen-business-plus-karta-basvurun,HAYIR,EVET,KART_URUNU,KART_KAMPANYASI,KART_KAMPANYASI,MANUAL,0.99,manual_semantic_resolution
kuveyt_turk-b5cb2ca0d03e,train,Kuveyt Türk Katılım Bankası A.Ş.,Kart Kampanyaları,https://www.kuveytturk.com.tr/kampanyalar/kendim-icin/kart-kampanyalari,EVET,EVET,KART_KAMPANYASI,KART_KAMPANYASI,KART_KAMPANYASI,ACCEPT,0.96,confirmed_existing_card_campaign
kuveyt_turk-97b3a1d90b70,train,Kuveyt Türk Katılım Bankası A.Ş.,Finansman Kampanyaları,https://www.kuveytturk.com.tr/kampanyalar/kendim-icin/finansman-kampanyalari,EVET,EVET,DIGER_FINANSMAN,DIGER_KAMPANYA,DIGER_KAMPANYA,CORRECT,0.94,non_card_campaign
kuveyt_turk-6b1430f84ae7,train,Kuveyt Türk Katılım Bankası A.Ş.,Barçın Spor’da 4 Taksit Fırsatı!,https://www.kuveytturk.com.tr/kampanyalar/kendim-icin/kart-kampanyalari/barcin-sporda-4-taksit-firsati,EVET,EVET,KART_KAMPANYASI,KART_KAMPANYASI,KART_KAMPANYASI,ACCEPT,0.96,confirmed_existing_card_campaign
kuveyt_turk-2f4f3a7d6264,train,Kuveyt Türk Katılım Bankası A.Ş.,Bella Maison'da %25 İndirim Fırsatı!,https://www.kuveytturk.com.tr/kampanyalar/kendim-icin/kart-kampanyalari/bella-maisonda-25-indirim-firsati,EVET,EVET,KART_KAMPANYASI,KART_KAMPANYASI,KART_KAMPANYASI,ACCEPT,0.96,confirmed_existing_card_campaign
kuveyt_turk-0e48e4cd0d6f,train,Kuveyt Türk Katılım Bankası A.Ş.,Weltew’de 9 Aya Varan Taksit Fırsatı!,https://www.kuveytturk.com.tr/kampanyalar/kendim-icin/kart-kampanyalari/weltewde-9-aya-varan-taksit-firsati,EVET,EVET,KART_KAMPANYASI,KART_KAMPANYASI,KART_KAMPANYASI,ACCEPT,0.96,confirmed_existing_card_campaign
kuveyt_turk-f4b084930093,train,Kuveyt Türk Katılım Bankası A.Ş.,Lazzoni’de 9 Aya Varan Taksit Fırsatı!,https://www.kuveytturk.com.tr/kampanyalar/kendim-icin/kart-kampanyalari/lazzonide-9-aya-varan-taksit-firsati,EVET,EVET,KART_KAMPANYASI,KART_KAMPANYASI,KART_KAMPANYASI,ACCEPT,0.96,confirmed_existing_card_campaign
kuveyt_turk-d3eb0a671024,train,Kuveyt Türk Katılım Bankası A.Ş.,Gürgençler'de 9 Aya Varan Taksit İmkanı!,https://www.kuveytturk.com.tr/kampanyalar/kendim-icin/kart-kampanyalari/gurgenclerde-9-aya-varan-taksit-imkani,EVET,EVET,KART_KAMPANYASI,KART_KAMPANYASI,KART_KAMPANYASI,ACCEPT,0.96,confirmed_existing_card_campaign
kuveyt_turk-0751c2d90a2b,train,Kuveyt Türk Katılım Bankası A.Ş.,Sağlık Harcamalarınıza 5 Taksit İmkanı,https://www.kuveytturk.com.tr/kampanyalar/kendim-icin/kart-kampanyalari/saglik-harcamalariniza-5-taksit-imkani,EVET,EVET,KART_KAMPANYASI,KART_KAMPANYASI,KART_KAMPANYASI,ACCEPT,0.96,confirmed_existing_card_campaign
kuveyt_turk-b6f9f5e72db2,train,Kuveyt Türk Katılım Bankası A.Ş.,Eğitim Harcamalarınıza 5 Taksit İmkanı,https://www.kuveytturk.com.tr/kampanyalar/kendim-icin/kart-kampanyalari/egitim-harcamalariniza-5-taksit-imkani,EVET,EVET,KART_KAMPANYASI,KART_KAMPANYASI,KART_KAMPANYASI,ACCEPT,0.96,confirmed_existing_card_campaign
kuveyt_turk-31e028f7f3ff,train,Kuveyt Türk Katılım Bankası A.Ş.,İşbir Yatak ile 6’ya Varan Taksit İmkanı!,https://www.kuveytturk.com.tr/kampanyalar/kendim-icin/kart-kampanyalari/isbir-yatak-ile-6ya-varan-taksit-imkani,EVET,EVET,KART_KAMPANYASI,KART_KAMPANYASI,KART_KAMPANYASI,ACCEPT,0.96,confirmed_existing_card_campaign
kuveyt_turk-bcd8184de720,train,Kuveyt Türk Katılım Bankası A.Ş.,İdefix'te 3.000 TL'ye Varan İndirim Fırsatı!,https://www.kuveytturk.com.tr/kampanyalar/kendim-icin/kart-kampanyalari/idefixte-3000-tlye-varan-indirim-firsati,EVET,EVET,KART_KAMPANYASI,KART_KAMPANYASI,KART_KAMPANYASI,ACCEPT,0.96,confirmed_existing_card_campaign
kuveyt_turk-05738afe6e71,train,Kuveyt Türk Katılım Bankası A.Ş.,Kuba Motor’da 12 Aya Varan Taksit Fırsatı!,https://www.kuveytturk.com.tr/kampanyalar/kendim-icin/kart-kampanyalari/kuba-motorda-12-aya-varan-taksit-firsati,EVET,EVET,KART_KAMPANYASI,KART_KAMPANYASI,KART_KAMPANYASI,ACCEPT,0.96,confirmed_existing_card_campaign
kuveyt_turk-23402864e008,train,Kuveyt Türk Katılım Bankası A.Ş.,Konyalı Saat ile 7 Aya Varan Taksit İmkanı!,https://www.kuveytturk.com.tr/kampanyalar/kendim-icin/kart-kampanyalari/konyali-saat-ile-7-aya-varan-taksit-imkani,EVET,EVET,KART_KAMPANYASI,KART_KAMPANYASI,KART_KAMPANYASI,ACCEPT,0.96,confirmed_existing_card_campaign
kuveyt_turk-6fe1cfa7ed17,train,Kuveyt Türk Katılım Bankası A.Ş.,Yolcu360'ta Araç Kiralamada İndirim Fırsatı!,https://www.kuveytturk.com.tr/kampanyalar/kendim-icin/kart-kampanyalari/yolcu360ta-arac-kiralamada-indirim-firsati,EVET,EVET,KART_KAMPANYASI,KART_KAMPANYASI,KART_KAMPANYASI,ACCEPT,0.96,confirmed_existing_card_campaign
kuveyt_turk-f7ad3ea3b31a,train,Kuveyt Türk Katılım Bankası A.Ş.,Hisse Senedi İşlemleriniz Mil'lere Dönüşsün,https://www.kuveytturk.com.tr/kampanyalar/kendim-icin/kart-kampanyalari/hisse-senedi-islemleriniz-millere-donussun,EVET,EVET,YATIRIM_URUNU,DIGER_KAMPANYA,DIGER_KAMPANYA,CORRECT,0.94,non_card_campaign
kuveyt_turk-3c2f1e72c1b4,train,Kuveyt Türk Katılım Bankası A.Ş.,Tarımda Kuveyt Türk ile Büyüme Zamanı!,https://www.kuveytturk.com.tr/kampanyalar/kendim-icin/finansman-kampanyalari/tarimda-kuveyt-turk-ile-buyume-zamani,EVET,EVET,DIGER_FINANSMAN,DIGER_KAMPANYA,DIGER_KAMPANYA,CORRECT,0.94,non_card_campaign
kuveyt_turk-27880adb2b37,train,Kuveyt Türk Katılım Bankası A.Ş.,Almila Mobilya’da 9 Aya Varan Taksit Fırsatı!,https://www.kuveytturk.com.tr/kampanyalar/kendim-icin/kart-kampanyalari/almila-mobilyada-9-aya-varan-taksit-firsati,EVET,EVET,KART_KAMPANYASI,KART_KAMPANYASI,KART_KAMPANYASI,ACCEPT,0.96,confirmed_existing_card_campaign
kuveyt_turk-ba69b8aeda7e,train,Kuveyt Türk Katılım Bankası A.Ş.,Kuveyt Türk’ten KFK Destekli Yatırım Finansmanı!,https://www.kuveytturk.com.tr/kampanyalar/isim-icin/kobi-kampanyalari/kuveyt-turkten-kfk-destekli-yatirim-finansmani,EVET,EVET,DIGER_FINANSMAN,DIGER_KAMPANYA,DIGER_KAMPANYA,CORRECT,0.94,non_card_campaign
kuveyt_turk-d8b8cb4d77c6,train,Kuveyt Türk Katılım Bankası A.Ş.,Wome Deluxe Hotel’de 9 Aya Varan Taksit Fırsatı!,https://www.kuveytturk.com.tr/kampanyalar/kendim-icin/kart-kampanyalari/wome-deluxe-hotelde-9-aya-varan-taksit-firsati,EVET,EVET,KART_KAMPANYASI,KART_KAMPANYASI,KART_KAMPANYASI,ACCEPT,0.96,confirmed_existing_card_campaign
kuveyt_turk-4ed573441e66,train,Kuveyt Türk Katılım Bankası A.Ş.,Monster Notebook'ta 12 Aya Varan Taksit Fırsatı!,https://www.kuveytturk.com.tr/kampanyalar/kendim-icin/kart-kampanyalari/monster-notebookta-12-aya-varan-taksit-firsati,EVET,EVET,KART_KAMPANYASI,KART_KAMPANYASI,KART_KAMPANYASI,ACCEPT,0.96,confirmed_existing_card_campaign
kuveyt_turk-72c59f2d3d50,train,Kuveyt Türk Katılım Bankası A.Ş.,Fakir’de Vade Farksız 3 Aya Varan Taksit Fırsatı,https://www.kuveytturk.com.tr/kampanyalar/kendim-icin/kart-kampanyalari/fakirde-vade-farksiz-3-aya-varan-taksit-firsati,EVET,EVET,KART_KAMPANYASI,KART_KAMPANYASI,KART_KAMPANYASI,ACCEPT,0.96,confirmed_existing_card_campaign
kuveyt_turk-ce7b1a8a6656,train,Kuveyt Türk Katılım Bankası A.Ş.,Ramsey’de Vade Farksız 4 Aya Varan Taksit Fırsatı!,https://www.kuveytturk.com.tr/kampanyalar/kendim-icin/kart-kampanyalari/ramseyde-vade-farksiz-4-aya-varan-taksit-firsati,EVET,EVET,KART_KAMPANYASI,KART_KAMPANYASI,KART_KAMPANYASI,ACCEPT,0.96,confirmed_existing_card_campaign
kuveyt_turk-b561276adeda,train,Kuveyt Türk Katılım Bankası A.Ş.,Kiğılı’da Vade Farksız 4 Aya Varan Taksit Fırsatı!,https://www.kuveytturk.com.tr/kampanyalar/kendim-icin/kart-kampanyalari/kigilida-vade-farksiz-4-aya-varan-taksit-firsati,EVET,EVET,KART_KAMPANYASI,KART_KAMPANYASI,KART_KAMPANYASI,ACCEPT,0.96,confirmed_existing_card_campaign
kuveyt_turk-61640905355d,train,Kuveyt Türk Katılım Bankası A.Ş.,Koçtaş’ta Vade Farksız 6 Aya Varan Taksit Fırsatı!,https://www.kuveytturk.com.tr/kampanyalar/kendim-icin/kart-kampanyalari/koctasta-vade-farksiz-6-aya-varan-taksit-firsati,EVET,EVET,KART_KAMPANYASI,KART_KAMPANYASI,KART_KAMPANYASI,ACCEPT,0.96,confirmed_existing_card_campaign
kuveyt_turk-1be048d318e7,train,Kuveyt Türk Katılım Bankası A.Ş.,Beymen’de Vade Farksız 4 Aya Varan Taksit Fırsatı,https://www.kuveytturk.com.tr/kampanyalar/kendim-icin/kart-kampanyalari/beymende-vade-farksiz-4-aya-varan-taksit-firsati,EVET,EVET,KART_KAMPANYASI,KART_KAMPANYASI,KART_KAMPANYASI,ACCEPT,0.96,confirmed_existing_card_campaign
kuveyt_turk-2dddae7c13e1,train,Kuveyt Türk Katılım Bankası A.Ş.,Aradığınız sayfaya ulaşılamıyor,https://www.kuveytturk.com.tr/kampanyalar/kendim-icin/kart-kampanyalari/konforda-vade-farksiz-9-aya-varan-taksit-firsati,EVET,EVET,KART_KAMPANYASI,KART_KAMPANYASI,KART_KAMPANYASI,ACCEPT,0.96,confirmed_existing_card_campaign
kuveyt_turk-d656cc7017c2,train,Kuveyt Türk Katılım Bankası A.Ş.,Kuveyt Türk'lülere Windy Car'da %30 İndirim Fırsatı!,https://www.kuveytturk.com.tr/kampanyalar/kendim-icin/kart-kampanyalari/kuveyt-turklulere-windy-carda-30-indirim-firsati,EVET,EVET,KART_KAMPANYASI,KART_KAMPANYASI,KART_KAMPANYASI,ACCEPT,0.96,confirmed_existing_card_campaign
kuveyt_turk-f41808b16dd9,train,Kuveyt Türk Katılım Bankası A.Ş.,Colin’s’de Vade Farksız 4 Aya Varan Taksit Fırsatı,https://www.kuveytturk.com.tr/kampanyalar/kendim-icin/kart-kampanyalari/colinsde-vade-farksiz-4-aya-varan-taksit-firsati,EVET,EVET,KART_KAMPANYASI,KART_KAMPANYASI,KART_KAMPANYASI,ACCEPT,0.96,confirmed_existing_card_campaign
kuveyt_turk-98b771153f24,train,Kuveyt Türk Katılım Bankası A.Ş.,Korayspor ile Vade Farksız 4'e Varan Taksit İmkanı!,https://www.kuveytturk.com.tr/kampanyalar/kendim-icin/kart-kampanyalari/korayspor-ile-vade-farksiz-4e-varan-taksit-imkani,EVET,EVET,KART_KAMPANYASI,KART_KAMPANYASI,KART_KAMPANYASI,ACCEPT,0.96,confirmed_existing_card_campaign
kuveyt_turk-24f507c051df,train,Kuveyt Türk Katılım Bankası A.Ş.,Sağlam Kart Sahipleri Halalbooking'de de Avantajlı!,https://www.kuveytturk.com.tr/kampanyalar/kendim-icin/kart-kampanyalari/saglam-kart-sahipleri-halalbookingde-de-avantajli,EVET,EVET,KART_KAMPANYASI,KART_KAMPANYASI,KART_KAMPANYASI,ACCEPT,0.96,confirmed_existing_card_campaign
kuveyt_turk-7c9bea9e8dca,train,Kuveyt Türk Katılım Bankası A.Ş.,Hantech’de Vade Farksız 9 Aya Varan Taksit Fırsatı!,https://www.kuveytturk.com.tr/kampanyalar/kendim-icin/kart-kampanyalari/hantechde-vade-farksiz-9-aya-varan-taksit-firsati,EVET,EVET,KART_KAMPANYASI,KART_KAMPANYASI,KART_KAMPANYASI,ACCEPT,0.96,confirmed_existing_card_campaign
kuveyt_turk-5acf732b1452,train,Kuveyt Türk Katılım Bankası A.Ş.,EasyCep‘te Vade Farksız 9 Aya Varan Taksit Fırsatı!,https://www.kuveytturk.com.tr/kampanyalar/kendim-icin/kart-kampanyalari/easycepte-vade-farksiz-9-aya-varan-taksit-firsati,EVET,EVET,KART_KAMPANYASI,KART_KAMPANYASI,KART_KAMPANYASI,ACCEPT,0.96,confirmed_existing_card_campaign
kuveyt_turk-7cfc37bd97f6,train,Kuveyt Türk Katılım Bankası A.Ş.,Columbia’da Vade Farksız 6 Aya Varan Taksit Fırsatı,https://www.kuveytturk.com.tr/kampanyalar/kendim-icin/kart-kampanyalari/columbiada-vade-farksiz-6-aya-varan-taksit-firsati,EVET,EVET,KART_KAMPANYASI,KART_KAMPANYASI,KART_KAMPANYASI,ACCEPT,0.96,confirmed_existing_card_campaign
kuveyt_turk-4025ce91f517,train,Kuveyt Türk Katılım Bankası A.Ş.,Divarese’de Vade Farksız 4 Aya Varan Taksit Fırsatı!,https://www.kuveytturk.com.tr/kampanyalar/kendim-icin/kart-kampanyalari/divaresede-vade-farksiz-4-aya-varan-taksit-firsati,EVET,EVET,KART_KAMPANYASI,KART_KAMPANYASI,KART_KAMPANYASI,ACCEPT,0.96,confirmed_existing_card_campaign
kuveyt_turk-fb41ef94c583,train,Kuveyt Türk Katılım Bankası A.Ş.,Eğitim ve Sağlık Harcamalarınızda 5 Taksit Fırsatı!,https://www.kuveytturk.com.tr/kampanyalar/kendim-icin/kart-kampanyalari/egitim-ve-saglik-harcamalarinizda-5-taksit-firsati,EVET,EVET,KART_KAMPANYASI,KART_KAMPANYASI,KART_KAMPANYASI,ACCEPT,0.96,confirmed_existing_card_campaign
kuveyt_turk-674da0b75ca1,train,Kuveyt Türk Katılım Bankası A.Ş.,Kuveyt Türk ile E-İhracat Gönderilerinizde Mil Kazanın!,https://www.kuveytturk.com.tr/kampanyalar/isim-icin/kart-kampanyalari/kuveyt-turk-ile-e-ihracat-gonderilerinizde-mil-kazanin,EVET,EVET,KART_KAMPANYASI,KART_KAMPANYASI,KART_KAMPANYASI,ACCEPT,0.96,confirmed_existing_card_campaign
kuveyt_turk-177aa5f28162,train,Kuveyt Türk Katılım Bankası A.Ş.,Yenilio'ya Özel Vade Farksız 12'ye Varan Taksit İmkanı!,https://www.kuveytturk.com.tr/kampanyalar/kendim-icin/kart-kampanyalari/yenilioya-ozel-vade-farksiz-12ye-varan-taksit-imkani,EVET,EVET,KART_KAMPANYASI,KART_KAMPANYASI,KART_KAMPANYASI,ACCEPT,0.96,confirmed_existing_card_campaign
kuveyt_turk-1a902b318ace,train,Kuveyt Türk Katılım Bankası A.Ş.,Saat&Saat Alışverişlerinizde 5'e Varan Taksit İmkanı!,https://www.kuveytturk.com.tr/kampanyalar/kendim-icin/kart-kampanyalari/saatandsaat-alisverislerinizde-5e-varan-taksit-imkani,EVET,EVET,KART_KAMPANYASI,KART_KAMPANYASI,KART_KAMPANYASI,ACCEPT,0.96,confirmed_existing_card_campaign
kuveyt_turk-a1936b77f5a3,train,Kuveyt Türk Katılım Bankası A.Ş.,"Proemtia Sağlam Bayi Kart: Tedarikte Güç, Ödemede Esneklik!",https://www.kuveytturk.com.tr/kampanyalar/isim-icin/kart-kampanyalari/proemtia-saglam-bayi-kart-tedarikte-guc-odemede-esneklik,EVET,EVET,KART_KAMPANYASI,KART_KAMPANYASI,KART_KAMPANYASI,ACCEPT,0.96,confirmed_existing_card_campaign
kuveyt_turk-4a6baee64eb0,train,Kuveyt Türk Katılım Bankası A.Ş.,Lastikcim.com'da Vade Farksız 6 Aya Varan Taksit Fırsatı!,https://www.kuveytturk.com.tr/kampanyalar/kendim-icin/kart-kampanyalari/lastikcimcomda-vade-farksiz-6-aya-varan-taksit-firsati,EVET,EVET,KART_KAMPANYASI,KART_KAMPANYASI,KART_KAMPANYASI,ACCEPT,0.96,confirmed_existing_card_campaign
kuveyt_turk-e84abb83f41a,train,Kuveyt Türk Katılım Bankası A.Ş.,Miles&Smiles Business Kart QR Ödeme ile Ekstra 4.000 Mil!,https://www.kuveytturk.com.tr/kampanyalar/isim-icin/kart-kampanyalari/milesandsmiles-business-kart-qr-odeme-ile-ekstra-4000-mil,EVET,EVET,KART_KAMPANYASI,KART_KAMPANYASI,KART_KAMPANYASI,ACCEPT,0.96,confirmed_existing_card_campaign
kuveyt_turk-43cf1d1f0926,train,Kuveyt Türk Katılım Bankası A.Ş.,Kuveyt Türk Mobil'den Pratik BES planınıza 2000 TL Hediye!,https://www.kuveytturk.com.tr/kampanyalar/kendim-icin/kart-kampanyalari/kuveyt-turk-mobilden-pratik-bes-planiniza-2000-tl-hediye,EVET,EVET,KART_KAMPANYASI,KART_KAMPANYASI,KART_KAMPANYASI,ACCEPT,0.96,confirmed_existing_card_campaign
kuveyt_turk-d9064acda8bd,train,Kuveyt Türk Katılım Bankası A.Ş.,E-Ticaret Pazaryeri Satıcılarına Özel Vade Farksız 3 Taksit!,https://www.kuveytturk.com.tr/kampanyalar/isim-icin/kart-kampanyalari/e-ticaret-pazaryeri-saticilarina-ozel-vade-farksiz-3-taksit,EVET,EVET,KART_KAMPANYASI,KART_KAMPANYASI,KART_KAMPANYASI,ACCEPT,0.96,confirmed_existing_card_campaign
kuveyt_turk-50b4567cf65c,train,Kuveyt Türk Katılım Bankası A.Ş.,Gündoğdu Mobilya’da Vade Farksız 9 Aya Varan Taksit Fırsatı!,https://www.kuveytturk.com.tr/kampanyalar/kendim-icin/kart-kampanyalari/gundogdu-mobilyada-vade-farksiz-9-aya-varan-taksit-firsati,EVET,EVET,KART_KAMPANYASI,KART_KAMPANYASI,KART_KAMPANYASI,ACCEPT,0.96,confirmed_existing_card_campaign
kuveyt_turk-99574cafd3bc,train,Kuveyt Türk Katılım Bankası A.Ş.,Toptancı Harcamalarınıza Her Ay Ekstra 5.000 Mil'e Varan Fırsat!,https://www.kuveytturk.com.tr/kampanyalar/isim-icin/kart-kampanyalari/toptanci-harcamalariniza-her-ay-ekstra-5000-mile-varan-firsat,EVET,EVET,KART_KAMPANYASI,KART_KAMPANYASI,KART_KAMPANYASI,ACCEPT,0.96,confirmed_existing_card_campaign
kuveyt_turk-d0be9d27b81e,train,Kuveyt Türk Katılım Bankası A.Ş.,Akaryakıt Harcamalarınıza Her Ay Ekstra 2.000 Mil'e Varan Fırsat!,https://www.kuveytturk.com.tr/kampanyalar/isim-icin/kart-kampanyalari/akaryakit-harcamalariniza-her-ay-ekstra-2000-mile-varan-firsat,EVET,EVET,KART_KAMPANYASI,KART_KAMPANYASI,KART_KAMPANYASI,ACCEPT,0.96,confirmed_existing_card_campaign
kuveyt_turk-2edf97841165,train,Kuveyt Türk Katılım Bankası A.Ş.,E-Ticaret Harcamalarınıza Her Ay Ekstra 2.000 Mil'e Varan Fırsat!,https://www.kuveytturk.com.tr/kampanyalar/isim-icin/kart-kampanyalari/e-ticaret-harcamalariniza-her-ay-ekstra-2000-mile-varan-firsat,EVET,EVET,KART_KAMPANYASI,KART_KAMPANYASI,KART_KAMPANYASI,ACCEPT,0.96,confirmed_existing_card_campaign
kuveyt_turk-27d40e2e0e9e,train,Kuveyt Türk Katılım Bankası A.Ş.,Sağlam Tohum Kart QR Ödeme ile 2.000 TL' ye Varan İndirim Fırsatı!,https://www.kuveytturk.com.tr/kampanyalar/isim-icin/kart-kampanyalari/saglam-tohum-kart-qr-odeme-ile-2000-tl-ye-varan-indirim-firsati,EVET,EVET,KART_KAMPANYASI,KART_KAMPANYASI,KART_KAMPANYASI,ACCEPT,0.96,confirmed_existing_card_campaign
kuveyt_turk-f78aa110d22d,train,Kuveyt Türk Katılım Bankası A.Ş.,Brandy’s Mağazalarında Vade Farksız 3 Aya Varan Taksit Fırsatı,https://www.kuveytturk.com.tr/kampanyalar/kendim-icin/kart-kampanyalari/brandys-magazalarinda-vade-farksiz-3-aya-varan-taksit-firsati,EVET,EVET,KART_KAMPANYASI,KART_KAMPANYASI,KART_KAMPANYASI,ACCEPT,0.96,confirmed_existing_card_campaign
kuveyt_turk-7ce93dd3efdf,train,Kuveyt Türk Katılım Bankası A.Ş.,Diyanet Umre Finansmanı ile Vade Farksız 3 Taksit İmkanı!,https://www.kuveytturk.com.tr/kampanyalar/kendim-icin/finansman-kampanyalari/diyanet-umre-finansmani-ile-vade-farksiz-3-taksit-imkani,EVET,EVET,DIGER_FINANSMAN,DIGER_KAMPANYA,DIGER_KAMPANYA,CORRECT,0.94,non_card_campaign
kuveyt_turk-424da5c1056a,train,Kuveyt Türk Katılım Bankası A.Ş.,Starwood Yapı Market’te Vade Farksız 3 Aya Varan Taksit Fırsatı!,https://www.kuveytturk.com.tr/kampanyalar/kendim-icin/kart-kampanyalari/starwood-yapi-markette-vade-farksiz-3-aya-varan-taksit-firsati,EVET,EVET,KART_KAMPANYASI,KART_KAMPANYASI,KART_KAMPANYASI,ACCEPT,0.96,confirmed_existing_card_campaign
kuveyt_turk-e29499462e0c,train,Kuveyt Türk Katılım Bankası A.Ş.,Sağlam Business Kart QR Ödeme ile 4.000 TL' ye Varan Altın Puan Fırsatı!,https://www.kuveytturk.com.tr/kampanyalar/isim-icin/kart-kampanyalari/saglam-business-kart-qr-odeme-ile-4000-tl-ye-varan-altin-puan-firsati,EVET,EVET,YATIRIM_URUNU,KART_KAMPANYASI,KART_KAMPANYASI,CORRECT,0.98,explicit_card_campaign
kuveyt_turk-d8a96d1a1c49,train,Kuveyt Türk Katılım Bankası A.Ş.,Lajivert ve Ritmik Mobilya’da Vade Farksız 9 Aya Varan Taksit Fırsatı,https://www.kuveytturk.com.tr/kampanyalar/kendim-icin/kart-kampanyalari/lajivert-ve-ritmik-mobilyada-vade-farksiz-9-aya-varan-taksit-firsati,EVET,EVET,KART_KAMPANYASI,KART_KAMPANYASI,KART_KAMPANYASI,ACCEPT,0.96,confirmed_existing_card_campaign
kuveyt_turk-12f827344e00,train,Kuveyt Türk Katılım Bankası A.Ş.,Yeni Sağlam Kart Troy'lulara Özel Vade Farksız 5 Aya Varan Taksit İmkanı!,https://www.kuveytturk.com.tr/kampanyalar/kendim-icin/kart-kampanyalari/yeni-saglam-kart-troylulara-ozel-vade-farksiz-5-aya-varan-taksit-imkani,EVET,EVET,KART_KAMPANYASI,KART_KAMPANYASI,KART_KAMPANYASI,ACCEPT,0.96,confirmed_existing_card_campaign
kuveyt_turk-da7bb2ed4501,train,Kuveyt Türk Katılım Bankası A.Ş.,"Kuveyt Türk Müşterilerine Özel %2,99 Oranlı Kar Paylı Taksitlendirme Fırsatı!",https://www.kuveytturk.com.tr/kampanyalar/kendim-icin/kart-kampanyalari/kuveyt-turk-musterilerine-ozel-299-oranli-kar-payli-taksitlendirme-firsati,EVET,EVET,KART_KAMPANYASI,KART_KAMPANYASI,KART_KAMPANYASI,ACCEPT,0.96,confirmed_existing_card_campaign
kuveyt_turk-8047dc8c0755,train,Kuveyt Türk Katılım Bankası A.Ş.,"Sağlam Business Kart’tan Dev Kampanya 3 Ay Erteleme ve %3,49 Oranla 9 Taksit İmkanı!",https://www.kuveytturk.com.tr/kampanyalar/isim-icin/kart-kampanyalari/saglam-business-karttan-dev-kampanya-3-ay-erteleme-ve-349-oranla-9-taksit-imkani,EVET,EVET,KART_KAMPANYASI,KART_KAMPANYASI,KART_KAMPANYASI,ACCEPT,0.96,confirmed_existing_card_campaign
kuveyt_turk-9c48e3294832,train,Kuveyt Türk Katılım Bankası A.Ş.,Sağlam Business Kart Akaryakıt Harcamalarınıza 600 TL’ye Varan Altın Puan Fırsatı!,https://www.kuveytturk.com.tr/kampanyalar/isim-icin/kart-kampanyalari/saglam-business-kart-akaryakit-harcamalariniza-600-tlye-varan-altin-puan-firsati,EVET,EVET,YATIRIM_URUNU,KART_KAMPANYASI,KART_KAMPANYASI,CORRECT,0.98,explicit_card_campaign
kuveyt_turk-9706c8215fe2,train,Kuveyt Türk Katılım Bankası A.Ş.,Taksitlio’da Yeni Müşterilere Özel Kuveyt Türk Alışveriş Finansmanı Fırsatı!,https://www.kuveytturk.com.tr/kampanyalar/kendim-icin/finansman-kampanyalari/taksitlioda-yeni-musterilere-ozel-kuveyt-turk-alisveris-finansmani-firsati,EVET,EVET,IHTIYAC_FINANSMANI,DIGER_KAMPANYA,DIGER_KAMPANYA,CORRECT,0.94,non_card_campaign
kuveyt_turk-afb88a88fac7,train,Kuveyt Türk Katılım Bankası A.Ş.,"Kuveyt Türk Kredi Kartlarına Toprak Turizm Yurt Dışı Turlarında %10, Umre Turlarında %7 İndirim",https://www.kuveytturk.com.tr/kampanyalar/kendim-icin/kart-kampanyalari/kuveyt-turk-kredi-kartlarina-toprak-turizm-yurt-disi-turlarinda-10-umre-turlarinda-7-indirim,EVET,EVET,DIGER_FINANSMAN,KART_KAMPANYASI,KART_KAMPANYASI,CORRECT,0.98,explicit_card_campaign
kuveyt_turk-1c8ae40f9593,train,Kuveyt Türk Katılım Bankası A.Ş.,İşim İçin | Kuveyt Türk Katılım Bankası,https://www.kuveytturk.com.tr/kampanyalar/isim-icin,EVET,EVET,DIGER_KAMPANYA,DIGER_KAMPANYA,DIGER_KAMPANYA,ACCEPT,0.94,non_card_campaign
kuveyt_turk-4b35dbf35ad5,train,Kuveyt Türk Katılım Bankası A.Ş.,Finansman Ürünleri,https://www.kuveytturk.com.tr/isim-icin/finansman-urunleri,HAYIR,HAYIR,DIGER_FINANSMAN,TICARI_FINANSMAN,TICARI_FINANSMAN,CORRECT,0.95,commercial_finance
kuveyt_turk-0be11061df37,train,Kuveyt Türk Katılım Bankası A.Ş.,Hazine Ürünleri,https://www.kuveytturk.com.tr/isim-icin/yatirim/hazine-urunleri,HAYIR,HAYIR,YATIRIM_URUNU,YATIRIM_URUNU,YATIRIM_URUNU,ACCEPT,0.96,investment_product
kuveyt_turk-b721cc8764c7,train,Kuveyt Türk Katılım Bankası A.Ş.,Yatırım Hesabı,https://www.kuveytturk.com.tr/kendim-icin/hesaplar/yatirim-hesabi,HAYIR,HAYIR,YATIRIM_URUNU,YATIRIM_URUNU,YATIRIM_URUNU,ACCEPT,0.96,investment_product
kuveyt_turk-3f5876b2d9b0,train,Kuveyt Türk Katılım Bankası A.Ş.,Leasing | Kuveyt Türk Katılım Bankası,https://www.kuveytturk.com.tr/isim-icin/leasing,HAYIR,HAYIR,TICARI_FINANSMAN,TICARI_FINANSMAN,TICARI_FINANSMAN,ACCEPT,0.95,commercial_finance
kuveyt_turk-4cfb7bb1ca87,train,Kuveyt Türk Katılım Bankası A.Ş.,POS Kampanyaları,https://www.kuveytturk.com.tr/kampanyalar/isim-icin/pos-kampanyalari,EVET,EVET,DIGER_KAMPANYA,DIGER_KAMPANYA,DIGER_KAMPANYA,ACCEPT,0.94,non_card_campaign
kuveyt_turk-678e19564a7c,train,Kuveyt Türk Katılım Bankası A.Ş.,KOBİ Kampanyaları,https://www.kuveytturk.com.tr/kampanyalar/isim-icin/kobi-kampanyalari,EVET,EVET,KART_KAMPANYASI,KART_KAMPANYASI,KART_KAMPANYASI,ACCEPT,0.96,confirmed_existing_card_campaign
kuveyt_turk-0cbef1e7323a,train,Kuveyt Türk Katılım Bankası A.Ş.,Kampanyalar,https://www.kuveytturk.com.tr/ozel-bankacilik/ayricaliklar/kampanyalar,EVET,EVET,KART_KAMPANYASI,KART_KAMPANYASI,KART_KAMPANYASI,ACCEPT,0.96,confirmed_existing_card_campaign
tom_bank-55c4b4dac7d9,train,T.O.M. Katılım Bankası A.Ş.,Kampanyalar,https://www.tombank.com.tr/kampanyalar.html,EVET,EVET,KART_KAMPANYASI,KART_KAMPANYASI,KART_KAMPANYASI,ACCEPT,0.96,confirmed_existing_card_campaign
tom_bank-1168e89f91c9,train,T.O.M. Katılım Bankası A.Ş.,HADi Yatırım,https://www.tombank.com.tr/hadi-yatirim.html,HAYIR,HAYIR,YATIRIM_URUNU,YATIRIM_URUNU,YATIRIM_URUNU,MANUAL,0.99,manual_semantic_resolution
tom_bank-b5e5741234a9,train,T.O.M. Katılım Bankası A.Ş.,HADi Banka Kartı,https://www.tombank.com.tr/hadi-banka-karti.html,HAYIR,HAYIR,KART_URUNU,KART_URUNU,KART_URUNU,ACCEPT,0.97,card_product
tom_bank-92335b20151d,train,T.O.M. Katılım Bankası A.Ş.,TOM Bank | Türkiye'nin en büyük dijital bankası.,https://www.tombank.com.tr/kredili-hayat-sigortasi.html,HAYIR,HAYIR,DIGER_FINANSMAN,SIGORTA_TEKAFUL_URUNU,SIGORTA_TEKAFUL_URUNU,CORRECT,0.98,insurance_product
tom_bank-d711b543637a,train,T.O.M. Katılım Bankası A.Ş.,TOM Bank | Türkiye'nin en büyük dijital bankası.,https://www.tombank.com.tr/hadi-kart-borcum-guvende.html,HAYIR,HAYIR,KART_URUNU,SIGORTA_TEKAFUL_URUNU,SIGORTA_TEKAFUL_URUNU,MANUAL,0.99,manual_semantic_resolution
tom_bank-b59fb03904a7,train,T.O.M. Katılım Bankası A.Ş.,Ürünlerimiz,https://www.tombank.com.tr/urunlerimiz.html,HAYIR,HAYIR,DIGER,DIGER,DIGER,MANUAL,0.99,manual_semantic_resolution
tom_bank-9cfc57db28cf,train,T.O.M. Katılım Bankası A.Ş.,Vadeli Hesap,https://www.tombank.com.tr/vadeli-hesap.html,HAYIR,HAYIR,KATILMA_HESABI,KATILMA_HESABI,KATILMA_HESABI,MANUAL,0.99,manual_semantic_resolution
tom_bank-63c06a2dc9b0,train,T.O.M. Katılım Bankası A.Ş.,Günlük Kazandıran Hesap,https://www.tombank.com.tr/gunluk-kazandiran-hesap.html,HAYIR,HAYIR,DIGER,KATILMA_HESABI,KATILMA_HESABI,MANUAL,0.99,manual_semantic_resolution
tom_bank-79805404e1d9,train,T.O.M. Katılım Bankası A.Ş.,Veresiye Alışveriş Kredisi,https://www.tombank.com.tr/veresiye.html,HAYIR,HAYIR,DIGER_FINANSMAN,IHTIYAC_FINANSMANI,IHTIYAC_FINANSMANI,CORRECT,0.97,personal_finance
tom_bank-1780eb35db0c,train,T.O.M. Katılım Bankası A.Ş.,Gümüş Hesabı,https://www.tombank.com.tr/gumus-hesabi.html,HAYIR,HAYIR,YATIRIM_URUNU,YATIRIM_URUNU,YATIRIM_URUNU,MANUAL,0.99,manual_semantic_resolution
tom_bank-7ec17c05b9bb,train,T.O.M. Katılım Bankası A.Ş.,"Para Yükleme, Çekme, Gönderme ve Fatura Ödeme",https://www.tombank.com.tr/para-yukleme-cekme-gonderme-fatura.html,HAYIR,HAYIR,ODEME_TRANSFER_HIZMETI,ODEME_TRANSFER_HIZMETI,ODEME_TRANSFER_HIZMETI,ACCEPT,0.97,payment_or_transfer
emlak_katilim-0b3589ad4394,train,Türkiye Emlak Katılım Bankası A.Ş.,Ürün ve Hizmet Ücretleri,https://www.emlakkatilim.com.tr/tr/urun-ve-hizmet-ucretleri,HAYIR,HAYIR,DIGER,DIGER,DIGER,ACCEPT,0.98,editorial_or_reference_page
emlak_katilim-1dc4d6626254,train,Türkiye Emlak Katılım Bankası A.Ş.,Kampanya | Türkiye Emlak Katılım Bankası,https://www.emlakkatilim.com.tr/tr/bireysel/kampanyalar/kampanya/emlak-katilim-debit-kart-ile-ilk-harcamanizin-yarisi-nakit-iade,EVET,EVET,KART_KAMPANYASI,KART_KAMPANYASI,KART_KAMPANYASI,MANUAL,0.99,manual_semantic_resolution
emlak_katilim-d19ceacf2266,train,Türkiye Emlak Katılım Bankası A.Ş.,Kampanya | Türkiye Emlak Katılım Bankası,https://www.emlakkatilim.com.tr/tr/bireysel/kampanyalar/kampanya/paraf-ile-incehesapcomda-pesin-fiyatina-3-taksit-firsati,EVET,EVET,KART_KAMPANYASI,KART_KAMPANYASI,KART_KAMPANYASI,ACCEPT,0.96,confirmed_existing_card_campaign
emlak_katilim-e941e17ff154,train,Türkiye Emlak Katılım Bankası A.Ş.,Kampanyalar,https://www.emlakkatilim.com.tr/tr/bireysel/kampanyalar,EVET,EVET,KART_KAMPANYASI,KART_KAMPANYASI,KART_KAMPANYASI,ACCEPT,0.96,confirmed_existing_card_campaign
emlak_katilim-fb14f915df8d,train,Türkiye Emlak Katılım Bankası A.Ş.,Finansman Ferdi Kaza Sigortası,https://www.emlakkatilim.com.tr/tr/kurumsal/sigorta-ve-emeklilik/kurumsal-sigorta-urunleri/finansman-ferdi-kaza-sigortasi,HAYIR,HAYIR,DIGER_FINANSMAN,SIGORTA_TEKAFUL_URUNU,SIGORTA_TEKAFUL_URUNU,CORRECT,0.98,insurance_product
emlak_katilim-2a13c4fc9c0c,train,Türkiye Emlak Katılım Bankası A.Ş.,Finansmana Bağlı Hayat Sigortası,https://www.emlakkatilim.com.tr/tr/kurumsal/sigorta-ve-emeklilik/kurumsal-sigorta-urunleri/finansmana-bagli-hayat-sigortasi,HAYIR,HAYIR,DIGER_FINANSMAN,SIGORTA_TEKAFUL_URUNU,SIGORTA_TEKAFUL_URUNU,CORRECT,0.98,insurance_product
emlak_katilim-94a12ca306b5,train,Türkiye Emlak Katılım Bankası A.Ş.,Finansmana Bağlı Hayat Sigortası,https://www.emlakkatilim.com.tr/tr/bireysel/sigorta-ve-emeklilik/bireysel-sigorta-urunleri/finansmana-bagli-hayat-sigortasi,HAYIR,HAYIR,DIGER_FINANSMAN,SIGORTA_TEKAFUL_URUNU,SIGORTA_TEKAFUL_URUNU,CORRECT,0.98,insurance_product
emlak_katilim-6131b9443ca9,train,Türkiye Emlak Katılım Bankası A.Ş.,Yatırım Ürünleri,https://www.emlakkatilim.com.tr/tr/bireysel/yatirim-urunleri,HAYIR,HAYIR,YATIRIM_URUNU,YATIRIM_URUNU,YATIRIM_URUNU,ACCEPT,0.96,investment_product
emlak_katilim-9cf311ce4b3e,train,Türkiye Emlak Katılım Bankası A.Ş.,Yatırım Ürünleri,https://www.emlakkatilim.com.tr/tr/kurumsal/yatirim-urunleri,HAYIR,HAYIR,YATIRIM_URUNU,YATIRIM_URUNU,YATIRIM_URUNU,ACCEPT,0.96,investment_product
emlak_katilim-20e4e34b2e3b,train,Türkiye Emlak Katılım Bankası A.Ş.,Sermaye Piyasası Ürünleri,https://www.emlakkatilim.com.tr/tr/kurumsal/yatirim-urunleri/sermaye-piyasasi-urunleri,HAYIR,HAYIR,YATIRIM_URUNU,YATIRIM_URUNU,YATIRIM_URUNU,ACCEPT,0.96,investment_product
emlak_katilim-175dab5a6a9c,train,Türkiye Emlak Katılım Bankası A.Ş.,Emlak Konut Asansör – Emlak Katılım İşbirliği,https://www.emlakkatilim.com.tr/tr/kurumsal/kampanyalar/emlak-konut-asansor-emlak-katilim-isbirligi,EVET,EVET,DIGER_KAMPANYA,DIGER_KAMPANYA,DIGER_KAMPANYA,ACCEPT,0.94,non_card_campaign
emlak_katilim-cfdd34fe6932,train,Türkiye Emlak Katılım Bankası A.Ş.,Döviz Alım-Satım,https://www.emlakkatilim.com.tr/tr/kurumsal/yatirim-urunleri/hazine-ve-yatirim-urunleri/doviz-alim-satim,HAYIR,HAYIR,YATIRIM_URUNU,YATIRIM_URUNU,YATIRIM_URUNU,ACCEPT,0.96,investment_product
emlak_katilim-6a2570a19e5b,train,Türkiye Emlak Katılım Bankası A.Ş.,Kıymetli Maden Alım Satımı,https://www.emlakkatilim.com.tr/tr/kurumsal/yatirim-urunleri/hazine-ve-yatirim-urunleri/kiymetli-maden-alim-satimi,HAYIR,HAYIR,YATIRIM_URUNU,YATIRIM_URUNU,YATIRIM_URUNU,ACCEPT,0.96,investment_product
emlak_katilim-87b3dbefd8ab,train,Türkiye Emlak Katılım Bankası A.Ş.,Kampanya | Türkiye Emlak Katılım Bankası,https://www.emlakkatilim.com.tr/tr/bireysel/kampanyalar/kampanya/biletinialda-20-indirim,EVET,EVET,KART_KAMPANYASI,KART_KAMPANYASI,KART_KAMPANYASI,ACCEPT,0.96,confirmed_existing_card_campaign
emlak_katilim-025bf1f175c1,train,Türkiye Emlak Katılım Bankası A.Ş.,Kampanya | Türkiye Emlak Katılım Bankası,https://www.emlakkatilim.com.tr/tr/bireysel/kampanyalar/kampanya/paraf-ile-kipte-5-taksit,EVET,EVET,KART_KAMPANYASI,KART_KAMPANYASI,KART_KAMPANYASI,ACCEPT,0.96,confirmed_existing_card_campaign
emlak_katilim-4fd59c85f1eb,train,Türkiye Emlak Katılım Bankası A.Ş.,Kampanya | Türkiye Emlak Katılım Bankası,https://www.emlakkatilim.com.tr/tr/bireysel/kampanyalar/kampanya/paraf-ile-twistte-4-taksit,EVET,EVET,KART_KAMPANYASI,KART_KAMPANYASI,KART_KAMPANYASI,ACCEPT,0.96,confirmed_existing_card_campaign
emlak_katilim-9758d96b3f2d,train,Türkiye Emlak Katılım Bankası A.Ş.,Kampanya | Türkiye Emlak Katılım Bankası,https://www.emlakkatilim.com.tr/tr/bireysel/kampanyalar/kampanya/rentgoda-40-indirim-firsati,EVET,EVET,KART_KAMPANYASI,KART_KAMPANYASI,KART_KAMPANYASI,ACCEPT,0.96,confirmed_existing_card_campaign
emlak_katilim-1b24100af547,train,Türkiye Emlak Katılım Bankası A.Ş.,Kampanya | Türkiye Emlak Katılım Bankası,https://www.emlakkatilim.com.tr/tr/bireysel/kampanyalar/kampanya/paraf-ile-koctasta-5-taksit,EVET,EVET,KART_KAMPANYASI,KART_KAMPANYASI,KART_KAMPANYASI,ACCEPT,0.96,confirmed_existing_card_campaign
emlak_katilim-2997c0271dc6,train,Türkiye Emlak Katılım Bankası A.Ş.,Kampanya | Türkiye Emlak Katılım Bankası,https://www.emlakkatilim.com.tr/tr/bireysel/kampanyalar/kampanya/paraf-ile-nocturnede-4-taksit,EVET,EVET,KART_KAMPANYASI,KART_KAMPANYASI,KART_KAMPANYASI,ACCEPT,0.96,confirmed_existing_card_campaign
emlak_katilim-49546df1fe5b,train,Türkiye Emlak Katılım Bankası A.Ş.,Kampanya | Türkiye Emlak Katılım Bankası,https://www.emlakkatilim.com.tr/tr/bireysel/kampanyalar/kampanya/paraf-ile-ramseyde-5-taksit-firsati,EVET,EVET,KART_KAMPANYASI,KART_KAMPANYASI,KART_KAMPANYASI,ACCEPT,0.96,confirmed_existing_card_campaign
emlak_katilim-9fd499fc1a1d,train,Türkiye Emlak Katılım Bankası A.Ş.,Kampanya | Türkiye Emlak Katılım Bankası,https://www.emlakkatilim.com.tr/tr/bireysel/kampanyalar/kampanya/paraf-ile-evideada-4-taksit-firsati,EVET,EVET,KART_KAMPANYASI,KART_KAMPANYASI,KART_KAMPANYASI,ACCEPT,0.96,confirmed_existing_card_campaign
emlak_katilim-080b3e4767b8,train,Türkiye Emlak Katılım Bankası A.Ş.,Kampanya | Türkiye Emlak Katılım Bankası,https://www.emlakkatilim.com.tr/tr/bireysel/kampanyalar/kampanya/paraf-ile-alfemoda-8-taksit-firsati,EVET,EVET,KART_KAMPANYASI,KART_KAMPANYASI,KART_KAMPANYASI,ACCEPT,0.96,confirmed_existing_card_campaign
emlak_katilim-79e5f7e81f65,train,Türkiye Emlak Katılım Bankası A.Ş.,Kampanya | Türkiye Emlak Katılım Bankası,https://www.emlakkatilim.com.tr/tr/bireysel/kampanyalar/kampanya/paraf-ile-adv-magazalarinda-6-taksit,EVET,EVET,KART_KAMPANYASI,KART_KAMPANYASI,KART_KAMPANYASI,ACCEPT,0.96,confirmed_existing_card_campaign
emlak_katilim-7b46ba067d1b,train,Türkiye Emlak Katılım Bankası A.Ş.,Kampanya | Türkiye Emlak Katılım Bankası,https://www.emlakkatilim.com.tr/tr/bireysel/kampanyalar/kampanya/paraf-ile-networkte-4-taksit-firsati,EVET,EVET,KART_KAMPANYASI,KART_KAMPANYASI,KART_KAMPANYASI,ACCEPT,0.96,confirmed_existing_card_campaign
emlak_katilim-5dfc38701983,train,Türkiye Emlak Katılım Bankası A.Ş.,Kampanya | Türkiye Emlak Katılım Bankası,https://www.emlakkatilim.com.tr/tr/bireysel/kampanyalar/kampanya/paraf-ile-dysonda-9-aya-varan-taksit,EVET,EVET,KART_KAMPANYASI,KART_KAMPANYASI,KART_KAMPANYASI,ACCEPT,0.96,confirmed_existing_card_campaign
emlak_katilim-12aa3f5d31d1,train,Türkiye Emlak Katılım Bankası A.Ş.,Kampanya | Türkiye Emlak Katılım Bankası,https://www.emlakkatilim.com.tr/tr/bireysel/kampanyalar/kampanya/paraf-ile-copada-12-aya-varan-taksit,EVET,EVET,KART_KAMPANYASI,KART_KAMPANYASI,KART_KAMPANYASI,ACCEPT,0.96,confirmed_existing_card_campaign
emlak_katilim-7a6942e48007,train,Türkiye Emlak Katılım Bankası A.Ş.,Kampanya | Türkiye Emlak Katılım Bankası,https://www.emlakkatilim.com.tr/tr/bireysel/kampanyalar/kampanya/paraf-ile-ds-damatta-1000-tl-parafpara,EVET,EVET,KART_KAMPANYASI,KART_KAMPANYASI,KART_KAMPANYASI,ACCEPT,0.96,confirmed_existing_card_campaign
emlak_katilim-9f610d9e8e64,train,Türkiye Emlak Katılım Bankası A.Ş.,Kampanya | Türkiye Emlak Katılım Bankası,https://www.emlakkatilim.com.tr/tr/bireysel/kampanyalar/kampanya/troy-ile-idefixte-3000-tl-indirim-firsati,EVET,EVET,KART_KAMPANYASI,KART_KAMPANYASI,KART_KAMPANYASI,ACCEPT,0.96,confirmed_existing_card_campaign
emlak_katilim-f7ad9853ddf7,train,Türkiye Emlak Katılım Bankası A.Ş.,Kampanya | Türkiye Emlak Katılım Bankası,https://www.emlakkatilim.com.tr/tr/bireysel/kampanyalar/kampanya/paraf-ile-damat-tweende-2000-tl-parafpara,EVET,EVET,KART_KAMPANYASI,KART_KAMPANYASI,KART_KAMPANYASI,ACCEPT,0.96,confirmed_existing_card_campaign
emlak_katilim-c439e9abc615,train,Türkiye Emlak Katılım Bankası A.Ş.,Kampanya | Türkiye Emlak Katılım Bankası,https://www.emlakkatilim.com.tr/tr/bireysel/kampanyalar/kampanya/akaryakit-harcamalariniza-400-tl-parafpara,EVET,EVET,KART_KAMPANYASI,KART_KAMPANYASI,KART_KAMPANYASI,ACCEPT,0.96,confirmed_existing_card_campaign
emlak_katilim-856f827bec26,train,Türkiye Emlak Katılım Bankası A.Ş.,Kampanya | Türkiye Emlak Katılım Bankası,https://www.emlakkatilim.com.tr/tr/bireysel/kampanyalar/kampanya/paraf-ile-itopyacomda-vade-farksiz-6-taksit,EVET,EVET,KART_KAMPANYASI,KART_KAMPANYASI,KART_KAMPANYASI,ACCEPT,0.96,confirmed_existing_card_campaign
emlak_katilim-4be3b283ba43,train,Türkiye Emlak Katılım Bankası A.Ş.,Kampanya | Türkiye Emlak Katılım Bankası,https://www.emlakkatilim.com.tr/tr/bireysel/kampanyalar/kampanya/paraf-ile-porlandda-pesin-fiyatina-3-taksit,EVET,EVET,KART_KAMPANYASI,KART_KAMPANYASI,KART_KAMPANYASI,ACCEPT,0.96,confirmed_existing_card_campaign
emlak_katilim-f5ddf44c3735,train,Türkiye Emlak Katılım Bankası A.Ş.,Kampanya | Türkiye Emlak Katılım Bankası,https://www.emlakkatilim.com.tr/tr/bireysel/kampanyalar/kampanya/paraf-ile-pazaramada-pesin-fiyatina-6-taksit,EVET,EVET,KART_KAMPANYASI,KART_KAMPANYASI,KART_KAMPANYASI,ACCEPT,0.96,confirmed_existing_card_campaign
emlak_katilim-6ad8956d6c3e,train,Türkiye Emlak Katılım Bankası A.Ş.,Kampanya | Türkiye Emlak Katılım Bankası,https://www.emlakkatilim.com.tr/tr/bireysel/kampanyalar/kampanya/ucak-bileti-harcamalariniza-2000-tl-parafpara,EVET,EVET,KART_KAMPANYASI,KART_KAMPANYASI,KART_KAMPANYASI,ACCEPT,0.96,confirmed_existing_card_campaign
emlak_katilim-e77c69f18837,train,Türkiye Emlak Katılım Bankası A.Ş.,Kampanya | Türkiye Emlak Katılım Bankası,https://www.emlakkatilim.com.tr/tr/bireysel/kampanyalar/kampanya/paraf-ile-vestelde-9-aya-varan-taksit-firsati,EVET,EVET,KART_KAMPANYASI,KART_KAMPANYASI,KART_KAMPANYASI,ACCEPT,0.96,confirmed_existing_card_campaign
emlak_katilim-f25aa5a74eb3,train,Türkiye Emlak Katılım Bankası A.Ş.,Kampanya | Türkiye Emlak Katılım Bankası,https://www.emlakkatilim.com.tr/tr/bireysel/kampanyalar/kampanya/paraf-ile-ds-damatta-6-aya-varan-taksit-firsati,EVET,EVET,KART_KAMPANYASI,KART_KAMPANYASI,KART_KAMPANYASI,ACCEPT,0.96,confirmed_existing_card_campaign
emlak_katilim-b8bbd43d19fe,train,Türkiye Emlak Katılım Bankası A.Ş.,Kampanya | Türkiye Emlak Katılım Bankası,https://www.emlakkatilim.com.tr/tr/bireysel/kampanyalar/kampanya/paraf-ile-yenilioda-12-aya-varan-taksit-firsati,EVET,EVET,KART_KAMPANYASI,KART_KAMPANYASI,KART_KAMPANYASI,ACCEPT,0.96,confirmed_existing_card_campaign
emlak_katilim-b887de038693,train,Türkiye Emlak Katılım Bankası A.Ş.,Kampanya | Türkiye Emlak Katılım Bankası,https://www.emlakkatilim.com.tr/tr/bireysel/kampanyalar/kampanya/modanisada-tum-indirimlere-ek-15-indirim-firsati,EVET,EVET,KART_KAMPANYASI,KART_KAMPANYASI,KART_KAMPANYASI,ACCEPT,0.96,confirmed_existing_card_campaign
emlak_katilim-9e946bd66a9e,train,Türkiye Emlak Katılım Bankası A.Ş.,Kampanya | Türkiye Emlak Katılım Bankası,https://www.emlakkatilim.com.tr/tr/bireysel/kampanyalar/kampanya/paraf-ile-yargici-magazalarinda-4-taksit-firsati,EVET,EVET,KART_KAMPANYASI,KART_KAMPANYASI,KART_KAMPANYASI,ACCEPT,0.96,confirmed_existing_card_campaign
emlak_katilim-9d2c9683a148,train,Türkiye Emlak Katılım Bankası A.Ş.,Kampanya | Türkiye Emlak Katılım Bankası,https://www.emlakkatilim.com.tr/tr/bireysel/kampanyalar/kampanya/paraf-ile-damat-tweende-6-aya-varan-taksit-firsati,EVET,EVET,KART_KAMPANYASI,KART_KAMPANYASI,KART_KAMPANYASI,ACCEPT,0.96,confirmed_existing_card_campaign
emlak_katilim-93a97ac59bf2,train,Türkiye Emlak Katılım Bankası A.Ş.,Kampanya | Türkiye Emlak Katılım Bankası,https://www.emlakkatilim.com.tr/tr/bireysel/kampanyalar/kampanya/hizli-cicekte-tum-indirimlere-ek-20-indirim-firsati,EVET,EVET,KART_KAMPANYASI,KART_KAMPANYASI,KART_KAMPANYASI,ACCEPT,0.96,confirmed_existing_card_campaign
emlak_katilim-7c3f8c4d7f0e,train,Türkiye Emlak Katılım Bankası A.Ş.,Kampanya | Türkiye Emlak Katılım Bankası,https://www.emlakkatilim.com.tr/tr/bireysel/kampanyalar/kampanya/paraf-ile-touristicacomtrde-pesin-fiyatina-9-taksit,EVET,EVET,KART_KAMPANYASI,KART_KAMPANYASI,KART_KAMPANYASI,ACCEPT,0.96,confirmed_existing_card_campaign
emlak_katilim-7c9a29e4b5da,train,Türkiye Emlak Katılım Bankası A.Ş.,Kampanya | Türkiye Emlak Katılım Bankası,https://www.emlakkatilim.com.tr/tr/bireysel/kampanyalar/kampanya/paraf-ile-gurgenclerde-vade-farksiz-9-taksit-firsati,EVET,EVET,KART_KAMPANYASI,KART_KAMPANYASI,KART_KAMPANYASI,ACCEPT,0.96,confirmed_existing_card_campaign
emlak_katilim-fe60d8068f22,train,Türkiye Emlak Katılım Bankası A.Ş.,Kampanya | Türkiye Emlak Katılım Bankası,https://www.emlakkatilim.com.tr/tr/bireysel/kampanyalar/kampanya/paraf-ile-ider-mobilyada-7-taksite-15-indirim-firsati,EVET,EVET,KART_KAMPANYASI,KART_KAMPANYASI,KART_KAMPANYASI,ACCEPT,0.96,confirmed_existing_card_campaign
emlak_katilim-dcf8fa7728be,train,Türkiye Emlak Katılım Bankası A.Ş.,Kampanya | Türkiye Emlak Katılım Bankası,https://www.emlakkatilim.com.tr/tr/bireysel/kampanyalar/kampanya/giyim-ve-kozmetik-alisverislerinize-2500-tl-parafpara,EVET,EVET,KART_KAMPANYASI,KART_KAMPANYASI,KART_KAMPANYASI,ACCEPT,0.96,confirmed_existing_card_campaign
emlak_katilim-2e75b250edf1,train,Türkiye Emlak Katılım Bankası A.Ş.,Kampanya | Türkiye Emlak Katılım Bankası,https://www.emlakkatilim.com.tr/tr/bireysel/kampanyalar/kampanya/giyim-ve-kozmetik-alisverislerinize-1300-tl-parafpara,EVET,EVET,KART_KAMPANYASI,KART_KAMPANYASI,KART_KAMPANYASI,ACCEPT,0.96,confirmed_existing_card_campaign
emlak_katilim-1270d080055d,train,Türkiye Emlak Katılım Bankası A.Ş.,Kampanya | Türkiye Emlak Katılım Bankası,https://www.emlakkatilim.com.tr/tr/bireysel/kampanyalar/kampanya/paraf-ile-caspercomtrde-pesin-fiyatina-6-taksit-firsati,EVET,EVET,KART_KAMPANYASI,KART_KAMPANYASI,KART_KAMPANYASI,ACCEPT,0.96,confirmed_existing_card_campaign
emlak_katilim-d964a8de103f,train,Türkiye Emlak Katılım Bankası A.Ş.,Kampanya | Türkiye Emlak Katılım Bankası,https://www.emlakkatilim.com.tr/tr/bireysel/kampanyalar/kampanya/paraf-ile-a101de-vade-farksiz-6-aya-varan-taksit-firsati,EVET,EVET,KART_KAMPANYASI,KART_KAMPANYASI,KART_KAMPANYASI,ACCEPT,0.96,confirmed_existing_card_campaign
emlak_katilim-244c1883bfcd,train,Türkiye Emlak Katılım Bankası A.Ş.,Kampanya | Türkiye Emlak Katılım Bankası,https://www.emlakkatilim.com.tr/tr/bireysel/kampanyalar/kampanya/paraf-ile-n11de-pesin-fiyatina-3-aya-varan-taksit-firsati,EVET,EVET,KART_KAMPANYASI,KART_KAMPANYASI,KART_KAMPANYASI,ACCEPT,0.96,confirmed_existing_card_campaign
emlak_katilim-d9a6390c731c,train,Türkiye Emlak Katılım Bankası A.Ş.,Kampanya | Türkiye Emlak Katılım Bankası,https://www.emlakkatilim.com.tr/tr/bireysel/kampanyalar/kampanya/paraf-ile-zsa-zsa-zsu-magazalarinda-pesin-fiyatina-6-taksit,EVET,EVET,KART_KAMPANYASI,KART_KAMPANYASI,KART_KAMPANYASI,ACCEPT,0.96,confirmed_existing_card_campaign
emlak_katilim-142c21d39a52,train,Türkiye Emlak Katılım Bankası A.Ş.,Kampanya | Türkiye Emlak Katılım Bankası,https://www.emlakkatilim.com.tr/tr/bireysel/kampanyalar/kampanya/paraf-ile-vatanda-pesin-fiyatina-6-aya-varan-taksit-firsati,EVET,EVET,KART_KAMPANYASI,KART_KAMPANYASI,KART_KAMPANYASI,ACCEPT,0.96,confirmed_existing_card_campaign
emlak_katilim-6b8409c01352,train,Türkiye Emlak Katılım Bankası A.Ş.,Kampanya | Türkiye Emlak Katılım Bankası,https://www.emlakkatilim.com.tr/tr/bireysel/kampanyalar/kampanya/elektrikli-arac-sarj-istasyonu-harcamalariniza-200-tl-parafpara,EVET,EVET,KART_KAMPANYASI,KART_KAMPANYASI,KART_KAMPANYASI,ACCEPT,0.96,confirmed_existing_card_campaign
emlak_katilim-c9b298bb70cd,train,Türkiye Emlak Katılım Bankası A.Ş.,Kampanya | Türkiye Emlak Katılım Bankası,https://www.emlakkatilim.com.tr/tr/bireysel/kampanyalar/kampanya/paraf-ile-hepsiburadada-pesin-fiyatina-6-aya-varan-taksit-firsati,EVET,EVET,KART_KAMPANYASI,KART_KAMPANYASI,KART_KAMPANYASI,ACCEPT,0.96,confirmed_existing_card_campaign
emlak_katilim-472184ccb487,train,Türkiye Emlak Katılım Bankası A.Ş.,Kampanya | Türkiye Emlak Katılım Bankası,https://www.emlakkatilim.com.tr/tr/bireysel/kampanyalar/kampanya/paraf-ile-secili-e-ticaret-alisverislerinize-2000-tlye-varan-parafpara,EVET,EVET,KART_KAMPANYASI,KART_KAMPANYASI,KART_KAMPANYASI,ACCEPT,0.96,confirmed_existing_card_campaign
emlak_katilim-3232273d80ea,train,Türkiye Emlak Katılım Bankası A.Ş.,Kampanya | Türkiye Emlak Katılım Bankası,https://www.emlakkatilim.com.tr/tr/bireysel/kampanyalar/kampanya/paraf-ile-secili-e-ticaret-alisverislerinize-1500-tlye-varan-parafpara,EVET,EVET,KART_KAMPANYASI,KART_KAMPANYASI,KART_KAMPANYASI,ACCEPT,0.96,confirmed_existing_card_campaign
emlak_katilim-2e1682cfd166,train,Türkiye Emlak Katılım Bankası A.Ş.,Kampanya | Türkiye Emlak Katılım Bankası,https://www.emlakkatilim.com.tr/tr/bireysel/kampanyalar/kampanya/metatechtrde-pesin-fiyatina-9-aya-varan-taksit-ve-6000-tlye-varan-parafpara,EVET,EVET,KART_KAMPANYASI,KART_KAMPANYASI,KART_KAMPANYASI,ACCEPT,0.96,confirmed_existing_card_campaign
emlak_katilim-b67e1818be4d,train,Türkiye Emlak Katılım Bankası A.Ş.,Kampanya | Türkiye Emlak Katılım Bankası,https://www.emlakkatilim.com.tr/tr/bireysel/kampanyalar/kampanya/mobilya-dekorasyon-ve-yapi-marketi-alisverisinize-1250-tlye-varan-parafpara,EVET,EVET,KART_KAMPANYASI,KART_KAMPANYASI,KART_KAMPANYASI,ACCEPT,0.96,confirmed_existing_card_campaign
emlak_katilim-7dc94964ba2c,train,Türkiye Emlak Katılım Bankası A.Ş.,Pay Piyasası (Hisse Senedi),https://www.emlakkatilim.com.tr/tr/bireysel/yatirim-urunleri/sermaye-piyasasi-urunleri/pay-piyasasi-hisse-senedi,HAYIR,HAYIR,YATIRIM_URUNU,YATIRIM_URUNU,YATIRIM_URUNU,ACCEPT,0.96,investment_product
emlak_katilim-561d02fd8ec5,train,Türkiye Emlak Katılım Bankası A.Ş.,Sermaye Piyasası Ürünleri,https://www.emlakkatilim.com.tr/tr/bireysel/yatirim-urunleri/sermaye-piyasasi-urunleri,HAYIR,HAYIR,YATIRIM_URUNU,YATIRIM_URUNU,YATIRIM_URUNU,ACCEPT,0.96,investment_product
emlak_katilim-f1d3d8932940,train,Türkiye Emlak Katılım Bankası A.Ş.,Kıymetli Maden Bankacılığı,https://www.emlakkatilim.com.tr/tr/bireysel/yatirim-urunleri/kiymetli-maden-bankaciligi,HAYIR,HAYIR,YATIRIM_URUNU,YATIRIM_URUNU,YATIRIM_URUNU,ACCEPT,0.96,investment_product
emlak_katilim-23b75660519f,train,Türkiye Emlak Katılım Bankası A.Ş.,EmlakFX | Türkiye Emlak Katılım Bankası,https://www.emlakkatilim.com.tr/tr/bireysel/yatirim-urunleri/hazine-ve-yatirim-urunleri/emlakfx,HAYIR,HAYIR,YATIRIM_URUNU,YATIRIM_URUNU,YATIRIM_URUNU,ACCEPT,0.96,investment_product
emlak_katilim-862ae3ddab58,train,Türkiye Emlak Katılım Bankası A.Ş.,Yatırım Fonu,https://www.emlakkatilim.com.tr/tr/bireysel/yatirim-urunleri/sermaye-piyasasi-urunleri/yatirim-fonu,HAYIR,HAYIR,YATIRIM_URUNU,YATIRIM_URUNU,YATIRIM_URUNU,ACCEPT,0.96,investment_product
emlak_katilim-21bafb4f5c55,train,Türkiye Emlak Katılım Bankası A.Ş.,Altuni Şube,https://www.emlakkatilim.com.tr/tr/bireysel/yatirim-urunleri/kiymetli-maden-bankaciligi/altuni-sube,HAYIR,HAYIR,YATIRIM_URUNU,YATIRIM_URUNU,YATIRIM_URUNU,ACCEPT,0.96,investment_product
emlak_katilim-097a1cd5a92f,train,Türkiye Emlak Katılım Bankası A.Ş.,Pay Senetleri,https://www.emlakkatilim.com.tr/tr/kurumsal/yatirim-urunleri/sermaye-piyasasi-urunleri/pay-senetleri,HAYIR,HAYIR,YATIRIM_URUNU,YATIRIM_URUNU,YATIRIM_URUNU,ACCEPT,0.96,investment_product
emlak_katilim-764b7e38e82c,train,Türkiye Emlak Katılım Bankası A.Ş.,Elektronik Ürün Senedi (ELÜS) Alım Finansmanı,https://www.emlakkatilim.com.tr/tr/bireysel/finansmanlar/elektronik-urun-senedi-elus-alim-finansmani,HAYIR,HAYIR,DIGER_FINANSMAN,DIGER_FINANSMAN,DIGER_FINANSMAN,ACCEPT,0.88,other_finance
emlak_katilim-3cb80715b631,train,Türkiye Emlak Katılım Bankası A.Ş.,Altın Hesapları,https://www.emlakkatilim.com.tr/tr/bireysel/yatirim-urunleri/kiymetli-maden-bankaciligi/altin-hesaplari,HAYIR,HAYIR,YATIRIM_URUNU,YATIRIM_URUNU,YATIRIM_URUNU,ACCEPT,0.96,investment_product
emlak_katilim-57edfdf74d63,train,Türkiye Emlak Katılım Bankası A.Ş.,Döviz Alım-Satım,https://www.emlakkatilim.com.tr/tr/bireysel/yatirim-urunleri/hazine-ve-yatirim-urunleri/doviz-alim-satim,HAYIR,HAYIR,YATIRIM_URUNU,YATIRIM_URUNU,YATIRIM_URUNU,ACCEPT,0.96,investment_product
emlak_katilim-bcb70b500225,train,Türkiye Emlak Katılım Bankası A.Ş.,Kira Sertifikası (Sukuk),https://www.emlakkatilim.com.tr/tr/kurumsal/yatirim-urunleri/sermaye-piyasasi-urunleri/kira-sertifikasi-sukuk,HAYIR,HAYIR,YATIRIM_URUNU,YATIRIM_URUNU,YATIRIM_URUNU,ACCEPT,0.96,investment_product
emlak_katilim-0043e729b3b5,train,Türkiye Emlak Katılım Bankası A.Ş.,Yeşil Kart Sigortası,https://www.emlakkatilim.com.tr/tr/bireysel/sigorta-ve-emeklilik/bireysel-sigorta-urunleri/yesil-kart-sigortasi,HAYIR,HAYIR,KART_URUNU,SIGORTA_TEKAFUL_URUNU,SIGORTA_TEKAFUL_URUNU,CORRECT,0.98,insurance_product
emlak_katilim-236be03499c7,train,Türkiye Emlak Katılım Bankası A.Ş.,Kıymetli Maden Alım Satım,https://www.emlakkatilim.com.tr/tr/bireysel/yatirim-urunleri/hazine-ve-yatirim-urunleri/kiymetli-maden-alim-satim,HAYIR,HAYIR,YATIRIM_URUNU,YATIRIM_URUNU,YATIRIM_URUNU,ACCEPT,0.96,investment_product
turkiye_finans-8d5e15b03370,train,Türkiye Finans Katılım Bankası A.Ş.,Ürün ve Hizmet Ücretleri | Bireysel,https://www.turkiyefinans.com.tr/tr-tr/bireysel/Sayfalar/urun-hizmet-ucretleri.aspx,HAYIR,HAYIR,DIGER,DIGER,DIGER,ACCEPT,0.98,editorial_or_reference_page
turkiye_finans-b059439965f1,train,Türkiye Finans Katılım Bankası A.Ş.,Ara Dönem Kâr Payı Ödemeli Katılma Hesapları,https://www.turkiyefinans.com.tr/tr-tr/bireysel/katilma-hesaplari/Sayfalar/ara-donem-kar-payi.aspx,HAYIR,HAYIR,ODEME_TRANSFER_HIZMETI,KATILMA_HESABI,KATILMA_HESABI,CORRECT,0.96,participation_account
turkiye_finans-aaa57aeb4a4c,train,Türkiye Finans Katılım Bankası A.Ş.,Kar Payı Oranları | Bireysel,https://www.turkiyefinans.com.tr/tr-tr/bireysel/Sayfalar/Kar-Payi-Oranlari.aspx,HAYIR,HAYIR,DIGER,DIGER,DIGER,MANUAL,0.99,manual_semantic_resolution
turkiye_finans-2bbe5ca21c31,train,Türkiye Finans Katılım Bankası A.Ş.,Kar Paylaşım Oranları | Bireysel,https://www.turkiyefinans.com.tr/tr-tr/bireysel/Sayfalar/Kar-Paylasim-Oranlari.aspx,HAYIR,HAYIR,KART_KAMPANYASI,DIGER,DIGER,MANUAL,0.99,manual_semantic_resolution
turkiye_finans-f72617deb084,train,Türkiye Finans Katılım Bankası A.Ş.,Kredi Kartı Kampanyaları,https://www.turkiyefinans.com.tr/tr-tr/kampanyalar/Sayfalar/kart-kampanyalari.aspx,EVET,EVET,DIGER_FINANSMAN,KART_KAMPANYASI,KART_KAMPANYASI,CORRECT,0.98,explicit_card_campaign
turkiye_finans-d9017335e160,train,Türkiye Finans Katılım Bankası A.Ş.,Yatırım Kampanyaları | Kampanyalar,https://www.turkiyefinans.com.tr/tr-tr/kampanyalar/Sayfalar/yatirim-kampanyalari.aspx,EVET,EVET,YATIRIM_URUNU,DIGER_KAMPANYA,DIGER_KAMPANYA,CORRECT,0.94,non_card_campaign
turkiye_finans-c76873da3146,train,Türkiye Finans Katılım Bankası A.Ş.,Finansman Kampanyaları,https://www.turkiyefinans.com.tr/tr-tr/kampanyalar/Sayfalar/finansman-kampanyalari.aspx,EVET,EVET,DIGER_FINANSMAN,DIGER_KAMPANYA,DIGER_KAMPANYA,CORRECT,0.94,non_card_campaign
turkiye_finans-0217d443d315,train,Türkiye Finans Katılım Bankası A.Ş.,Kampanyalar,https://www.turkiyefinans.com.tr/tr-tr/kampanyalar/Sayfalar/default.aspx,EVET,EVET,KART_KAMPANYASI,KART_KAMPANYASI,KART_KAMPANYASI,ACCEPT,0.96,confirmed_existing_card_campaign
turkiye_finans-538fb1ca1097,train,Türkiye Finans Katılım Bankası A.Ş.,Diğer Kampanyalar | Kampanyalar,https://www.turkiyefinans.com.tr/tr-tr/kampanyalar/Sayfalar/diger-kampanyalar.aspx,EVET,EVET,KART_KAMPANYASI,KART_KAMPANYASI,KART_KAMPANYASI,ACCEPT,0.96,confirmed_existing_card_campaign
turkiye_finans-2c732c464a1c,train,Türkiye Finans Katılım Bankası A.Ş.,Maaş Ödemesi Kampanyaları | Kampanyalar,https://www.turkiyefinans.com.tr/tr-tr/kampanyalar/Sayfalar/odeme-kampanyalari.aspx,EVET,EVET,KART_KAMPANYASI,KART_KAMPANYASI,KART_KAMPANYASI,ACCEPT,0.96,confirmed_existing_card_campaign
turkiye_finans-61501c09c2e6,train,Türkiye Finans Katılım Bankası A.Ş.,Ticari Kampanyalar,https://www.turkiyefinans.com.tr/tr-tr/kampanyalar/Sayfalar/ticari-kampanyalar.aspx,EVET,EVET,KART_KAMPANYASI,KART_KAMPANYASI,KART_KAMPANYASI,ACCEPT,0.96,confirmed_existing_card_campaign
turkiye_finans-0c0a8d736848,train,Türkiye Finans Katılım Bankası A.Ş.,"Katılım Hesabınızı Şimdi Açın, Daha Yüksek Getiri Oranlarından Yararlanın! | Kampanyalar",https://www.turkiyefinans.com.tr/tr-tr/kampanyalar/Sayfalar/katilim-hesabi-kampanyasi.aspx,EVET,EVET,KART_KAMPANYASI,KART_KAMPANYASI,KART_KAMPANYASI,ACCEPT,0.96,confirmed_existing_card_campaign
turkiye_finans-08056d9e30ce,train,Türkiye Finans Katılım Bankası A.Ş.,Dijital Bankacılık Kampanyaları | Kampanyalar,https://www.turkiyefinans.com.tr/tr-tr/kampanyalar/Sayfalar/dijital-bankacilik-kampanyalari.aspx,EVET,EVET,KART_KAMPANYASI,KART_KAMPANYASI,KART_KAMPANYASI,ACCEPT,0.96,confirmed_existing_card_campaign
turkiye_finans-416c7083b81e,train,Türkiye Finans Katılım Bankası A.Ş.,Masrafsızlık Zaten Cepte Dahası Sizi Beklemekte,https://www.turkiyefinans.com.tr/tr-tr/kampanyalar/Sayfalar/masraflara-degil-hayata-katilin-kampanyasi.aspx,EVET,EVET,KART_KAMPANYASI,KART_KAMPANYASI,KART_KAMPANYASI,ACCEPT,0.96,confirmed_existing_card_campaign
turkiye_finans-4b99e4729a5d,train,Türkiye Finans Katılım Bankası A.Ş.,Paratik Banka Kartı | Bireysel,https://www.turkiyefinans.com.tr/tr-tr/bireysel/banka-kartlari/Sayfalar/paratik-para-karti.aspx,HAYIR,HAYIR,KART_URUNU,KART_URUNU,KART_URUNU,ACCEPT,0.97,card_product
turkiye_finans-492d019a85a9,train,Türkiye Finans Katılım Bankası A.Ş.,Taşıt Finansmanı (Taşıt Kredisi)*,https://www.turkiyefinans.com.tr/tr-tr/bireysel/tasit-finansmani/Sayfalar/tasit-Finansmani.aspx,HAYIR,HAYIR,TASIT_FINANSMANI,TASIT_FINANSMANI,TASIT_FINANSMANI,ACCEPT,0.97,vehicle_finance
turkiye_finans-eab79b1ac350,train,Türkiye Finans Katılım Bankası A.Ş.,Konut Finansmanı (Konut Kredisi)*,https://www.turkiyefinans.com.tr/tr-tr/bireysel/konut-finansmani/Sayfalar/konut-finansmani.aspx,HAYIR,HAYIR,KONUT_FINANSMANI,KONUT_FINANSMANI,KONUT_FINANSMANI,ACCEPT,0.97,housing_finance
turkiye_finans-202d85bbfbe5,train,Türkiye Finans Katılım Bankası A.Ş.,İhtiyaç Finansmanı: Bireysel Finansman,https://www.turkiyefinans.com.tr/tr-tr/bireysel/ihtiyac-finansmani/Sayfalar/ihtiyac-finansmani.aspx,HAYIR,HAYIR,IHTIYAC_FINANSMANI,IHTIYAC_FINANSMANI,IHTIYAC_FINANSMANI,ACCEPT,0.97,personal_finance
turkiye_finans-c0d2f29fbb56,train,Türkiye Finans Katılım Bankası A.Ş.,Kredi Notu (Kredi Puanı) Nedir? | Blog,https://www.turkiyefinans.com.tr/tr-tr/blog/Sayfalar/kredi-notu-nedir.aspx,HAYIR,HAYIR,DIGER_FINANSMAN,DIGER,DIGER,CORRECT,0.98,editorial_or_reference_page
turkiye_finans-1b3447491705,train,Türkiye Finans Katılım Bankası A.Ş.,Kredi Kartları | Bireysel,https://www.turkiyefinans.com.tr/tr-tr/bireysel/Sayfalar/kredi-kartlari.aspx,HAYIR,HAYIR,DIGER_FINANSMAN,KART_URUNU,KART_URUNU,CORRECT,0.97,card_product
turkiye_finans-608212f2f8d5,train,Türkiye Finans Katılım Bankası A.Ş.,Yatırım Hizmetleri | Bireysel,https://www.turkiyefinans.com.tr/tr-tr/bireysel/yatirim-hizmetleri/Sayfalar/yatirim-hizmetleri.aspx,HAYIR,HAYIR,YATIRIM_URUNU,YATIRIM_URUNU,YATIRIM_URUNU,MANUAL,0.99,manual_semantic_resolution
turkiye_finans-0b9cd4fd3de7,train,Türkiye Finans Katılım Bankası A.Ş.,"Yatırım Fonu Nedir, Nasıl Alınır? | Blog",https://www.turkiyefinans.com.tr/tr-tr/blog/Sayfalar/yatirim-fonu-nedir.aspx,HAYIR,HAYIR,YATIRIM_URUNU,DIGER,DIGER,CORRECT,0.98,editorial_or_reference_page
turkiye_finans-7d89c2f1a3c6,train,Türkiye Finans Katılım Bankası A.Ş.,Arsa Finansmanı (Arsa Kredisi)*,https://www.turkiyefinans.com.tr/tr-tr/bireysel/Sayfalar/arsa-finansmani.aspx,HAYIR,HAYIR,DIGER_FINANSMAN,KONUT_FINANSMANI,KONUT_FINANSMANI,CORRECT,0.97,housing_finance
turkiye_finans-4042d006dd36,train,Türkiye Finans Katılım Bankası A.Ş.,İş yeri Finansmanı (İş yeri Kredisi)*,https://www.turkiyefinans.com.tr/tr-tr/bireysel/Sayfalar/isyeri-finansmani.aspx,HAYIR,HAYIR,TICARI_FINANSMAN,KONUT_FINANSMANI,KONUT_FINANSMANI,CORRECT,0.97,housing_finance
turkiye_finans-b4877002dd11,train,Türkiye Finans Katılım Bankası A.Ş.,Gayri Nakdi Krediler | KOBİ,https://www.turkiyefinans.com.tr/tr-tr/ticari/gayri-nakdi-finansman/Sayfalar/default.aspx,HAYIR,HAYIR,TICARI_FINANSMAN,TICARI_FINANSMAN,TICARI_FINANSMAN,ACCEPT,0.95,commercial_finance
turkiye_finans-6a54a9757c41,train,Türkiye Finans Katılım Bankası A.Ş.,Nakdi Finansman | Ticari,https://www.turkiyefinans.com.tr/tr-tr/ticari/nakdi-finansman/Sayfalar/nakdi-finansman.aspx,HAYIR,HAYIR,TICARI_FINANSMAN,TICARI_FINANSMAN,TICARI_FINANSMAN,ACCEPT,0.95,commercial_finance
turkiye_finans-dfa88fdecbd7,train,Türkiye Finans Katılım Bankası A.Ş.,Hazır Limit | İhtiyaç Finansmanı | Bireysel,https://www.turkiyefinans.com.tr/tr-tr/bireysel/ihtiyac-finansmani/Sayfalar/hazir-limit.aspx,HAYIR,HAYIR,IHTIYAC_FINANSMANI,IHTIYAC_FINANSMANI,IHTIYAC_FINANSMANI,ACCEPT,0.97,personal_finance
turkiye_finans-a5037f394f89,train,Türkiye Finans Katılım Bankası A.Ş.,KOBİ Anında Finansman: İşletmelere Hızlı ve Esnek Finansal Çözümler,https://www.turkiyefinans.com.tr/tr-tr/kobi/kobi-kredileri/Sayfalar/kobi-aninda-finansman.aspx,HAYIR,HAYIR,TICARI_FINANSMAN,TICARI_FINANSMAN,TICARI_FINANSMAN,ACCEPT,0.95,commercial_finance
turkiye_finans-4ab6a3b736ba,train,Türkiye Finans Katılım Bankası A.Ş.,Dijital Taksitli Ticari Finansman Desteği | KOBİ,https://www.turkiyefinans.com.tr/tr-tr/kobi/Sayfalar/dijital-taksitli-ticari-finansman-destegi.aspx,HAYIR,HAYIR,TICARI_FINANSMAN,TICARI_FINANSMAN,TICARI_FINANSMAN,ACCEPT,0.95,commercial_finance
turkiye_finans-4e41248a505d,train,Türkiye Finans Katılım Bankası A.Ş.,Motosiklet Finansmanı (Motosiklet Kredisi)*,https://www.turkiyefinans.com.tr/tr-tr/bireysel/tasit-finansmani/Sayfalar/motosiklet-finansmani.aspx,HAYIR,HAYIR,TASIT_FINANSMANI,TASIT_FINANSMANI,TASIT_FINANSMANI,ACCEPT,0.97,vehicle_finance
turkiye_finans-90a26ea37a97,train,Türkiye Finans Katılım Bankası A.Ş.,Borsa Yatırım Fonu | Yatırım Hizmetleri,https://www.turkiyefinans.com.tr/tr-tr/bireysel/yatirim-hizmetleri/borsa-yatirim-fonu/Sayfalar/default.aspx,HAYIR,HAYIR,YATIRIM_URUNU,YATIRIM_URUNU,YATIRIM_URUNU,ACCEPT,0.96,investment_product
turkiye_finans-8552b5cb7a9b,train,Türkiye Finans Katılım Bankası A.Ş.,Ticari Hat / Ticari Plaka Finansmanı (Ticari Hat / Ticari Plaka Kredisi)*,https://www.turkiyefinans.com.tr/tr-tr/bireysel/tasit-finansmani/Sayfalar/taksitli-ticari-tasit-finansmani.aspx,HAYIR,HAYIR,TASIT_FINANSMANI,TASIT_FINANSMANI,TASIT_FINANSMANI,ACCEPT,0.97,vehicle_finance
turkiye_finans-41d11eb87216,train,Türkiye Finans Katılım Bankası A.Ş.,Taksitli Ticari Taşıt Finansmanı (Taksitli Ticari Taşıt Kredisi)*,https://www.turkiyefinans.com.tr/tr-tr/bireysel/tasit-finansmani/Sayfalar/ticari-hat-ticari-plaka-finansmani.aspx,HAYIR,HAYIR,TASIT_FINANSMANI,TASIT_FINANSMANI,TASIT_FINANSMANI,ACCEPT,0.97,vehicle_finance
turkiye_finans-3da422fd128e,train,Türkiye Finans Katılım Bankası A.Ş.,Nasıl TFXTarget Kullanıcı Olunur? | Yatırım Hizmetleri | Bireysel,https://www.turkiyefinans.com.tr/tr-tr/bireysel/yatirim-hizmetleri/Sayfalar/tfxtarget-kullanicisi-nasil-olunur.aspx,HAYIR,HAYIR,YATIRIM_URUNU,YATIRIM_URUNU,YATIRIM_URUNU,MANUAL,0.99,manual_semantic_resolution
turkiye_finans-31ac23b0f661,train,Türkiye Finans Katılım Bankası A.Ş.,Sıkça Sorulan Sorular,https://www.turkiyefinans.com.tr/tr-tr/musteri-memnuniyet-merkezi/Sayfalar/Sikca-Sorulan-Sorular.aspx?category=finansman,HAYIR,HAYIR,DIGER_FINANSMAN,DIGER,DIGER,CORRECT,0.98,editorial_or_reference_page
turkiye_finans-4d6c59634854,train,Türkiye Finans Katılım Bankası A.Ş.,Sıkça Sorulan Sorular,https://www.turkiyefinans.com.tr/tr-tr/musteri-memnuniyet-merkezi/Sayfalar/Sikca-Sorulan-Sorular.aspx?category=konutfinansmani,HAYIR,HAYIR,KONUT_FINANSMANI,DIGER,DIGER,CORRECT,0.98,editorial_or_reference_page
turkiye_finans-84db8998ecfd,train,Türkiye Finans Katılım Bankası A.Ş.,Sıkça Sorulan Sorular,https://www.turkiyefinans.com.tr/tr-tr/musteri-memnuniyet-merkezi/Sayfalar/Sikca-Sorulan-Sorular.aspx?category=ihtiyacfinansmani,HAYIR,HAYIR,IHTIYAC_FINANSMANI,DIGER,DIGER,CORRECT,0.98,editorial_or_reference_page
turkiye_finans-f6f8f0513887,train,Türkiye Finans Katılım Bankası A.Ş.,Yedek Hesap | Bireysel,https://www.turkiyefinans.com.tr/tr-tr/bireysel/Sayfalar/yedek-hesap.aspx,HAYIR,HAYIR,DIGER,IHTIYAC_FINANSMANI,IHTIYAC_FINANSMANI,MANUAL,0.99,manual_semantic_resolution
turkiye_finans-9fa9a7346b3a,train,Türkiye Finans Katılım Bankası A.Ş.,Günlük Hesap | Bireysel,https://www.turkiyefinans.com.tr/tr-tr/bireysel/Sayfalar/gunluk-hesap.aspx,HAYIR,HAYIR,KATILMA_HESABI,KATILMA_HESABI,KATILMA_HESABI,MANUAL,0.99,manual_semantic_resolution
turkiye_finans-28dcf6582d5d,train,Türkiye Finans Katılım Bankası A.Ş.,KOBİ'ler için Günlük Hesap | KOBİ,https://www.turkiyefinans.com.tr/tr-tr/kobi/Sayfalar/kobi-icin-gunluk-hesap.aspx,HAYIR,HAYIR,KATILMA_HESABI,KATILMA_HESABI,KATILMA_HESABI,ACCEPT,0.96,participation_account
turkiye_finans-13e0e8164032,train,Türkiye Finans Katılım Bankası A.Ş.,Kıymetli Maden Ürünleri: Altın & Gümüş Hesap,https://www.turkiyefinans.com.tr/tr-tr/bireysel/altin-urunleri/Sayfalar/default.aspx,HAYIR,HAYIR,YATIRIM_URUNU,YATIRIM_URUNU,YATIRIM_URUNU,MANUAL,0.99,manual_semantic_resolution
turkiye_finans-91fb8530347b,train,Türkiye Finans Katılım Bankası A.Ş.,"Stopaj Nedir, Nasıl Hesaplanır? | Blog",https://www.turkiyefinans.com.tr/tr-tr/blog/Sayfalar/stopaj-nedir-nasil-hesaplanir.aspx,HAYIR,HAYIR,DIGER,DIGER,DIGER,ACCEPT,0.98,editorial_or_reference_page
turkiye_finans-eba49b3adf17,train,Türkiye Finans Katılım Bankası A.Ş.,Altın Hesap | Kıymetli Maden Ürünleri | Bireysel,https://www.turkiyefinans.com.tr/tr-tr/bireysel/altin-urunleri/sayfalar/altin-hesap.aspx,HAYIR,HAYIR,YATIRIM_URUNU,YATIRIM_URUNU,YATIRIM_URUNU,ACCEPT,0.96,investment_product
turkiye_finans-0651352e1121,train,Türkiye Finans Katılım Bankası A.Ş.,Tam Pansiyon Turizm Paketi | Ticari,https://www.turkiyefinans.com.tr/tr-tr/ticari/sektor-urun-paketleri/Sayfalar/tam-pansiyon-turizm-paketi.aspx,HAYIR,HAYIR,DIGER,TICARI_FINANSMAN,TICARI_FINANSMAN,CORRECT,0.95,commercial_finance
turkiye_finans-4ac60b0784fe,train,Türkiye Finans Katılım Bankası A.Ş.,"Rayiç Bedel Nedir, Nasıl Hesaplanır?",https://www.turkiyefinans.com.tr/tr-tr/blog/Sayfalar/rayic-bedel-nedir-nasil-hesaplanir.aspx,HAYIR,HAYIR,DIGER,DIGER,DIGER,ACCEPT,0.98,editorial_or_reference_page
turkiye_finans-72a2c2dd029b,train,Türkiye Finans Katılım Bankası A.Ş.,Vadeli Katılma Hesabı: Çeyiz Hesabı,https://www.turkiyefinans.com.tr/tr-tr/bireysel/katilma-hesaplari/Sayfalar/ceyiz-hesabi.aspx,HAYIR,HAYIR,KATILMA_HESABI,KATILMA_HESABI,KATILMA_HESABI,ACCEPT,0.96,participation_account
turkiye_finans-85150ccbabd6,train,Türkiye Finans Katılım Bankası A.Ş.,Günlük Vadeli Hesap: Konforlu Hesap,https://www.turkiyefinans.com.tr/tr-tr/bireysel/katilma-hesaplari/Sayfalar/konforlu-hesap.aspx,HAYIR,HAYIR,KATILMA_HESABI,KATILMA_HESABI,KATILMA_HESABI,ACCEPT,0.96,participation_account
turkiye_finans-240387942409,train,Türkiye Finans Katılım Bankası A.Ş.,Katılma Hesapları | Vadeli Hesaplar,https://www.turkiyefinans.com.tr/tr-tr/bireysel/katilma-hesaplari/Sayfalar/katilma-hesaplari.aspx,HAYIR,HAYIR,KATILMA_HESABI,KATILMA_HESABI,KATILMA_HESABI,ACCEPT,0.96,participation_account
turkiye_finans-c3c0599aac5b,train,Türkiye Finans Katılım Bankası A.Ş.,Altın Katılım Hesabı | Kıymetli Maden Ürünleri | Bireysel,https://www.turkiyefinans.com.tr/tr-tr/bireysel/altin-urunleri/Sayfalar/altin-katilim-hesabi.aspx,HAYIR,HAYIR,YATIRIM_URUNU,YATIRIM_URUNU,YATIRIM_URUNU,ACCEPT,0.96,investment_product
turkiye_finans-cfcb62ac051c,train,Türkiye Finans Katılım Bankası A.Ş.,Digital Onboarding: Görüntülü Başvuru,https://www.turkiyefinans.com.tr/tr-tr/dijital-bankacilik/mobil/Sayfalar/goruntulu_hesap_acma.aspx,HAYIR,HAYIR,DIGER,DIGER,DIGER,MANUAL,0.99,manual_semantic_resolution
turkiye_finans-a0aa84ad98a5,train,Türkiye Finans Katılım Bankası A.Ş.,Yuvam Hesap: TL Katılma Hesabı,https://www.turkiyefinans.com.tr/tr-tr/bireysel/katilma-hesaplari/Sayfalar/yuvam-katilim-hesabi.aspx,HAYIR,HAYIR,KATILMA_HESABI,KATILMA_HESABI,KATILMA_HESABI,ACCEPT,0.96,participation_account
turkiye_finans-00a01b4f1342,train,Türkiye Finans Katılım Bankası A.Ş.,Esnek Vadeli Katılma Hesabı,https://www.turkiyefinans.com.tr/tr-tr/bireysel/katilma-hesaplari/Sayfalar/esnek-vadeli-katilim-hesabi.aspx,HAYIR,HAYIR,KATILMA_HESABI,KATILMA_HESABI,KATILMA_HESABI,ACCEPT,0.96,participation_account
turkiye_finans-3714f8b69520,train,Türkiye Finans Katılım Bankası A.Ş.,Şirketiniz İçin Katılma Hesapları,https://www.turkiyefinans.com.tr/tr-tr/ticari/ticari-katilma-hesaplari/Sayfalar/ticari-katilma-hesaplari.aspx,HAYIR,HAYIR,KATILMA_HESABI,KATILMA_HESABI,KATILMA_HESABI,ACCEPT,0.96,participation_account
turkiye_finans-a6e738b0a617,train,Türkiye Finans Katılım Bankası A.Ş.,Sıkça Sorulan Sorular,https://www.turkiyefinans.com.tr/tr-tr/musteri-memnuniyet-merkezi/Sayfalar/Sikca-Sorulan-Sorular.aspx?category=yedekhesap,HAYIR,HAYIR,DIGER,DIGER,DIGER,ACCEPT,0.98,editorial_or_reference_page
turkiye_finans-30e8242bb052,train,Türkiye Finans Katılım Bankası A.Ş.,Türkiye Finans Katılım Bankası,https://www.turkiyefinans.com.tr/tr-tr/Sayfalar/default.aspx,HAYIR,HAYIR,DIGER,DIGER,DIGER,MANUAL,0.99,manual_semantic_resolution
turkiye_finans-1fea765670a3,train,Türkiye Finans Katılım Bankası A.Ş.,2023'ü Geride Bırakırken,https://www.turkiyefinans.com.tr/tr-tr/blog/Sayfalar/2023.aspx,HAYIR,HAYIR,DIGER,DIGER,DIGER,ACCEPT,0.98,editorial_or_reference_page
turkiye_finans-79684652b24c,train,Türkiye Finans Katılım Bankası A.Ş.,KOBİ Hizmet ve Finansmanları,https://www.turkiyefinans.com.tr/tr-tr/kobi/Sayfalar/default.aspx,HAYIR,HAYIR,TICARI_FINANSMAN,TICARI_FINANSMAN,TICARI_FINANSMAN,ACCEPT,0.95,commercial_finance
turkiye_finans-1fdfeab3d8b2,train,Türkiye Finans Katılım Bankası A.Ş.,"Finans, Ekonomi ve Kültür & Sanata Dair Blog",https://www.turkiyefinans.com.tr/tr-tr/blog/Sayfalar/default.aspx,HAYIR,HAYIR,DIGER,DIGER,DIGER,ACCEPT,0.98,editorial_or_reference_page
turkiye_finans-e1e0b765097a,train,Türkiye Finans Katılım Bankası A.Ş.,Ticari Hizmet ve Finansmanlar,https://www.turkiyefinans.com.tr/tr-tr/ticari/Sayfalar/default.aspx,HAYIR,HAYIR,TICARI_FINANSMAN,TICARI_FINANSMAN,TICARI_FINANSMAN,ACCEPT,0.95,commercial_finance
turkiye_finans-a8f13774ede8,train,Türkiye Finans Katılım Bankası A.Ş.,Ödemeler | Bireysel,https://www.turkiyefinans.com.tr/tr-tr/bireysel/odemeler/Sayfalar/odemeler.aspx,HAYIR,HAYIR,ODEME_TRANSFER_HIZMETI,ODEME_TRANSFER_HIZMETI,ODEME_TRANSFER_HIZMETI,ACCEPT,0.97,payment_or_transfer
turkiye_finans-2d7cb37fa4cc,train,Türkiye Finans Katılım Bankası A.Ş.,DASK - Zorunlu Deprem Sigortası Nedir? | Türkiye Finans,https://www.turkiyefinans.com.tr/tr-tr/blog/Sayfalar/dask-nedir.aspx,HAYIR,HAYIR,SIGORTA_TEKAFUL_URUNU,DIGER,DIGER,CORRECT,0.98,editorial_or_reference_page
turkiye_finans-42288aab55e7,train,Türkiye Finans Katılım Bankası A.Ş.,Yeşil Finans: Çevre ve Ekonominin Keşişim Noktası,https://www.turkiyefinans.com.tr/tr-tr/blog/Sayfalar/yesil-finans.aspx,HAYIR,HAYIR,DIGER,DIGER,DIGER,ACCEPT,0.98,editorial_or_reference_page
vakif_katilim-78a47f5b12f6,train,Vakıf Katılım Bankası A.Ş.,Kar Paylaşım Oranları | Bireysel,https://www.vakifkatilim.com.tr/tr/kendim-icin/hesaplar/katilma-hesaplari/kar-paylasim-oranlari,HAYIR,HAYIR,YATIRIM_URUNU,KATILMA_HESABI,KATILMA_HESABI,CORRECT,0.96,participation_account
vakif_katilim-03c2855c1658,train,Vakıf Katılım Bankası A.Ş.,Muhiku’da %20 İndirim!,https://www.vakifkatilim.com.tr/tr/kendim-icin/kampanyalar/detay/muhikuda-20-indirim,EVET,EVET,DIGER_KAMPANYA,DIGER_KAMPANYA,DIGER_KAMPANYA,ACCEPT,0.94,non_card_campaign
vakif_katilim-a34f03e0c477,train,Vakıf Katılım Bankası A.Ş.,Detay | Vakıf Katılım,https://www.vakifkatilim.com.tr/tr/kendim-icin/kampanyalar/detay/tamamla-kazan,EVET,EVET,DIGER_KAMPANYA,DIGER_KAMPANYA,DIGER_KAMPANYA,ACCEPT,0.94,non_card_campaign
vakif_katilim-31772238f171,train,Vakıf Katılım Bankası A.Ş.,Forward | Kurumsal,https://www.vakifkatilim.com.tr/tr/isim-icin/yatirim/hazine-urunleri/forward,HAYIR,HAYIR,YATIRIM_URUNU,YATIRIM_URUNU,YATIRIM_URUNU,ACCEPT,0.96,investment_product
vakif_katilim-7fce3c1ba426,train,Vakıf Katılım Bankası A.Ş.,Döviz Alım Satım | Bireysel,https://www.vakifkatilim.com.tr/tr/kendim-icin/yatirim/hazine-urunleri/doviz-alimsatim,HAYIR,HAYIR,YATIRIM_URUNU,YATIRIM_URUNU,YATIRIM_URUNU,ACCEPT,0.96,investment_product
vakif_katilim-886217c552d2,train,Vakıf Katılım Bankası A.Ş.,Hisse Senedi | Bireysel,https://www.vakifkatilim.com.tr/tr/kendim-icin/yatirim/sermaye-piyasasi-urunleri/hisse-senedi,HAYIR,HAYIR,YATIRIM_URUNU,YATIRIM_URUNU,YATIRIM_URUNU,ACCEPT,0.96,investment_product
vakif_katilim-143dc8384124,train,Vakıf Katılım Bankası A.Ş.,Yatırım Fonları | Kurumsal,https://www.vakifkatilim.com.tr/tr/isim-icin/yatirim/sermaye-piyasasi-urunleri/yatirim-fonlari,HAYIR,HAYIR,YATIRIM_URUNU,YATIRIM_URUNU,YATIRIM_URUNU,ACCEPT,0.96,investment_product
vakif_katilim-b1fe3aed89f8,train,Vakıf Katılım Bankası A.Ş.,Kıymetli Maden Alım Satım | Bireysel,https://www.vakifkatilim.com.tr/tr/kendim-icin/yatirim/hazine-urunleri/kiymetli-maden-alimsatim,HAYIR,HAYIR,YATIRIM_URUNU,YATIRIM_URUNU,YATIRIM_URUNU,ACCEPT,0.96,investment_product
vakif_katilim-21fdf2d3936e,train,Vakıf Katılım Bankası A.Ş.,Yatırım Fonları | Bireysel,https://www.vakifkatilim.com.tr/tr/kendim-icin/yatirim/sermaye-piyasasi-urunleri/yatirim-fonlari,HAYIR,HAYIR,YATIRIM_URUNU,YATIRIM_URUNU,YATIRIM_URUNU,ACCEPT,0.96,investment_product
vakif_katilim-0c13059ce93b,train,Vakıf Katılım Bankası A.Ş.,“VClub Dünyası” Artık Vakıf Katılım Mobil’de!,https://www.vakifkatilim.com.tr/tr/kendim-icin/kampanyalar/detay/vclub-dunyasi-artik-vakif-katilim-mobilde,EVET,EVET,KART_KAMPANYASI,KART_KAMPANYASI,KART_KAMPANYASI,ACCEPT,0.96,confirmed_existing_card_campaign
vakif_katilim-e5f18227a332,train,Vakıf Katılım Bankası A.Ş.,Vakıf Katılımlı Olanlara tabii’den Premium Üyelik!,https://www.vakifkatilim.com.tr/tr/kendim-icin/kampanyalar/detay/vakif-katilimli-olanlara-tabiiden-premium-uyelik,EVET,EVET,DIGER_KAMPANYA,DIGER_KAMPANYA,DIGER_KAMPANYA,ACCEPT,0.94,non_card_campaign
vakif_katilim-6e16fc1ad7d4,train,Vakıf Katılım Bankası A.Ş.,Lizay'dan Yapacağınız Takı Alışverişlerinizde %50'ye Varan İndirim!,https://www.vakifkatilim.com.tr/tr/kendim-icin/kampanyalar/detay/lizaydan-yapacaginiz-taki-alisverislerinizde-50ye-varan-indirim,EVET,EVET,DIGER_KAMPANYA,DIGER_KAMPANYA,DIGER_KAMPANYA,ACCEPT,0.94,non_card_campaign
vakif_katilim-260786e70cf1,train,Vakıf Katılım Bankası A.Ş.,Motosiklet Finansmanı | Bireysel,https://www.vakifkatilim.com.tr/tr/kendim-icin/finansmanlar/motosiklet-finansmani,HAYIR,HAYIR,DIGER_FINANSMAN,TASIT_FINANSMANI,TASIT_FINANSMANI,CORRECT,0.97,vehicle_finance
vakif_katilim-49512dbe6575,train,Vakıf Katılım Bankası A.Ş.,Ferah Kart | Kurumsal,https://www.vakifkatilim.com.tr/tr/isim-icin/ticari-kartlar/finansman-kartlari/ferah-kart,HAYIR,HAYIR,TICARI_FINANSMAN,KART_URUNU,KART_URUNU,CORRECT,0.97,card_product
vakif_katilim-5ef7c287e952,train,Vakıf Katılım Bankası A.Ş.,Tedarikçi Finansman Sistemi,https://www.vakifkatilim.com.tr/tr/isim-icin/finansmanlar/nakdi-finansmanlar/tedarikci-finansman-sistemi,HAYIR,HAYIR,DIGER_FINANSMAN,TICARI_FINANSMAN,TICARI_FINANSMAN,CORRECT,0.95,commercial_finance
vakif_katilim-53dfd49a9e2a,train,Vakıf Katılım Bankası A.Ş.,İthalat Finansmanları | Kurumsal,https://www.vakifkatilim.com.tr/tr/isim-icin/dis-ticaret/dis-ticaret-finansmanlari/ithalat-finansmani,HAYIR,HAYIR,DIGER_FINANSMAN,TICARI_FINANSMAN,TICARI_FINANSMAN,CORRECT,0.95,commercial_finance
vakif_katilim-29db8699a416,train,Vakıf Katılım Bankası A.Ş.,İhracat Finansmanları | Kurumsal,https://www.vakifkatilim.com.tr/tr/isim-icin/dis-ticaret/dis-ticaret-finansmanlari/ihracat-finansmani,HAYIR,HAYIR,DIGER_FINANSMAN,TICARI_FINANSMAN,TICARI_FINANSMAN,CORRECT,0.95,commercial_finance
vakif_katilim-480ef3e818fa,train,Vakıf Katılım Bankası A.Ş.,Nakdi Finansmanlar | Kurumsal,https://www.vakifkatilim.com.tr/tr/isim-icin/finansmanlar/nakdi-finansmanlar,HAYIR,HAYIR,DIGER_FINANSMAN,TICARI_FINANSMAN,TICARI_FINANSMAN,CORRECT,0.95,commercial_finance
vakif_katilim-db276276ac6b,train,Vakıf Katılım Bankası A.Ş.,Tarım Finansmanları | Kurumsal,https://www.vakifkatilim.com.tr/tr/isim-icin/finansmanlar/tarim-finansmanlari,HAYIR,HAYIR,TICARI_FINANSMAN,TICARI_FINANSMAN,TICARI_FINANSMAN,ACCEPT,0.95,commercial_finance
vakif_katilim-35a38227191d,train,Vakıf Katılım Bankası A.Ş.,KOBİ Destekli Finansmanlar | Kurumsal,https://www.vakifkatilim.com.tr/tr/isim-icin/finansmanlar/kobi-destekli-finansmanlar,HAYIR,HAYIR,TICARI_FINANSMAN,TICARI_FINANSMAN,TICARI_FINANSMAN,ACCEPT,0.95,commercial_finance
vakif_katilim-22d37424c09c,train,Vakıf Katılım Bankası A.Ş.,Finansal Kiralamalar | Kurumsal,https://www.vakifkatilim.com.tr/tr/isim-icin/finansmanlar/finansal-kiralamalar,HAYIR,HAYIR,DIGER_FINANSMAN,TICARI_FINANSMAN,TICARI_FINANSMAN,CORRECT,0.95,commercial_finance
vakif_katilim-93333f88f471,train,Vakıf Katılım Bankası A.Ş.,Finansal Kiralama | Kurumsal,https://www.vakifkatilim.com.tr/tr/isim-icin/finansmanlar/finansal-kiralamalar/finansal-kiralama,HAYIR,HAYIR,DIGER_FINANSMAN,TICARI_FINANSMAN,TICARI_FINANSMAN,CORRECT,0.95,commercial_finance
vakif_katilim-4341aaaaf08a,train,Vakıf Katılım Bankası A.Ş.,Kentsel Dönüşüm Finansmanı | Bireysel,https://www.vakifkatilim.com.tr/tr/kendim-icin/finansmanlar/kentsel-donusum-finansmani,HAYIR,HAYIR,DIGER_FINANSMAN,KONUT_FINANSMANI,KONUT_FINANSMANI,CORRECT,0.97,housing_finance
vakif_katilim-7f49ab8a0f96,train,Vakıf Katılım Bankası A.Ş.,Kredi Kartı | Bireysel,https://www.vakifkatilim.com.tr/tr/kendim-icin/kartlar/kredi-karti,HAYIR,HAYIR,DIGER_FINANSMAN,KART_URUNU,KART_URUNU,CORRECT,0.97,card_product
vakif_katilim-34d1a6dc1585,train,Vakıf Katılım Bankası A.Ş.,Yatırım | Kurumsal,https://www.vakifkatilim.com.tr/tr/isim-icin/yatirim,HAYIR,HAYIR,YATIRIM_URUNU,YATIRIM_URUNU,YATIRIM_URUNU,ACCEPT,0.96,investment_product
vakif_katilim-7e8348756084,train,Vakıf Katılım Bankası A.Ş.,Yatırım | Bireysel,https://www.vakifkatilim.com.tr/tr/kendim-icin/yatirim,HAYIR,HAYIR,YATIRIM_URUNU,YATIRIM_URUNU,YATIRIM_URUNU,MANUAL,0.99,manual_semantic_resolution
vakif_katilim-0b5e42a15440,train,Vakıf Katılım Bankası A.Ş.,Kartlar | Bireysel,https://www.vakifkatilim.com.tr/tr/kendim-icin/kartlar,HAYIR,HAYIR,KART_URUNU,KART_URUNU,KART_URUNU,MANUAL,0.99,manual_semantic_resolution
vakif_katilim-73cf4df31a54,train,Vakıf Katılım Bankası A.Ş.,Finansmanlar | Bireysel,https://www.vakifkatilim.com.tr/tr/kendim-icin/finansmanlar,HAYIR,HAYIR,DIGER_FINANSMAN,DIGER_FINANSMAN,DIGER_FINANSMAN,ACCEPT,0.88,other_finance
vakif_katilim-7beb3901ea65,train,Vakıf Katılım Bankası A.Ş.,Arsa Finansmanı | Bireysel,https://www.vakifkatilim.com.tr/tr/kendim-icin/finansmanlar/arsa-finansmani,HAYIR,HAYIR,DIGER_FINANSMAN,KONUT_FINANSMANI,KONUT_FINANSMANI,CORRECT,0.97,housing_finance
vakif_katilim-1c8f54264607,train,Vakıf Katılım Bankası A.Ş.,İş Yeri Finansmanı | Bireysel,https://www.vakifkatilim.com.tr/tr/kendim-icin/finansmanlar/is-yeri-finansmani,HAYIR,HAYIR,DIGER_FINANSMAN,KONUT_FINANSMANI,KONUT_FINANSMANI,CORRECT,0.97,housing_finance
vakif_katilim-a7bd55f742d1,train,Vakıf Katılım Bankası A.Ş.,DBS Alacakları ile Finansman | Kurumsal,https://www.vakifkatilim.com.tr/tr/isim-icin/finansmanlar/nakdi-finansmanlar/dbs-alacaklariniz-ile-finansman,HAYIR,HAYIR,DIGER_FINANSMAN,TICARI_FINANSMAN,TICARI_FINANSMAN,CORRECT,0.95,commercial_finance
vakif_katilim-623d8e815943,train,Vakıf Katılım Bankası A.Ş.,Hızlı Fon Finansmanı,https://www.vakifkatilim.com.tr/tr/kendim-icin/finansmanlar/hizli-fon-finansmani,HAYIR,HAYIR,DIGER_FINANSMAN,DIGER_FINANSMAN,DIGER_FINANSMAN,ACCEPT,0.88,other_finance
vakif_katilim-37d164d8138f,train,Vakıf Katılım Bankası A.Ş.,Günlük Hesap,https://www.vakifkatilim.com.tr/tr/kendim-icin/hesaplar/katilma-hesaplari/gunluk-hesap,HAYIR,HAYIR,KATILMA_HESABI,KATILMA_HESABI,KATILMA_HESABI,ACCEPT,0.96,participation_account
vakif_katilim-1970f79392c9,train,Vakıf Katılım Bankası A.Ş.,Kazandıran Hesap,https://www.vakifkatilim.com.tr/tr/kendim-icin/hesaplar/katilma-hesaplari/kazandiran-hesap,HAYIR,HAYIR,KATILMA_HESABI,KATILMA_HESABI,KATILMA_HESABI,ACCEPT,0.96,participation_account
vakif_katilim-68cf011cdc4a,train,Vakıf Katılım Bankası A.Ş.,Vakıf Katılım'da Bir Başvurunuz Yeter!,https://www.vakifkatilim.com.tr/tr/kendim-icin/dijital-bankacilik/vakif-katilimda-bir-basvurunuz-yeter,HAYIR,HAYIR,DIGER,DIGER,DIGER,MANUAL,0.99,manual_semantic_resolution
vakif_katilim-0fb8867d0876,train,Vakıf Katılım Bankası A.Ş.,Katılma Hesapları | Kurumsal,https://www.vakifkatilim.com.tr/tr/isim-icin/hesaplar/katilma-hesaplari,HAYIR,HAYIR,KATILMA_HESABI,KATILMA_HESABI,KATILMA_HESABI,ACCEPT,0.96,participation_account
vakif_katilim-ecad2fdab4aa,train,Vakıf Katılım Bankası A.Ş.,POS Ürünleri | Kurumsal,https://www.vakifkatilim.com.tr/tr/isim-icin/pos-urunleri,HAYIR,HAYIR,ODEME_TRANSFER_HIZMETI,ODEME_TRANSFER_HIZMETI,ODEME_TRANSFER_HIZMETI,ACCEPT,0.97,payment_or_transfer
vakif_katilim-0873d26129a4,train,Vakıf Katılım Bankası A.Ş.,Mobilde POS | Kurumsal,https://www.vakifkatilim.com.tr/tr/isim-icin/pos-urunleri/mobildepos,HAYIR,HAYIR,ODEME_TRANSFER_HIZMETI,ODEME_TRANSFER_HIZMETI,ODEME_TRANSFER_HIZMETI,ACCEPT,0.97,payment_or_transfer
vakif_katilim-696a24da3beb,train,Vakıf Katılım Bankası A.Ş.,Mail Order | Kurumsal,https://www.vakifkatilim.com.tr/tr/isim-icin/pos-urunleri/mail-order,HAYIR,HAYIR,ODEME_TRANSFER_HIZMETI,ODEME_TRANSFER_HIZMETI,ODEME_TRANSFER_HIZMETI,ACCEPT,0.97,payment_or_transfer
vakif_katilim-17d0caaa8612,train,Vakıf Katılım Bankası A.Ş.,Yazar Kasa POS | Kurumsal,https://www.vakifkatilim.com.tr/tr/isim-icin/pos-urunleri/yazar-kasa-pos,HAYIR,HAYIR,ODEME_TRANSFER_HIZMETI,ODEME_TRANSFER_HIZMETI,ODEME_TRANSFER_HIZMETI,ACCEPT,0.97,payment_or_transfer
vakif_katilim-150b9ffcc78c,train,Vakıf Katılım Bankası A.Ş.,Mobil GPRS POS | Kurumsal,https://www.vakifkatilim.com.tr/tr/isim-icin/pos-urunleri/mobil-gprs-pos,HAYIR,HAYIR,ODEME_TRANSFER_HIZMETI,ODEME_TRANSFER_HIZMETI,ODEME_TRANSFER_HIZMETI,ACCEPT,0.97,payment_or_transfer
vakif_katilim-9a645b8e7668,train,Vakıf Katılım Bankası A.Ş.,Sabit ADSL POS | Kurumsal,https://www.vakifkatilim.com.tr/tr/isim-icin/pos-urunleri/sabit-adsl-pos,HAYIR,HAYIR,ODEME_TRANSFER_HIZMETI,ODEME_TRANSFER_HIZMETI,ODEME_TRANSFER_HIZMETI,ACCEPT,0.97,payment_or_transfer
vakif_katilim-8b0e659e8813,train,Vakıf Katılım Bankası A.Ş.,Taksitli Sanal POS | Kurumsal,https://www.vakifkatilim.com.tr/tr/isim-icin/pos-urunleri/taksitli-sanal-pos,HAYIR,HAYIR,ODEME_TRANSFER_HIZMETI,ODEME_TRANSFER_HIZMETI,ODEME_TRANSFER_HIZMETI,ACCEPT,0.97,payment_or_transfer
vakif_katilim-dce3ca5e5124,train,Vakıf Katılım Bankası A.Ş.,Hesaplar | Bireysel,https://www.vakifkatilim.com.tr/tr/kendim-icin/hesaplar,HAYIR,HAYIR,KATILMA_HESABI,DIGER,DIGER,MANUAL,0.99,manual_semantic_resolution
vakif_katilim-8c532833c0b6,train,Vakıf Katılım Bankası A.Ş.,Cari Hesap | Bireysel,https://www.vakifkatilim.com.tr/tr/kendim-icin/hesaplar/cari-hesap,HAYIR,HAYIR,YATIRIM_URUNU,DIGER,DIGER,CORRECT,0.92,current_account
vakif_katilim-1810ebaeaf08,train,Vakıf Katılım Bankası A.Ş.,Katılma Hesapları | Bireysel,https://www.vakifkatilim.com.tr/tr/kendim-icin/hesaplar/katilma-hesaplari,HAYIR,HAYIR,KATILMA_HESABI,KATILMA_HESABI,KATILMA_HESABI,ACCEPT,0.96,participation_account
vakif_katilim-a6880eddf6fe,train,Vakıf Katılım Bankası A.Ş.,Çeyrek Altın Hesabı | Bireysel,https://www.vakifkatilim.com.tr/tr/kendim-icin/hesaplar/ceyrek-altin-hesabi,HAYIR,HAYIR,YATIRIM_URUNU,YATIRIM_URUNU,YATIRIM_URUNU,ACCEPT,0.96,investment_product
vakif_katilim-747c4aa2b286,train,Vakıf Katılım Bankası A.Ş.,Yuvam Hesap | Bireysel,https://www.vakifkatilim.com.tr/tr/kendim-icin/hesaplar/katilma-hesaplari/yuvam-hesap,HAYIR,HAYIR,KATILMA_HESABI,KATILMA_HESABI,KATILMA_HESABI,ACCEPT,0.96,participation_account
vakif_katilim-c9e8cb9f3ddc,train,Vakıf Katılım Bankası A.Ş.,Çeyiz Hesabı | Bireysel,https://www.vakifkatilim.com.tr/tr/kendim-icin/hesaplar/katilma-hesaplari/ceyiz-hesabi,HAYIR,HAYIR,KATILMA_HESABI,KATILMA_HESABI,KATILMA_HESABI,ACCEPT,0.96,participation_account
vakif_katilim-6dc8c383a039,train,Vakıf Katılım Bankası A.Ş.,Konut Hesabı | Bireysel,https://www.vakifkatilim.com.tr/tr/kendim-icin/hesaplar/katilma-hesaplari/konut-hesabi,HAYIR,HAYIR,KATILMA_HESABI,KATILMA_HESABI,KATILMA_HESABI,ACCEPT,0.96,participation_account
vakif_katilim-348be42d3358,train,Vakıf Katılım Bankası A.Ş.,Katılma Hesabı | Bireysel,https://www.vakifkatilim.com.tr/tr/kendim-icin/hesaplar/katilma-hesaplari/katilma-hesabi,HAYIR,HAYIR,KATILMA_HESABI,KATILMA_HESABI,KATILMA_HESABI,ACCEPT,0.96,participation_account
vakif_katilim-0a6c04e6b563,train,Vakıf Katılım Bankası A.Ş.,Altın Katılma Hesabı | Bireysel,https://www.vakifkatilim.com.tr/tr/kendim-icin/hesaplar/katilma-hesaplari/altin-katilma-hesabi,HAYIR,HAYIR,KATILMA_HESABI,KATILMA_HESABI,KATILMA_HESABI,ACCEPT,0.96,participation_account
vakif_katilim-72cde7b7614d,train,Vakıf Katılım Bankası A.Ş.,Birikimini Vakıf Katılım’da değerlendirenler her gün kazanıyor!,https://www.vakifkatilim.com.tr/tr/diger/musteri/birikimini-vakif-katilimda-degerlendirenler-her-gun-kazaniyor,HAYIR,HAYIR,DIGER,KATILMA_HESABI,KATILMA_HESABI,MANUAL,0.99,manual_semantic_resolution
vakif_katilim-af305a465dd3,train,Vakıf Katılım Bankası A.Ş.,Fast Fonların Anlık ve Sürekli Transferi | Bireysel,https://www.vakifkatilim.com.tr/tr/kendim-icin/odemeler-ve-hizmetler/hizmetler/fast-fonlarin-anlik-ve-surekli-transferi,HAYIR,HAYIR,YATIRIM_URUNU,ODEME_TRANSFER_HIZMETI,ODEME_TRANSFER_HIZMETI,CORRECT,0.97,payment_or_transfer
vakif_katilim-4da5c16825ad,train,Vakıf Katılım Bankası A.Ş.,KOBİ | Kurumsal,https://www.vakifkatilim.com.tr/tr/isim-icin/kobi,HAYIR,HAYIR,DIGER,DIGER,DIGER,MANUAL,0.99,manual_semantic_resolution
vakif_katilim-8fd5c098bbaa,train,Vakıf Katılım Bankası A.Ş.,Ticari | Kurumsal,https://www.vakifkatilim.com.tr/tr/isim-icin/ticari,HAYIR,HAYIR,DIGER,DIGER,DIGER,MANUAL,0.99,manual_semantic_resolution
vakif_katilim-47dc5d3be370,train,Vakıf Katılım Bankası A.Ş.,Kar Paylaşımlı Finansman Hayat Sigortası | Bireysel,https://www.vakifkatilim.com.tr/tr/kendim-icin/sigorta-ve-emeklilik/sigorta/diger-sigorta-hizmetleri/kar-paylasimli-finansman-hayat-sigortasi,HAYIR,HAYIR,DIGER_FINANSMAN,SIGORTA_TEKAFUL_URUNU,SIGORTA_TEKAFUL_URUNU,CORRECT,0.98,insurance_product
vakif_katilim-7e5b03ceff14,train,Vakıf Katılım Bankası A.Ş.,Ara Dönem Kar Payı Ödemeli Katılma Hesabı | Kurumsal,https://www.vakifkatilim.com.tr/tr/isim-icin/hesaplar/katilma-hesaplari/ara-donem-kar-payi-odemeli-katilma-hesabi,HAYIR,HAYIR,KATILMA_HESABI,KATILMA_HESABI,KATILMA_HESABI,ACCEPT,0.96,participation_account
vakif_katilim-49a666612b81,train,Vakıf Katılım Bankası A.Ş.,Kâr Paylaşım Oranları ile ilgili Sıkça Sorulan Sorular,https://www.vakifkatilim.com.tr/tr/diger/yardim-merkezi/kendim-icin-detay/kar-paylasim-oranlari,HAYIR,HAYIR,KATILMA_HESABI,DIGER,DIGER,CORRECT,0.98,editorial_or_reference_page
vakif_katilim-9545720410e5,train,Vakıf Katılım Bankası A.Ş.,"VKart ile Şarj Et, Yola Devam Et!",https://www.vakifkatilim.com.tr/tr/kendim-icin/kampanyalar/detay/vkart-ile-sarj-et-yola-devam-et_2,EVET,EVET,KART_KAMPANYASI,KART_KAMPANYASI,KART_KAMPANYASI,ACCEPT,0.96,confirmed_existing_card_campaign
vakif_katilim-c3b2821f3c41,train,Vakıf Katılım Bankası A.Ş.,VKart Mastercard ile IKEA’da 1.000 TL İndirim,https://www.vakifkatilim.com.tr/tr/kendim-icin/kampanyalar/detay/vkart-mastercard-ile-ikeada-1000-tl-indirim_1,EVET,EVET,KART_KAMPANYASI,KART_KAMPANYASI,KART_KAMPANYASI,ACCEPT,0.96,confirmed_existing_card_campaign
vakif_katilim-ccec72a3a0f1,train,Vakıf Katılım Bankası A.Ş.,Mastercard Kredi Kartınızla n11 Alışverişinize 300 TL İndirim,https://www.vakifkatilim.com.tr/tr/kendim-icin/kampanyalar/detay/mastercard-kredi-kartinizla-n11-alisverisinize-300-tl-indirim_1,EVET,EVET,DIGER_FINANSMAN,KART_KAMPANYASI,KART_KAMPANYASI,CORRECT,0.98,explicit_card_campaign
vakif_katilim-53451cfec2f3,train,Vakıf Katılım Bankası A.Ş.,Mastercard Kredi Kartınızla 200 TL Martı Kuponu,https://www.vakifkatilim.com.tr/tr/kendim-icin/kampanyalar/detay/mastercard-kredi-kartinizla-200-tl-marti-kuponu,EVET,EVET,DIGER_FINANSMAN,KART_KAMPANYASI,KART_KAMPANYASI,CORRECT,0.98,explicit_card_campaign
vakif_katilim-df3f10a4207f,train,Vakıf Katılım Bankası A.Ş.,3 Ay Ertelemeli Taşıt Finansmanı,https://www.vakifkatilim.com.tr/tr/kendim-icin/kampanyalar/detay/3-ay-ertelemeli-tasit-finansmani,EVET,EVET,TASIT_FINANSMANI,DIGER_KAMPANYA,DIGER_KAMPANYA,CORRECT,0.94,non_card_campaign
vakif_katilim-f1260be690c0,train,Vakıf Katılım Bankası A.Ş.,VKart ile LCW Hediye Çeki,https://www.vakifkatilim.com.tr/tr/kendim-icin/kampanyalar/detay/vkart-ile-lcw-hediye-ceki_1,EVET,EVET,KART_KAMPANYASI,KART_KAMPANYASI,KART_KAMPANYASI,ACCEPT,0.96,confirmed_existing_card_campaign
vakif_katilim-66d72d521c15,train,Vakıf Katılım Bankası A.Ş.,VKart Mastercard ile IKEA’da 1000 TL İndirim,https://www.vakifkatilim.com.tr/tr/kendim-icin/kampanyalar/detay/vkart-mastercard-ile-ikeada-1000-tl-indirim,EVET,EVET,KART_KAMPANYASI,KART_KAMPANYASI,KART_KAMPANYASI,ACCEPT,0.96,confirmed_existing_card_campaign
vakif_katilim-74f984610587,train,Vakıf Katılım Bankası A.Ş.,VKart Mastercard ile 3 GB İnternet Fırsatı,https://www.vakifkatilim.com.tr/tr/kendim-icin/kampanyalar/detay/vkart-mastercard-ile-3-gb-internet-firsati,EVET,EVET,KART_KAMPANYASI,KART_KAMPANYASI,KART_KAMPANYASI,ACCEPT,0.96,confirmed_existing_card_campaign
vakif_katilim-686907565aff,train,Vakıf Katılım Bankası A.Ş.,"VKart ile Şarj Et, Yola Devam Et!",https://www.vakifkatilim.com.tr/tr/kendim-icin/kampanyalar/detay/vkart-ile-sarj-et-yola-devam-et_1,EVET,EVET,KART_KAMPANYASI,KART_KAMPANYASI,KART_KAMPANYASI,ACCEPT,0.96,confirmed_existing_card_campaign
vakif_katilim-c92c1d99c738,train,Vakıf Katılım Bankası A.Ş.,VKart ile LCW Hediye Çeki,https://www.vakifkatilim.com.tr/tr/kendim-icin/kampanyalar/detay/vkart-ile-lcw-hediye-ceki,EVET,EVET,KART_KAMPANYASI,KART_KAMPANYASI,KART_KAMPANYASI,ACCEPT,0.96,confirmed_existing_card_campaign
vakif_katilim-6cff74d29214,train,Vakıf Katılım Bankası A.Ş.,VKart ile Arzum’da %25 İndirim!,https://www.vakifkatilim.com.tr/tr/kendim-icin/kampanyalar/detay/vkart-ile-arzumda-25-indirim,EVET,EVET,KART_KAMPANYASI,KART_KAMPANYASI,KART_KAMPANYASI,ACCEPT,0.96,confirmed_existing_card_campaign
ziraat_katilim-1e06feaffd55,train,Ziraat Katılım Bankası A.Ş.,Kredi Kartları ve Banka Kartları,https://www.ziraatkatilim.com.tr/urun-ve-hizmet-ucretleri/kredi-kartlari-ve-banka-kartlari,HAYIR,HAYIR,DIGER_FINANSMAN,KART_URUNU,KART_URUNU,CORRECT,0.97,card_product
ziraat_katilim-ab4e9200aa67,train,Ziraat Katılım Bankası A.Ş.,Yatırım Teşvik Belgesi Kapsamında Kâr Payı Desteği,https://www.ziraatkatilim.com.tr/ticari/finansman-urunleri/finansman_is_birlikleri/yatirim-tesvik-belgesi-kapsaminda-kar-payi-destegi,HAYIR,HAYIR,TICARI_FINANSMAN,TICARI_FINANSMAN,TICARI_FINANSMAN,MANUAL,0.99,manual_semantic_resolution
ziraat_katilim-41ef8dab7801,train,Ziraat Katılım Bankası A.Ş.,Ziraat Katılım Bankası,https://www.ziraatkatilim.com.tr/urun-ve-hizmet-ucretleri/bireysel-krediler,HAYIR,HAYIR,DIGER_FINANSMAN,DIGER_FINANSMAN,DIGER_FINANSMAN,ACCEPT,0.88,other_finance
ziraat_katilim-784a3f2ad226,train,Ziraat Katılım Bankası A.Ş.,Ürün ve Hizmet Ücretleri,https://www.ziraatkatilim.com.tr/urun-ve-hizmet-ucretleri,HAYIR,HAYIR,DIGER,DIGER,DIGER,ACCEPT,0.98,editorial_or_reference_page
ziraat_katilim-522ea2260bee,train,Ziraat Katılım Bankası A.Ş.,Ara Dönem Kâr Payı Ödemeli Katılma Hesabı,https://www.ziraatkatilim.com.tr/bireysel/hesaplar/katilma-hesaplari/ara-donem-kar-payi-odemeli-katilma-hesabi,HAYIR,HAYIR,KATILMA_HESABI,KATILMA_HESABI,KATILMA_HESABI,ACCEPT,0.96,participation_account
ziraat_katilim-760f7d95fa99,train,Ziraat Katılım Bankası A.Ş.,Ziraat Katılım Bankası,https://www.ziraatkatilim.com.tr/urun-ve-hizmet-ucretleri/diger,HAYIR,HAYIR,DIGER,DIGER,DIGER,MANUAL,0.99,manual_semantic_resolution
ziraat_katilim-b728bc3c482f,train,Ziraat Katılım Bankası A.Ş.,Ziraat Katılım Bankası,https://www.ziraatkatilim.com.tr/urun-ve-hizmet-ucretleri/dis-ticaret,HAYIR,HAYIR,DIGER,DIGER,DIGER,MANUAL,0.99,manual_semantic_resolution
ziraat_katilim-3469ceea8720,train,Ziraat Katılım Bankası A.Ş.,Ziraat Katılım Bankası,https://www.ziraatkatilim.com.tr/urun-ve-hizmet-ucretleri/kiralik-kasa,HAYIR,HAYIR,DIGER,DIGER,DIGER,MANUAL,0.99,manual_semantic_resolution
ziraat_katilim-2204690813fe,train,Ziraat Katılım Bankası A.Ş.,Ziraat Katılım Bankası,https://www.ziraatkatilim.com.tr/urun-ve-hizmet-ucretleri/mevduat-hesaplari,HAYIR,HAYIR,DIGER,DIGER,DIGER,MANUAL,0.99,manual_semantic_resolution
ziraat_katilim-5d9d22bd6e46,train,Ziraat Katılım Bankası A.Ş.,Okul Ödemenizde 12 Aya Varan Taksit Fırsatı,https://www.ziraatkatilim.com.tr/bireysel/kart-kampanyalari/okul-odemelerinizde-8-taksit,EVET,EVET,KART_KAMPANYASI,KART_KAMPANYASI,KART_KAMPANYASI,ACCEPT,0.96,confirmed_existing_card_campaign
ziraat_katilim-7894ae738d31,train,Ziraat Katılım Bankası A.Ş.,Ziraat Katılım Bankası,https://www.ziraatkatilim.com.tr/kart-kampanyalari,HAYIR,HAYIR,KART_URUNU,DIGER,DIGER,MANUAL,0.99,manual_semantic_resolution
ziraat_katilim-963aef3c6056,train,Ziraat Katılım Bankası A.Ş.,Ziraat Katılım Bankası,https://www.ziraatkatilim.com.tr/bireysel/kampanyalar/kart-kampanyalari,EVET,EVET,KART_KAMPANYASI,KART_KAMPANYASI,KART_KAMPANYASI,ACCEPT,0.96,confirmed_existing_card_campaign
ziraat_katilim-4b8537708c87,train,Ziraat Katılım Bankası A.Ş.,TROY Kart & Türk Hava Yolları Kampanyası,https://www.ziraatkatilim.com.tr/troy-kart-turk-hava-yollari-kampanyasi,EVET,EVET,KART_KAMPANYASI,KART_KAMPANYASI,KART_KAMPANYASI,ACCEPT,0.96,confirmed_existing_card_campaign
ziraat_katilim-57b54bb202aa,train,Ziraat Katılım Bankası A.Ş.,Ziraat Katılım Bankkart Ek MTV Kampanyası,https://www.ziraatkatilim.com.tr/ziraat-katilim-bankkart-ek-mtv-kampanyasi,EVET,EVET,KART_KAMPANYASI,KART_KAMPANYASI,KART_KAMPANYASI,ACCEPT,0.96,confirmed_existing_card_campaign
ziraat_katilim-4e37f3f16ba7,train,Ziraat Katılım Bankası A.Ş.,Ziraat Katılım Bankkart Babalar Günü Kampanyası,https://www.ziraatkatilim.com.tr/bireysel/kampanyalar/ziraat-katilim-bankkart-babalargunu-kampanyasi,EVET,EVET,KART_KAMPANYASI,KART_KAMPANYASI,KART_KAMPANYASI,ACCEPT,0.96,confirmed_existing_card_campaign
ziraat_katilim-74bf4c8cbe91,train,Ziraat Katılım Bankası A.Ş.,Ziraat Katılım Bankkart Hoş Geldiniz Kampanyası,https://www.ziraatkatilim.com.tr/bireysel/kampanyalar/bankkart-hos-geldiniz-kampanyasi,EVET,EVET,KART_KAMPANYASI,KART_KAMPANYASI,KART_KAMPANYASI,ACCEPT,0.96,confirmed_existing_card_campaign
ziraat_katilim-83393142a658,train,Ziraat Katılım Bankası A.Ş.,Finansman İş Birlikleri,https://www.ziraatkatilim.com.tr/ticari/finansman-urunleri/finansman_is_birlikleri,HAYIR,HAYIR,TICARI_FINANSMAN,TICARI_FINANSMAN,TICARI_FINANSMAN,ACCEPT,0.95,commercial_finance
ziraat_katilim-623e9045154d,train,Ziraat Katılım Bankası A.Ş.,KOSGEB Küresel Rekabetçilik Destek Programı,https://www.ziraatkatilim.com.tr/ticari/finansman-urunleri/finansman_is_birlikleri/kosgeb-destekli-finansmanlar/kosgeb-kuresel-rekabetcilik-destek-programi,HAYIR,HAYIR,TICARI_FINANSMAN,TICARI_FINANSMAN,TICARI_FINANSMAN,ACCEPT,0.95,commercial_finance
ziraat_katilim-6ef86858ad18,train,Ziraat Katılım Bankası A.Ş.,Yeni Üye İşyeri Kazanımı POS Kampanyası,https://www.ziraatkatilim.com.tr/bireysel/kampanyalar/yeni-uye-isyeri-kazanimi-pos-kampanyasi,EVET,EVET,DIGER_KAMPANYA,DIGER_KAMPANYA,DIGER_KAMPANYA,ACCEPT,0.94,non_card_campaign
ziraat_katilim-db46a1a02d45,train,Ziraat Katılım Bankası A.Ş.,Ziraat Katılım Bankası,https://www.ziraatkatilim.com.tr/bireysel/finansman-urunleri/ihtiyac-finansmani/aninda-finansman,HAYIR,HAYIR,IHTIYAC_FINANSMANI,IHTIYAC_FINANSMANI,IHTIYAC_FINANSMANI,ACCEPT,0.97,personal_finance
ziraat_katilim-440aa678015b,train,Ziraat Katılım Bankası A.Ş.,Ziraat Katılım Bankası,https://www.ziraatkatilim.com.tr/bireysel/yatirim-urunleri/aninda-piyasa,HAYIR,HAYIR,YATIRIM_URUNU,YATIRIM_URUNU,YATIRIM_URUNU,ACCEPT,0.96,investment_product
ziraat_katilim-1aa8caf59969,train,Ziraat Katılım Bankası A.Ş.,Yatırım ve Hazine Ürünleri,https://www.ziraatkatilim.com.tr/ticari/yatirim-urunleri,HAYIR,HAYIR,YATIRIM_URUNU,YATIRIM_URUNU,YATIRIM_URUNU,ACCEPT,0.96,investment_product
ziraat_katilim-38ccc962d440,train,Ziraat Katılım Bankası A.Ş.,Ziraat Katılım Bankası,https://www.ziraatkatilim.com.tr/bireysel/yatirim-urunleri/hisse-senedi,HAYIR,HAYIR,YATIRIM_URUNU,YATIRIM_URUNU,YATIRIM_URUNU,ACCEPT,0.96,investment_product
ziraat_katilim-58ce177c1677,train,Ziraat Katılım Bankası A.Ş.,Ziraat Katılım Bankası,https://www.ziraatkatilim.com.tr/ticari/yatirim-urunleri/yatirim-fonlari,HAYIR,HAYIR,YATIRIM_URUNU,YATIRIM_URUNU,YATIRIM_URUNU,ACCEPT,0.96,investment_product
ziraat_katilim-9c11f80d267f,train,Ziraat Katılım Bankası A.Ş.,Ziraat Katılım Bankası,https://www.ziraatkatilim.com.tr/bireysel/finansman-urunleri/ihtiyac-finansmani/egitim-finansmani,HAYIR,HAYIR,IHTIYAC_FINANSMANI,IHTIYAC_FINANSMANI,IHTIYAC_FINANSMANI,ACCEPT,0.97,personal_finance
ziraat_katilim-6f9dc94854cd,train,Ziraat Katılım Bankası A.Ş.,İpotekli Bireysel Finansman,https://www.ziraatkatilim.com.tr/bireysel/finansman-urunleri/ihtiyac-finansmani/ipotekli-bireysel-finansman,HAYIR,HAYIR,IHTIYAC_FINANSMANI,IHTIYAC_FINANSMANI,IHTIYAC_FINANSMANI,ACCEPT,0.97,personal_finance
ziraat_katilim-b0052c70fd72,train,Ziraat Katılım Bankası A.Ş.,Dayanıklı Tüketim Finansmanı,https://www.ziraatkatilim.com.tr/bireysel/finansman-urunleri/ihtiyac-finansmani/dayanikli-tuketim-finansmani,HAYIR,HAYIR,IHTIYAC_FINANSMANI,IHTIYAC_FINANSMANI,IHTIYAC_FINANSMANI,ACCEPT,0.97,personal_finance
ziraat_katilim-cb9133555742,train,Ziraat Katılım Bankası A.Ş.,Doğalgaz Dönüşüm Finansmanı,https://www.ziraatkatilim.com.tr/bireysel/finansman-urunleri/ihtiyac-finansmani/dogal-gaz-donusum-finansmani,HAYIR,HAYIR,IHTIYAC_FINANSMANI,IHTIYAC_FINANSMANI,IHTIYAC_FINANSMANI,ACCEPT,0.97,personal_finance
ziraat_katilim-949f7dbf0f06,train,Ziraat Katılım Bankası A.Ş.,Bireysel Arsa Finansmanı,https://www.ziraatkatilim.com.tr/bireysel/finansman-urunleri/konut-gayrimenkul-finansmani/bireysel-arsa-finansmani,HAYIR,HAYIR,KONUT_FINANSMANI,KONUT_FINANSMANI,KONUT_FINANSMANI,ACCEPT,0.97,housing_finance
ziraat_katilim-c25f4842ea8e,train,Ziraat Katılım Bankası A.Ş.,Bireysel İş Yeri Finansmanı,https://www.ziraatkatilim.com.tr/bireysel/finansman-urunleri/konut-gayrimenkul-finansmani/bireysel-is-yeri-finansmani,HAYIR,HAYIR,KONUT_FINANSMANI,KONUT_FINANSMANI,KONUT_FINANSMANI,ACCEPT,0.97,housing_finance
ziraat_katilim-24f6136ead22,train,Ziraat Katılım Bankası A.Ş.,Yatırım ve Hazine Ürünleri,https://www.ziraatkatilim.com.tr/bireysel/yatirim-ve-hazine-urunleri,HAYIR,HAYIR,YATIRIM_URUNU,YATIRIM_URUNU,YATIRIM_URUNU,ACCEPT,0.96,investment_product
ziraat_katilim-6cddbdf3b367,train,Ziraat Katılım Bankası A.Ş.,Ziraat Katılım Bankası,https://www.ziraatkatilim.com.tr/bireysel/finansman-urunleri,HAYIR,HAYIR,DIGER_FINANSMAN,DIGER_FINANSMAN,DIGER_FINANSMAN,ACCEPT,0.88,other_finance
ziraat_katilim-bb30cc7c08ff,train,Ziraat Katılım Bankası A.Ş.,Ziraat Katılım Bankası,https://www.ziraatkatilim.com.tr/bireysel/finansman-urunleri/ihtiyac-finansmani,HAYIR,HAYIR,IHTIYAC_FINANSMANI,IHTIYAC_FINANSMANI,IHTIYAC_FINANSMANI,ACCEPT,0.97,personal_finance
ziraat_katilim-08c014d6cb2e,train,Ziraat Katılım Bankası A.Ş.,Tarımsal Ürünlerin İşlenmesi Finansmanı,https://www.ziraatkatilim.com.tr/tarim/tarimsal-finansman-%C3%BCr%C3%BCnleri/tarimsal-urunlerin-islenmesi-finansmani,HAYIR,HAYIR,TICARI_FINANSMAN,TICARI_FINANSMAN,TICARI_FINANSMAN,ACCEPT,0.95,commercial_finance
ziraat_katilim-7b51cd66630a,train,Ziraat Katılım Bankası A.Ş.,Ziraat Katılım Bankası,https://www.ziraatkatilim.com.tr/bireysel/yatirim-ve-hazine-urunleri/finans-portali,HAYIR,HAYIR,YATIRIM_URUNU,YATIRIM_URUNU,YATIRIM_URUNU,ACCEPT,0.96,investment_product
ziraat_katilim-22a94974b8be,train,Ziraat Katılım Bankası A.Ş.,Ziraat Katılım Bankası,https://www.ziraatkatilim.com.tr/tarim/tarimsal-finansman-urunleri/su-urunleri-finansmani,HAYIR,HAYIR,TICARI_FINANSMAN,TICARI_FINANSMAN,TICARI_FINANSMAN,ACCEPT,0.95,commercial_finance
ziraat_katilim-9fbb28114a35,train,Ziraat Katılım Bankası A.Ş.,Eximbank Sevk Öncesi İhracatın Finansmanı,https://www.ziraatkatilim.com.tr/ticari/finansman-urunleri/finansman_is_birlikleri/dis-kaynakli-finansman-ve-hizmetler/eximbank-sevk-oncesi-ihracati-finansmani,HAYIR,HAYIR,TICARI_FINANSMAN,TICARI_FINANSMAN,TICARI_FINANSMAN,ACCEPT,0.95,commercial_finance
ziraat_katilim-6ee26863b9e7,train,Ziraat Katılım Bankası A.Ş.,Ziraat Katılım Bankası,https://www.ziraatkatilim.com.tr/bireysel/finansman-urunleri/alisveris-finansmani,HAYIR,HAYIR,DIGER_FINANSMAN,IHTIYAC_FINANSMANI,IHTIYAC_FINANSMANI,CORRECT,0.97,personal_finance
ziraat_katilim-011526122229,train,Ziraat Katılım Bankası A.Ş.,Nakdi Finansman Ürünleri,https://www.ziraatkatilim.com.tr/ticari/finansman-urunleri/nakdi-finansman-urunleri,HAYIR,HAYIR,TICARI_FINANSMAN,TICARI_FINANSMAN,TICARI_FINANSMAN,ACCEPT,0.95,commercial_finance
ziraat_katilim-de58f06085fa,train,Ziraat Katılım Bankası A.Ş.,Dış Ticaret Finansmanları,https://www.ziraatkatilim.com.tr/ticari/finansman-urunleri/dis-ticaret-finansmanlari,HAYIR,HAYIR,TICARI_FINANSMAN,TICARI_FINANSMAN,TICARI_FINANSMAN,ACCEPT,0.95,commercial_finance
ziraat_katilim-9a9521f3dab2,train,Ziraat Katılım Bankası A.Ş.,Konut-Gayrimenkul Finansmanı,https://www.ziraatkatilim.com.tr/bireysel/finansman-urunleri/konut-gayrimenkul-finansmani,HAYIR,HAYIR,KONUT_FINANSMANI,KONUT_FINANSMANI,KONUT_FINANSMANI,ACCEPT,0.97,housing_finance
ziraat_katilim-d5854d74150e,train,Ziraat Katılım Bankası A.Ş.,Gayri Nakdi Finansman Ürünleri,https://www.ziraatkatilim.com.tr/ticari/finansman-urunleri/gayri-nakdi-finansman-urunleri,HAYIR,HAYIR,TICARI_FINANSMAN,TICARI_FINANSMAN,TICARI_FINANSMAN,ACCEPT,0.95,commercial_finance
ziraat_katilim-a141422248fe,train,Ziraat Katılım Bankası A.Ş.,Ziraat Katılım Bankası,https://www.ziraatkatilim.com.tr/bireysel/finansman-urunleri/tasit-finansmani/tasit-finansmani,HAYIR,HAYIR,TASIT_FINANSMANI,TASIT_FINANSMANI,TASIT_FINANSMANI,ACCEPT,0.97,vehicle_finance
ziraat_katilim-a9cf5999bf43,train,Ziraat Katılım Bankası A.Ş.,Ziraat Katılım Bankası,https://www.ziraatkatilim.com.tr/ticari/finansman-urunleri/nakdi-finansman-urunleri/mobil-finansman,HAYIR,HAYIR,TICARI_FINANSMAN,TICARI_FINANSMAN,TICARI_FINANSMAN,ACCEPT,0.95,commercial_finance
ziraat_katilim-790ec22d7635,train,Ziraat Katılım Bankası A.Ş.,Akreditif | Ziraat Katılım,https://www.ziraatkatilim.com.tr/ticari/finansman-urunleri/gayri-nakdi-finansman-urunleri/akreditif,HAYIR,HAYIR,TICARI_FINANSMAN,TICARI_FINANSMAN,TICARI_FINANSMAN,ACCEPT,0.95,commercial_finance
ziraat_katilim-2b021a4ea46c,train,Ziraat Katılım Bankası A.Ş.,Ziraat Katılım Bankası,https://www.ziraatkatilim.com.tr/ticari/finansman-urunleri/nakdi-finansman-urunleri/kurumsal-finansman,HAYIR,HAYIR,TICARI_FINANSMAN,TICARI_FINANSMAN,TICARI_FINANSMAN,ACCEPT,0.95,commercial_finance
ziraat_katilim-45a70e88737a,train,Ziraat Katılım Bankası A.Ş.,Ziraat Katılım Bankası,https://www.ziraatkatilim.com.tr/ticari/finansman-urunleri/dis-ticaret-finansmanlari/ihracat-finansmani,HAYIR,HAYIR,TICARI_FINANSMAN,TICARI_FINANSMAN,TICARI_FINANSMAN,ACCEPT,0.95,commercial_finance
ziraat_katilim-b739f345c102,train,Ziraat Katılım Bankası A.Ş.,Ziraat Katılım Bankası,https://www.ziraatkatilim.com.tr/ticari/finansman-urunleri/gayri-nakdi-finansman-urunleri/teminat-mektuplari,HAYIR,HAYIR,TICARI_FINANSMAN,TICARI_FINANSMAN,TICARI_FINANSMAN,ACCEPT,0.95,commercial_finance
ziraat_katilim-474df0155802,train,Ziraat Katılım Bankası A.Ş.,Ziraat Katılım Bankası,https://www.ziraatkatilim.com.tr/ticari/finansman-urunleri/gayri-nakdi-finansman-urunleri/referans-mektuplari,HAYIR,HAYIR,TICARI_FINANSMAN,TICARI_FINANSMAN,TICARI_FINANSMAN,ACCEPT,0.95,commercial_finance
ziraat_katilim-dbf7fe44b5e7,train,Ziraat Katılım Bankası A.Ş.,Ziraat Katılım Bankası,https://www.ziraatkatilim.com.tr/ticari/finansman-urunleri/gayri-nakdi-finansman-urunleri/kabul-aval-finansmani,HAYIR,HAYIR,TICARI_FINANSMAN,TICARI_FINANSMAN,TICARI_FINANSMAN,ACCEPT,0.95,commercial_finance
ziraat_katilim-efcdc495f590,train,Ziraat Katılım Bankası A.Ş.,KOSGEB Kapasite Geliştirme Destek Programı,https://www.ziraatkatilim.com.tr/ticari/finansman-urunleri/finansman_is_birlikleri/kosgeb-destekli-finansmanlar/kosgeb-kapasite-gelistirme-destek-programi,HAYIR,HAYIR,TICARI_FINANSMAN,TICARI_FINANSMAN,TICARI_FINANSMAN,ACCEPT,0.95,commercial_finance
ziraat_katilim-be08e5ee9060,train,Ziraat Katılım Bankası A.Ş.,Kentsel Dönüşüm Finansmanı,https://www.ziraatkatilim.com.tr/bireysel/finansman-urunleri/konut-finansmani/kentsel-donusum-finansmani,HAYIR,HAYIR,KONUT_FINANSMANI,KONUT_FINANSMANI,KONUT_FINANSMANI,ACCEPT,0.97,housing_finance
ziraat_katilim-d32bc30a3074,train,Ziraat Katılım Bankası A.Ş.,Ziraat Katılım Bankası,https://www.ziraatkatilim.com.tr/bireysel/kampanyalar/katilim-dijital,EVET,EVET,DIGER_KAMPANYA,DIGER_KAMPANYA,DIGER_KAMPANYA,ACCEPT,0.94,non_card_campaign
ziraat_katilim-6a94bac26117,train,Ziraat Katılım Bankası A.Ş.,Vaade Dayalı Döviz Alım / Satım İşlemleri (Forward),https://www.ziraatkatilim.com.tr/ticari/yatirim-urunleri/vadeli-doviz,HAYIR,HAYIR,YATIRIM_URUNU,YATIRIM_URUNU,YATIRIM_URUNU,ACCEPT,0.96,investment_product
ziraat_katilim-0f734e69348f,train,Ziraat Katılım Bankası A.Ş.,Yatırım ve Hazine Ürünleri,https://www.ziraatkatilim.com.tr/ozel-bankacilik/yatirim-urunleri,HAYIR,HAYIR,YATIRIM_URUNU,YATIRIM_URUNU,YATIRIM_URUNU,ACCEPT,0.96,investment_product
ziraat_katilim-9d37c64c1ca3,train,Ziraat Katılım Bankası A.Ş.,Ziraat Katılım Bankası,https://www.ziraatkatilim.com.tr/ticari/yatirim-urunleri/finans-portali,HAYIR,HAYIR,YATIRIM_URUNU,YATIRIM_URUNU,YATIRIM_URUNU,ACCEPT,0.96,investment_product
ziraat_katilim-439d9e4e7432,train,Ziraat Katılım Bankası A.Ş.,YP (Yabancı Para) Sukuk,https://www.ziraatkatilim.com.tr/ozel-bankacilik/yatirim-urunleri/yp-sukuk,HAYIR,HAYIR,YATIRIM_URUNU,YATIRIM_URUNU,YATIRIM_URUNU,ACCEPT,0.96,investment_product
ziraat_katilim-6e43d6ba1d63,train,Ziraat Katılım Bankası A.Ş.,Vaade Dayalı Döviz Alım Satım,https://www.ziraatkatilim.com.tr/ozel-bankacilik/yatirim-urunleri/forward,HAYIR,HAYIR,YATIRIM_URUNU,YATIRIM_URUNU,YATIRIM_URUNU,ACCEPT,0.96,investment_product
ziraat_katilim-fd0678cf416b,train,Ziraat Katılım Bankası A.Ş.,Kira Sertifikaları (Sukuk),https://www.ziraatkatilim.com.tr/ozel-bankacilik/yatirim-urunleri/sukuk,HAYIR,HAYIR,YATIRIM_URUNU,YATIRIM_URUNU,YATIRIM_URUNU,ACCEPT,0.96,investment_product
ziraat_katilim-b8355d3c9d25,train,Ziraat Katılım Bankası A.Ş.,Ziraat Katılım Bankası,https://www.ziraatkatilim.com.tr/ticari/yatirim-urunleri/spot-doviz,HAYIR,HAYIR,YATIRIM_URUNU,YATIRIM_URUNU,YATIRIM_URUNU,ACCEPT,0.96,investment_product
ziraat_katilim-5c1f96bb7f68,train,Ziraat Katılım Bankası A.Ş.,Savunma Sanayi Destek Paketi,https://www.ziraatkatilim.com.tr/ticari/KFK-Teminatli-finansmanlar/savunma-sanayi-destek-paketi,HAYIR,HAYIR,TICARI_FINANSMAN,TICARI_FINANSMAN,TICARI_FINANSMAN,ACCEPT,0.95,commercial_finance
ziraat_katilim-6f59b2c0f78f,train,Ziraat Katılım Bankası A.Ş.,Kartlar | Ziraat Katılım,https://www.ziraatkatilim.com.tr/bireysel/kartlar,HAYIR,HAYIR,KART_URUNU,KART_URUNU,KART_URUNU,MANUAL,0.99,manual_semantic_resolution
ziraat_katilim-8368cd7c8cb4,train,Ziraat Katılım Bankası A.Ş.,Ziraat Katılım Bankası,https://www.ziraatkatilim.com.tr/bireysel/kartlar/aile-kart-troy,HAYIR,HAYIR,KART_URUNU,KART_URUNU,KART_URUNU,ACCEPT,0.97,card_product
ziraat_katilim-f4715b4e6026,train,Ziraat Katılım Bankası A.Ş.,Ziraat Katılım Bankası,https://www.ziraatkatilim.com.tr/bireysel/kartlar/kredi-karti,HAYIR,HAYIR,DIGER_FINANSMAN,KART_URUNU,KART_URUNU,CORRECT,0.97,card_product
ziraat_katilim-e80170bd2b7b,train,Ziraat Katılım Bankası A.Ş.,Ziraat Katılım Bankası,https://www.ziraatkatilim.com.tr/bireysel/kartlar/banka-karti,HAYIR,HAYIR,KART_URUNU,KART_URUNU,KART_URUNU,ACCEPT,0.97,card_product
ziraat_katilim-02308be2b52f,train,Ziraat Katılım Bankası A.Ş.,Ziraat Katılım Bankası,https://www.ziraatkatilim.com.tr/bireysel/kartlar/bankkart-ucretsiz,HAYIR,HAYIR,KART_URUNU,KART_URUNU,KART_URUNU,ACCEPT,0.97,card_product
ziraat_katilim-b3eb9adaf3de,train,Ziraat Katılım Bankası A.Ş.,Ziraat Katılım Bankası,https://www.ziraatkatilim.com.tr/ihtiyac-finansmani,HAYIR,HAYIR,IHTIYAC_FINANSMANI,IHTIYAC_FINANSMANI,IHTIYAC_FINANSMANI,ACCEPT,0.97,personal_finance
ziraat_katilim-602624b23514,train,Ziraat Katılım Bankası A.Ş.,Bitkisel Üretim Finansmanı,https://www.ziraatkatilim.com.tr/tarim/tarimsal-finansman-%C3%BCr%C3%BCnleri/bitkiseluretim,HAYIR,HAYIR,TICARI_FINANSMAN,TICARI_FINANSMAN,TICARI_FINANSMAN,ACCEPT,0.95,commercial_finance
ziraat_katilim-3562ca7488a5,train,Ziraat Katılım Bankası A.Ş.,Ziraat Katılım Bankası,https://www.ziraatkatilim.com.tr/tarim/tarimsal-finansman-%C3%BCr%C3%BCnleri/arazi-alimi-finansmani,HAYIR,HAYIR,TICARI_FINANSMAN,TICARI_FINANSMAN,TICARI_FINANSMAN,ACCEPT,0.95,commercial_finance
ziraat_katilim-be6ce2c8e01f,train,Ziraat Katılım Bankası A.Ş.,Biyo-Tarım Yatırımları Finansmanı,https://www.ziraatkatilim.com.tr/tarim/tarimsal-finansman-%C3%BCr%C3%BCnleri/biyo-tarim-yatirimlari-finansmani,HAYIR,HAYIR,TICARI_FINANSMAN,TICARI_FINANSMAN,TICARI_FINANSMAN,MANUAL,0.99,manual_semantic_resolution
ziraat_katilim-fa5158389ad3,train,Ziraat Katılım Bankası A.Ş.,Tarımsal AR-GE Yatırımları Finansmanı,https://www.ziraatkatilim.com.tr/tarim/tarimsal-finansman-%C3%BCr%C3%BCnleri/tarimsal-ar-ge-yatirimlari-finansmani,HAYIR,HAYIR,TICARI_FINANSMAN,TICARI_FINANSMAN,TICARI_FINANSMAN,MANUAL,0.99,manual_semantic_resolution
ziraat_katilim-a1b3ecd24ac1,train,Ziraat Katılım Bankası A.Ş.,Yenilenebilir Enerji Yatırımları Finansmanı,https://www.ziraatkatilim.com.tr/tarim/tarimsal-finansman-%C3%BCr%C3%BCnleri/yenilenebilir-enerji-yatirimlari-finansmani,HAYIR,HAYIR,TICARI_FINANSMAN,TICARI_FINANSMAN,TICARI_FINANSMAN,MANUAL,0.99,manual_semantic_resolution
ziraat_katilim-e64c9530317c,train,Ziraat Katılım Bankası A.Ş.,Tarımsal Finansman Başvurusu,https://www.ziraatkatilim.com.tr/tarim/tarimsal-finansman-basvurusu,HAYIR,HAYIR,TICARI_FINANSMAN,TICARI_FINANSMAN,TICARI_FINANSMAN,ACCEPT,0.95,commercial_finance
adil_katilim-c3a6ec8b8228,validation,Adil Katılım Bankası A.Ş.,Bize Ulaşın,https://www.adilkatilim.com.tr/bize-ulasin,HAYIR,HAYIR,DIGER,DIGER,DIGER,MANUAL,0.99,manual_semantic_resolution
albaraka-4c438cd4bddb,validation,Albaraka Türk Katılım Bankası A.Ş.,Dijital Müşterilere Özel Pratik Finansman Kart,https://www.albaraka.com.tr/tr/kampanyalar/detay/dijital-musterilere-ozel-pratik-finansman-kart,EVET,EVET,IHTIYAC_FINANSMANI,DIGER_KAMPANYA,DIGER_KAMPANYA,CORRECT,0.94,non_card_campaign
albaraka-1795dc07077a,validation,Albaraka Türk Katılım Bankası A.Ş.,Size Özel Kampanyaları Hemen Keşfedin!,https://www.albaraka.com.tr/tr/kampanyalar,EVET,EVET,KART_KAMPANYASI,KART_KAMPANYASI,KART_KAMPANYASI,ACCEPT,0.96,confirmed_existing_card_campaign
albaraka-57c3b5fde148,validation,Albaraka Türk Katılım Bankası A.Ş.,Vade Farksız 140.000 TL’ye Varan Destek!,https://www.albaraka.com.tr/tr/kampanyalar/detay/vade-farksiz-kampanyasi,EVET,EVET,KART_KAMPANYASI,KART_KAMPANYASI,KART_KAMPANYASI,ACCEPT,0.96,confirmed_existing_card_campaign
albaraka-61d0904a0eca,validation,Albaraka Türk Katılım Bankası A.Ş.,Havalara Uçuran Kampanya!,https://www.albaraka.com.tr/tr/kampanyalar/detay/albarakadan-ucuran-kampanya,EVET,EVET,KART_KAMPANYASI,KART_KAMPANYASI,KART_KAMPANYASI,ACCEPT,0.96,confirmed_existing_card_campaign
albaraka-756af2fa7435,validation,Albaraka Türk Katılım Bankası A.Ş.,Trend 4 GB İnternet Kampanyası,https://www.albaraka.com.tr/tr/kampanyalar/detay/trend-4-gb-internet-kampanyasi,EVET,EVET,KART_KAMPANYASI,KART_KAMPANYASI,KART_KAMPANYASI,ACCEPT,0.96,confirmed_existing_card_campaign
albaraka-4c01cb2ffafa,validation,Albaraka Türk Katılım Bankası A.Ş.,Döviz Alım-Satım,https://www.albaraka.com.tr/tr/bireysel/yatirim/hazine-urunleri/doviz-alim-satim,HAYIR,HAYIR,YATIRIM_URUNU,YATIRIM_URUNU,YATIRIM_URUNU,ACCEPT,0.96,investment_product
albaraka-713b6f854dc7,validation,Albaraka Türk Katılım Bankası A.Ş.,Kahve Keyfiniz Albaraka’dan!,https://www.albaraka.com.tr/tr/kampanyalar/detay/2026/kahve-keyfiniz-albarakadan,EVET,EVET,DIGER_KAMPANYA,DIGER_KAMPANYA,DIGER_KAMPANYA,ACCEPT,0.94,non_card_campaign
albaraka-37eff1531ee7,validation,Albaraka Türk Katılım Bankası A.Ş.,Hızlı Çiçek %25 İndirim Kampanyası,https://www.albaraka.com.tr/tr/kampanyalar/detay/2026/hizli-cicek-25-indirim-kampanyasi,EVET,EVET,DIGER_KAMPANYA,DIGER_KAMPANYA,DIGER_KAMPANYA,ACCEPT,0.94,non_card_campaign
albaraka-fc00bd01d9c0,validation,Albaraka Türk Katılım Bankası A.Ş.,Albaraka Konaklama Harcamanıza %5 İndirim Kazandırıyor!,https://www.albaraka.com.tr/tr/kampanyalar/detay/albaraka-konaklama-harcamaniza-5-indirim-kazandiriyor,EVET,EVET,KART_KAMPANYASI,KART_KAMPANYASI,KART_KAMPANYASI,ACCEPT,0.96,confirmed_existing_card_campaign
albaraka-0c63aed9130d,validation,Albaraka Türk Katılım Bankası A.Ş.,Sağlık Harcamalarına Vade Farksız 6 Taksit Kampanyası,https://www.albaraka.com.tr/tr/kampanyalar/detay/saglik-harcamalarina-vade-farksiz-6-taksit-kampanyasi-1_1,EVET,EVET,KART_KAMPANYASI,KART_KAMPANYASI,KART_KAMPANYASI,ACCEPT,0.96,confirmed_existing_card_campaign
albaraka-b9e0a81a0c3d,validation,Albaraka Türk Katılım Bankası A.Ş.,Albaraka Otopark ve Vale Harcamanıza %50 İndirim Kazandırıyor!,https://www.albaraka.com.tr/tr/kampanyalar/detay/albaraka-otopark-ve-vale-harcamaniza-10-indirim-kazandiriyorr,EVET,EVET,DIGER_KAMPANYA,DIGER_KAMPANYA,DIGER_KAMPANYA,ACCEPT,0.94,non_card_campaign
albaraka-3e65aefc8b64,validation,Albaraka Türk Katılım Bankası A.Ş.,Kobi Kartları,https://www.albaraka.com.tr/tr/kobi/kartlar/kobi-kartlari,HAYIR,HAYIR,KART_URUNU,KART_URUNU,KART_URUNU,ACCEPT,0.97,card_product
albaraka-5779a3cb812f,validation,Albaraka Türk Katılım Bankası A.Ş.,Yatırım Hesabı,https://www.albaraka.com.tr/tr/bireysel/yatirim/yatirim-hesabi,HAYIR,HAYIR,YATIRIM_URUNU,YATIRIM_URUNU,YATIRIM_URUNU,ACCEPT,0.96,investment_product
albaraka-4e820c2ea15e,validation,Albaraka Türk Katılım Bankası A.Ş.,TradingView,https://www.albaraka.com.tr/tr/bireysel/yatirim/platformlar/tradingview,HAYIR,HAYIR,YATIRIM_URUNU,YATIRIM_URUNU,YATIRIM_URUNU,MANUAL,0.99,manual_semantic_resolution
albaraka-866e82762894,validation,Albaraka Türk Katılım Bankası A.Ş.,Evinizin İhtiyaçları İçin Avantajlı Finansmanları Kaçırmayın,https://www.albaraka.com.tr/tr/bireysel/finansmanlar/ihtiyac/eviniz-icin,HAYIR,HAYIR,IHTIYAC_FINANSMANI,IHTIYAC_FINANSMANI,IHTIYAC_FINANSMANI,ACCEPT,0.96,personal_finance_url
dunya_katilim-454d7fe648e9,validation,Dünya Katılım Bankası A.Ş.,Enerya yeni doğal gaz abonelerine Dünya Katılım’dan finansman fırsatı!,https://dunyakatilim.com.tr/kampanyalar/enerya-finansmani,EVET,EVET,DIGER_FINANSMAN,DIGER_KAMPANYA,DIGER_KAMPANYA,CORRECT,0.94,non_card_campaign
dunya_katilim-5cc5f1f6d488,validation,Dünya Katılım Bankası A.Ş.,İncehesap.Com'da Peşin Fiyatına 3 Taksit Fırsatı!,https://dunyakatilim.com.tr/kampanyalar/incehesap,EVET,EVET,KART_KAMPANYASI,KART_KAMPANYASI,KART_KAMPANYASI,ACCEPT,0.96,confirmed_existing_card_campaign
dunya_katilim-7a0234363166,validation,Dünya Katılım Bankası A.Ş.,Vatan’da Peşin Fiyatına 6 Aya Varan Taksit Fırsatı!,https://dunyakatilim.com.tr/kampanyalar/vatan,EVET,EVET,KART_KAMPANYASI,KART_KAMPANYASI,KART_KAMPANYASI,ACCEPT,0.96,confirmed_existing_card_campaign
dunya_katilim-04fb5cc9cb1e,validation,Dünya Katılım Bankası A.Ş.,N11'de Peşin Fiyatına 3 Taksit Fırsatı,https://dunyakatilim.com.tr/kampanyalar/n11,EVET,EVET,KART_KAMPANYASI,KART_KAMPANYASI,KART_KAMPANYASI,ACCEPT,0.96,confirmed_existing_card_campaign
dunya_katilim-be2f0be760c6,validation,Dünya Katılım Bankası A.Ş.,Network’te 4 Taksit Fırsatı!,https://dunyakatilim.com.tr/kampanyalar/network,EVET,EVET,KART_KAMPANYASI,KART_KAMPANYASI,KART_KAMPANYASI,ACCEPT,0.96,confirmed_existing_card_campaign
dunya_katilim-2efb25014867,validation,Dünya Katılım Bankası A.Ş.,Gürgençler’de Peşin Fiyatına 9 Aya Varan Taksit Fırsatı!,https://dunyakatilim.com.tr/kampanyalar/gurgencler,EVET,EVET,KART_KAMPANYASI,KART_KAMPANYASI,KART_KAMPANYASI,ACCEPT,0.96,confirmed_existing_card_campaign
dunya_katilim-169c6a2afa64,validation,Dünya Katılım Bankası A.Ş.,Pazarama’da Peşin Fiyatına 6 Taksit Fırsatı!,https://dunyakatilim.com.tr/kampanyalar/pazarama-paraf,EVET,EVET,KART_KAMPANYASI,KART_KAMPANYASI,KART_KAMPANYASI,ACCEPT,0.96,confirmed_existing_card_campaign
dunya_katilim-c29ccc21e919,validation,Dünya Katılım Bankası A.Ş.,Yatırım Fonları,https://dunyakatilim.com.tr/isim-icin/yatirim/sermaye-piyasasi-urunleri/yatirim-fonlari,HAYIR,HAYIR,YATIRIM_URUNU,YATIRIM_URUNU,YATIRIM_URUNU,ACCEPT,0.96,investment_product
dunya_katilim-c072f9d98357,validation,Dünya Katılım Bankası A.Ş.,Finansmana Bağlı Hayat Sigortası,https://dunyakatilim.com.tr/kendim-icin/sigortalar/hayat-sigortalari/finansmana-bagli-hayat-sigortasi,HAYIR,HAYIR,DIGER_FINANSMAN,SIGORTA_TEKAFUL_URUNU,SIGORTA_TEKAFUL_URUNU,CORRECT,0.98,insurance_product
dunya_katilim-d9495074425b,validation,Dünya Katılım Bankası A.Ş.,Kredi Kartları,https://dunyakatilim.com.tr/kendim-icin/kartlar/kredi-kartlari,HAYIR,HAYIR,DIGER_FINANSMAN,KART_URUNU,KART_URUNU,CORRECT,0.97,card_product
dunya_katilim-9f3cf6ef50f1,validation,Dünya Katılım Bankası A.Ş.,Nakdi Finansman,https://dunyakatilim.com.tr/isim-icin/finansmanlar/nakdi-finansman,HAYIR,HAYIR,DIGER_FINANSMAN,TICARI_FINANSMAN,TICARI_FINANSMAN,CORRECT,0.95,commercial_finance
dunya_katilim-26a530de5a88,validation,Dünya Katılım Bankası A.Ş.,FERAH Cari Hesap,https://dunyakatilim.com.tr/kendim-icin/hesaplar/cari-hesaplar/ferah-hesap,HAYIR,HAYIR,ODEME_TRANSFER_HIZMETI,DIGER,DIGER,CORRECT,0.92,current_account
dunya_katilim-2ebc740e3e1d,validation,Dünya Katılım Bankası A.Ş.,Güneş Katılma Hesabı,https://dunyakatilim.com.tr/kendim-icin/hesaplar/katilma-hesaplari/gunes-katilma-hesabi,HAYIR,HAYIR,KATILMA_HESABI,KATILMA_HESABI,KATILMA_HESABI,ACCEPT,0.96,participation_account
dunya_katilim-4d2c86625e18,validation,Dünya Katılım Bankası A.Ş.,Katılma Hesapları,https://dunyakatilim.com.tr/kendim-icin/hesaplar/katilma-hesaplari,HAYIR,HAYIR,KATILMA_HESABI,KATILMA_HESABI,KATILMA_HESABI,ACCEPT,0.96,participation_account
dunya_katilim-01ac50208c55,validation,Dünya Katılım Bankası A.Ş.,Cari Hesaplar,https://dunyakatilim.com.tr/kendim-icin/hesaplar/cari-hesaplar,HAYIR,HAYIR,YATIRIM_URUNU,DIGER,DIGER,CORRECT,0.92,current_account
hayat_finans-a8e709276062,validation,Hayat Finans Katılım Bankası A.Ş.,Xiaomi Ürünlerinde Finansman Avantajı,https://hayatfinans.com.tr/kampanyalar/xiaomi-urunlerinde-finansman-avantaji,EVET,EVET,DIGER_FINANSMAN,DIGER_KAMPANYA,DIGER_KAMPANYA,CORRECT,0.94,non_card_campaign
hayat_finans-5d87674d8392,validation,Hayat Finans Katılım Bankası A.Ş.,Avantajlı Hesap Müşterilerine Özel FX Dar Makas Avantajı!,https://hayatfinans.com.tr/kampanyalar/avantajli-hesap-musterilerine-ozel-fx-dar-makas-avantaji,EVET,EVET,DIGER_KAMPANYA,DIGER_KAMPANYA,DIGER_KAMPANYA,ACCEPT,0.94,non_card_campaign
hayat_finans-9b3ac05674c6,validation,Hayat Finans Katılım Bankası A.Ş.,Hayat Finans’la İşlem Yaptıkça Kazan!,https://hayatfinans.com.tr/kampanyalar/hayatfinansla-islem-yaptikca-kazan,EVET,EVET,KART_KAMPANYASI,KART_KAMPANYASI,KART_KAMPANYASI,ACCEPT,0.96,confirmed_existing_card_campaign
hayat_finans-1152659e87b4,validation,Hayat Finans Katılım Bankası A.Ş.,2025 Piyasa Raporu: Yılın En Başarılı Yatırım Ürünleri ve Performans Analizi,https://hayatfinans.com.tr/finansal-kilavuz/2025-piyasa-raporu-yilin-en-basarili-yatirim-urunleri,HAYIR,HAYIR,YATIRIM_URUNU,DIGER,DIGER,CORRECT,0.98,editorial_or_reference_page
hayat_finans-20fc9be543e2,validation,Hayat Finans Katılım Bankası A.Ş.,Yatırım ve Birikim,https://hayatfinans.com.tr/yatirim-ve-birikim,HAYIR,HAYIR,YATIRIM_URUNU,YATIRIM_URUNU,YATIRIM_URUNU,MANUAL,0.99,manual_semantic_resolution
hayat_finans-80e7c5a11210,validation,Hayat Finans Katılım Bankası A.Ş.,Mastercard Silver Hayat Plus Kredi Kartı,https://hayatfinans.com.tr/kartlar/hayat-plus-kredi-karti,HAYIR,HAYIR,DIGER_FINANSMAN,KART_URUNU,KART_URUNU,CORRECT,0.97,card_product
hayat_finans-50a235114726,validation,Hayat Finans Katılım Bankası A.Ş.,Son 10 Yılın Yatırım Raporu: Büyük Sermaye Nereye Aktı? (2015–2025),https://hayatfinans.com.tr/finansal-kilavuz/son-on-yilin-yatirim-raporu,HAYIR,HAYIR,YATIRIM_URUNU,DIGER,DIGER,MANUAL,0.99,manual_semantic_resolution
hayat_finans-babea35e70f2,validation,Hayat Finans Katılım Bankası A.Ş.,"En Riskli Yatırım Tercihleri: Yüksek Getiri mi, Yüksek Tehlike mi?",https://hayatfinans.com.tr/finansal-kilavuz/en-riskli-yatirim-tercihleri,HAYIR,HAYIR,YATIRIM_URUNU,DIGER,DIGER,MANUAL,0.99,manual_semantic_resolution
hayat_finans-78a510bf4e9a,validation,Hayat Finans Katılım Bankası A.Ş.,Tedarikçi Finansman Sistemi (TFS) (Çok Yakında!),https://hayatfinans.com.tr/nakit-yonetimi/tedarikci-finansman-sistem,HAYIR,HAYIR,DIGER_FINANSMAN,TICARI_FINANSMAN,TICARI_FINANSMAN,CORRECT,0.95,commercial_finance
hayat_finans-f855143a362d,validation,Hayat Finans Katılım Bankası A.Ş.,Cari Hesap,https://hayatfinans.com.tr/hesaplar/cari-hesap,HAYIR,HAYIR,KART_KAMPANYASI,DIGER,DIGER,CORRECT,0.92,current_account
kuveyt_turk-c340954e919f,validation,Kuveyt Türk Katılım Bankası A.Ş.,Akaryakıt Sektöründe Sağlam Oran!,https://www.kuveytturk.com.tr/kampanyalar/isim-icin/kart-kampanyalari/akaryakit-sektorunde-saglam-oran,EVET,EVET,KART_KAMPANYASI,KART_KAMPANYASI,KART_KAMPANYASI,ACCEPT,0.96,confirmed_existing_card_campaign
kuveyt_turk-c5414f489829,validation,Kuveyt Türk Katılım Bankası A.Ş.,Demirdöküm’de 12 Taksit Fırsatı!,https://www.kuveytturk.com.tr/kampanyalar/kendim-icin/kart-kampanyalari/demirdokumde-12-taksit-firsati,EVET,EVET,KART_KAMPANYASI,KART_KAMPANYASI,KART_KAMPANYASI,ACCEPT,0.96,confirmed_existing_card_campaign
kuveyt_turk-414f1a100eb5,validation,Kuveyt Türk Katılım Bankası A.Ş.,Doğtaş Grubu'nda 5 Aya Varan Taksit İmkanı!,https://www.kuveytturk.com.tr/kampanyalar/kendim-icin/kart-kampanyalari/dogtas-grubunda-5-aya-varan-taksit-imkani,EVET,EVET,KART_KAMPANYASI,KART_KAMPANYASI,KART_KAMPANYASI,ACCEPT,0.96,confirmed_existing_card_campaign
kuveyt_turk-55f01fc00379,validation,Kuveyt Türk Katılım Bankası A.Ş.,İmza’da Vade Farksız 6 Aya Varan Taksit Fırsatı,https://www.kuveytturk.com.tr/kampanyalar/kendim-icin/kart-kampanyalari/imzada-vade-farksiz-6-aya-varan-taksit-firsati,EVET,EVET,KART_KAMPANYASI,KART_KAMPANYASI,KART_KAMPANYASI,ACCEPT,0.96,confirmed_existing_card_campaign
kuveyt_turk-aef9b19c905f,validation,Kuveyt Türk Katılım Bankası A.Ş.,Araç Finansmanı Onaylanan KOBİ’lere HGS Kampanyası,https://www.kuveytturk.com.tr/kampanyalar/isim-icin/kobi-kampanyalari/arac-finansmani-onaylanan-kobilere-hgs-kampanyasi,EVET,EVET,TASIT_FINANSMANI,DIGER_KAMPANYA,DIGER_KAMPANYA,CORRECT,0.94,non_card_campaign
kuveyt_turk-03982c3ea73a,validation,Kuveyt Türk Katılım Bankası A.Ş.,Tergan’da Vade Farksız 3 Aya Varan Taksit Fırsatı!,https://www.kuveytturk.com.tr/kampanyalar/kendim-icin/kart-kampanyalari/terganda-vade-farksiz-3-aya-varan-taksit-firsati,EVET,EVET,KART_KAMPANYASI,KART_KAMPANYASI,KART_KAMPANYASI,ACCEPT,0.96,confirmed_existing_card_campaign
kuveyt_turk-ff83c6047721,validation,Kuveyt Türk Katılım Bankası A.Ş.,Altınyıldız Classics'te Vade Farksız 2 Taksit Fırsatı,https://www.kuveytturk.com.tr/kampanyalar/kendim-icin/kart-kampanyalari/altinyildiz-classicste-vade-farksiz-2-taksit-firsati,EVET,EVET,YATIRIM_URUNU,DIGER_KAMPANYA,DIGER_KAMPANYA,CORRECT,0.94,non_card_campaign
kuveyt_turk-1fb5665a70ec,validation,Kuveyt Türk Katılım Bankası A.Ş.,Adore Mobilya’da Vade Farksız 9 Aya Varan Taksit Fırsatı!,https://www.kuveytturk.com.tr/kampanyalar/kendim-icin/kart-kampanyalari/adore-mobilyada-vade-farksiz-9-aya-varan-taksit-firsati,EVET,EVET,KART_KAMPANYASI,KART_KAMPANYASI,KART_KAMPANYASI,ACCEPT,0.96,confirmed_existing_card_campaign
kuveyt_turk-bc79744764ee,validation,Kuveyt Türk Katılım Bankası A.Ş.,Penelope ve Othello’da Vade Farksız 4 Aya Varan Taksit Fırsatı!,https://www.kuveytturk.com.tr/kampanyalar/kendim-icin/kart-kampanyalari/penelope-ve-othelloda-vade-farksiz-4-aya-varan-taksit-firsati,EVET,EVET,KART_KAMPANYASI,KART_KAMPANYASI,KART_KAMPANYASI,ACCEPT,0.96,confirmed_existing_card_campaign
kuveyt_turk-c87f5745489e,validation,Kuveyt Türk Katılım Bankası A.Ş.,Yapı ve İnşaat Harcamalarınıza Her Ay Ekstra 5.000 Mil'e Varan Fırsat!,https://www.kuveytturk.com.tr/kampanyalar/isim-icin/kart-kampanyalari/yapi-ve-insaat-harcamalariniza-her-ay-ekstra-5000-mile-varan-firsat,EVET,EVET,KART_KAMPANYASI,KART_KAMPANYASI,KART_KAMPANYASI,ACCEPT,0.96,confirmed_existing_card_campaign
kuveyt_turk-a6660bcbc926,validation,Kuveyt Türk Katılım Bankası A.Ş.,Kampanyalar,https://www.kuveytturk.com.tr/kampanyalar/kendim-icin,EVET,EVET,KART_KAMPANYASI,KART_KAMPANYASI,KART_KAMPANYASI,ACCEPT,0.96,confirmed_existing_card_campaign
kuveyt_turk-775afe0eb086,validation,Kuveyt Türk Katılım Bankası A.Ş.,Hesaplar | Kuveyt Türk Katılım Bankası,https://www.kuveytturk.com.tr/isim-icin/yatirim/hesaplar,HAYIR,HAYIR,YATIRIM_URUNU,YATIRIM_URUNU,YATIRIM_URUNU,ACCEPT,0.96,investment_product
kuveyt_turk-151efce43356,validation,Kuveyt Türk Katılım Bankası A.Ş.,Cari Hesaplar,https://www.kuveytturk.com.tr/isim-icin/yatirim/hesaplar/cari-hesaplar,HAYIR,HAYIR,YATIRIM_URUNU,YATIRIM_URUNU,YATIRIM_URUNU,ACCEPT,0.96,investment_product
tom_bank-4f5c37fe8eec,validation,T.O.M. Katılım Bankası A.Ş.,HADi Kredi Kartı,https://www.tombank.com.tr/hadi-kredi-karti.html,HAYIR,HAYIR,DIGER_FINANSMAN,KART_URUNU,KART_URUNU,CORRECT,0.97,card_product
tom_bank-da74c29da555,validation,T.O.M. Katılım Bankası A.Ş.,Mağazadan Alışveriş Kredisi,https://www.tombank.com.tr/magazadan-alisveris-kredisi.html,HAYIR,HAYIR,DIGER_FINANSMAN,IHTIYAC_FINANSMANI,IHTIYAC_FINANSMANI,CORRECT,0.97,personal_finance
emlak_katilim-5c451b4c074a,validation,Türkiye Emlak Katılım Bankası A.Ş.,Kampanya | Türkiye Emlak Katılım Bankası,https://www.emlakkatilim.com.tr/tr/bireysel/kampanyalar/kampanya/marina-mayoda-tum-urunlerde-15-indirim,EVET,EVET,KART_KAMPANYASI,KART_KAMPANYASI,KART_KAMPANYASI,ACCEPT,0.96,confirmed_existing_card_campaign
emlak_katilim-bfda3d7b17f1,validation,Türkiye Emlak Katılım Bankası A.Ş.,Yatırım Fonu,https://www.emlakkatilim.com.tr/tr/kurumsal/yatirim-urunleri/sermaye-piyasasi-urunleri/yatirim-fonu,HAYIR,HAYIR,YATIRIM_URUNU,YATIRIM_URUNU,YATIRIM_URUNU,ACCEPT,0.96,investment_product
emlak_katilim-ef14f983fe84,validation,Türkiye Emlak Katılım Bankası A.Ş.,Finansman Ferdi Kaza Katılım Sigortası ile hayatın tatsız sürprizlerine karşı kendinizin ve sevdiklerinizin güvence altında olduğunu bilmenin rahatlığını yaşayın.,https://www.emlakkatilim.com.tr/tr/bireysel/sigorta-ve-emeklilik/bireysel-sigorta-urunleri/finansman-ferdi-kaza-sigortasi,HAYIR,HAYIR,DIGER_FINANSMAN,SIGORTA_TEKAFUL_URUNU,SIGORTA_TEKAFUL_URUNU,CORRECT,0.98,insurance_product
emlak_katilim-bd956652adc7,validation,Türkiye Emlak Katılım Bankası A.Ş.,Forward İşlemleri,https://www.emlakkatilim.com.tr/tr/kurumsal/yatirim-urunleri/hazine-ve-yatirim-urunleri/forward-islemleri,HAYIR,HAYIR,YATIRIM_URUNU,YATIRIM_URUNU,YATIRIM_URUNU,ACCEPT,0.96,investment_product
emlak_katilim-0e7efd23dc6a,validation,Türkiye Emlak Katılım Bankası A.Ş.,Kampanya | Türkiye Emlak Katılım Bankası,https://www.emlakkatilim.com.tr/tr/bireysel/kampanyalar/kampanya/paraf-ile-yatasta-8-taksit-firsati,EVET,EVET,KART_KAMPANYASI,KART_KAMPANYASI,KART_KAMPANYASI,ACCEPT,0.96,confirmed_existing_card_campaign
emlak_katilim-964c0b05c3af,validation,Türkiye Emlak Katılım Bankası A.Ş.,Kampanya | Türkiye Emlak Katılım Bankası,https://www.emlakkatilim.com.tr/tr/bireysel/kampanyalar/kampanya/paraf-ile-ipekyolda-4-taksit-firsati,EVET,EVET,KART_KAMPANYASI,KART_KAMPANYASI,KART_KAMPANYASI,ACCEPT,0.96,confirmed_existing_card_campaign
emlak_katilim-220bdf175622,validation,Türkiye Emlak Katılım Bankası A.Ş.,Kampanya | Türkiye Emlak Katılım Bankası,https://www.emlakkatilim.com.tr/tr/bireysel/kampanyalar/kampanya/paraf-ile-demirdokumde-9-taksit-firsati,EVET,EVET,KART_KAMPANYASI,KART_KAMPANYASI,KART_KAMPANYASI,ACCEPT,0.96,confirmed_existing_card_campaign
emlak_katilim-98da9768e7cd,validation,Türkiye Emlak Katılım Bankası A.Ş.,Kampanya | Türkiye Emlak Katılım Bankası,https://www.emlakkatilim.com.tr/tr/bireysel/kampanyalar/kampanya/paraf-ile-vaillantta-9-aya-varan-taksit,EVET,EVET,KART_KAMPANYASI,KART_KAMPANYASI,KART_KAMPANYASI,ACCEPT,0.96,confirmed_existing_card_campaign
emlak_katilim-c3870a2314fb,validation,Türkiye Emlak Katılım Bankası A.Ş.,Kampanya | Türkiye Emlak Katılım Bankası,https://www.emlakkatilim.com.tr/tr/bireysel/kampanyalar/kampanya/paraf-ile-adv-magazalarinda-1000-tl-parafpara,EVET,EVET,KART_KAMPANYASI,KART_KAMPANYASI,KART_KAMPANYASI,ACCEPT,0.96,confirmed_existing_card_campaign
emlak_katilim-ee88d7a99db3,validation,Türkiye Emlak Katılım Bankası A.Ş.,Kampanya | Türkiye Emlak Katılım Bankası,https://www.emlakkatilim.com.tr/tr/bireysel/kampanyalar/kampanya/market-alisverislerinize-2000-tl-parafpara-hediye,EVET,EVET,KART_KAMPANYASI,KART_KAMPANYASI,KART_KAMPANYASI,ACCEPT,0.96,confirmed_existing_card_campaign
emlak_katilim-2f954d00a22b,validation,Türkiye Emlak Katılım Bankası A.Ş.,Kampanya | Türkiye Emlak Katılım Bankası,https://www.emlakkatilim.com.tr/tr/bireysel/kampanyalar/kampanya/seyahat-alisverislerinize-3500-tlye-varan-parafpara,EVET,EVET,KART_KAMPANYASI,KART_KAMPANYASI,KART_KAMPANYASI,ACCEPT,0.96,confirmed_existing_card_campaign
emlak_katilim-7d131beb6a0b,validation,Türkiye Emlak Katılım Bankası A.Ş.,Hazine ve Yatırım Ürünleri,https://www.emlakkatilim.com.tr/tr/bireysel/yatirim-urunleri/hazine-ve-yatirim-urunleri,HAYIR,HAYIR,YATIRIM_URUNU,YATIRIM_URUNU,YATIRIM_URUNU,ACCEPT,0.96,investment_product
emlak_katilim-b217ce003f68,validation,Türkiye Emlak Katılım Bankası A.Ş.,Gümüş ve Platin Hesabı,https://www.emlakkatilim.com.tr/tr/bireysel/yatirim-urunleri/kiymetli-maden-bankaciligi/gumus-ve-platin-hesabi,HAYIR,HAYIR,YATIRIM_URUNU,YATIRIM_URUNU,YATIRIM_URUNU,ACCEPT,0.96,investment_product
turkiye_finans-b70d68fa3eb2,validation,Türkiye Finans Katılım Bankası A.Ş.,Sigorta Kampanyaları | Kampanyalar,https://www.turkiyefinans.com.tr/tr-tr/kampanyalar/Sayfalar/sigorta-kampanyalari.aspx,EVET,EVET,KART_KAMPANYASI,KART_KAMPANYASI,KART_KAMPANYASI,ACCEPT,0.96,confirmed_existing_card_campaign
turkiye_finans-3e714b3f09a7,validation,Türkiye Finans Katılım Bankası A.Ş.,Ticari Kartlar – KOBİ'ere Özel Esnek Ödeme Çözümleri,https://www.turkiyefinans.com.tr/tr-tr/kobi/ticari-kartlar/Sayfalar/ticari-kart.aspx,HAYIR,HAYIR,KART_URUNU,KART_URUNU,KART_URUNU,ACCEPT,0.97,card_product
turkiye_finans-f89f5b9524e5,validation,Türkiye Finans Katılım Bankası A.Ş.,Ana Sayfa - Hızlı Finansman,https://www.hizlifinansman.com.tr/Sayfalar/default.aspx,HAYIR,HAYIR,DIGER_FINANSMAN,DIGER_FINANSMAN,DIGER_FINANSMAN,ACCEPT,0.88,other_finance
turkiye_finans-ed68141dab9e,validation,Türkiye Finans Katılım Bankası A.Ş.,İhtiyaç Finansmanı: eXtra Limit,https://www.turkiyefinans.com.tr/tr-tr/bireysel/ihtiyac-finansmani/Sayfalar/extra-limit.aspx,HAYIR,HAYIR,IHTIYAC_FINANSMANI,IHTIYAC_FINANSMANI,IHTIYAC_FINANSMANI,ACCEPT,0.97,personal_finance
turkiye_finans-2a4a570914d4,validation,Türkiye Finans Katılım Bankası A.Ş.,Tedarikçi Finansmanı | Nakit Yönetimi,https://www.turkiyefinans.com.tr/tr-tr/kobi/nakit-yonetimi/Sayfalar/tedarikci-finansmani.aspx,HAYIR,HAYIR,TICARI_FINANSMAN,TICARI_FINANSMAN,TICARI_FINANSMAN,ACCEPT,0.95,commercial_finance
turkiye_finans-1640afc2ab16,validation,Türkiye Finans Katılım Bankası A.Ş.,Hisse Senedi | Yatırım Hizmetleri,https://www.turkiyefinans.com.tr/tr-tr/bireysel/yatirim-hizmetleri/hisse-senedi/Sayfalar/default.aspx,HAYIR,HAYIR,YATIRIM_URUNU,YATIRIM_URUNU,YATIRIM_URUNU,ACCEPT,0.96,investment_product
turkiye_finans-9439dd512ed6,validation,Türkiye Finans Katılım Bankası A.Ş.,Yurt Dışı Hisse Senedi | Yatırım Hizmetleri | Bireysel,https://www.turkiyefinans.com.tr/tr-tr/bireysel/yatirim-hizmetleri/Sayfalar/yurt-disi-hisse-senedi.aspx,HAYIR,HAYIR,YATIRIM_URUNU,YATIRIM_URUNU,YATIRIM_URUNU,ACCEPT,0.96,investment_product
turkiye_finans-9073bf0aa234,validation,Türkiye Finans Katılım Bankası A.Ş.,Dijital İhtiyaç Finansmanı (Dijital İhtiyaç Kredisi)*,https://www.turkiyefinans.com.tr/tr-tr/bireysel/ihtiyac-finansmani/Sayfalar/dijital-ihtiyac-finansmani.aspx,HAYIR,HAYIR,IHTIYAC_FINANSMANI,IHTIYAC_FINANSMANI,IHTIYAC_FINANSMANI,ACCEPT,0.97,personal_finance
turkiye_finans-322f91a31568,validation,Türkiye Finans Katılım Bankası A.Ş.,Yatırım Fonları | Yatırım Hizmetleri,https://www.turkiyefinans.com.tr/tr-tr/bireysel/yatirim-hizmetleri/yatirim-fonlari/Sayfalar/yatirim-fonlari.aspx,HAYIR,HAYIR,YATIRIM_URUNU,YATIRIM_URUNU,YATIRIM_URUNU,ACCEPT,0.96,investment_product
turkiye_finans-5f8d4de230af,validation,Türkiye Finans Katılım Bankası A.Ş.,Cari Hesap | Bireysel Finansman,https://www.turkiyefinans.com.tr/tr-tr/bireysel/cari-hesaplar/Sayfalar/cari-hesaplar.aspx,HAYIR,HAYIR,DIGER_FINANSMAN,DIGER,DIGER,CORRECT,0.92,current_account
turkiye_finans-2b29849f8e14,validation,Türkiye Finans Katılım Bankası A.Ş.,Devlet Destekli Vadeli Hesap: Konut Hesabı,https://www.turkiyefinans.com.tr/tr-tr/bireysel/katilma-hesaplari/Sayfalar/konut-hesap.aspx,HAYIR,HAYIR,KATILMA_HESABI,KATILMA_HESABI,KATILMA_HESABI,ACCEPT,0.96,participation_account
turkiye_finans-c5b39a7c5def,validation,Türkiye Finans Katılım Bankası A.Ş.,Vadeli Yatırım Hesabı: Bol Kepçe Hesap,https://www.turkiyefinans.com.tr/tr-tr/bireysel/katilma-hesaplari/Sayfalar/bol-kepce-hesap.aspx,HAYIR,HAYIR,KATILMA_HESABI,KATILMA_HESABI,KATILMA_HESABI,ACCEPT,0.96,participation_account
turkiye_finans-a6110e3a809c,validation,Türkiye Finans Katılım Bankası A.Ş.,Mobilden Vadeli Hesap Aç: e-Katılma Hesabı,https://www.turkiyefinans.com.tr/tr-tr/bireysel/katilma-hesaplari/Sayfalar/e-katilma-hesabi.aspx,HAYIR,HAYIR,KATILMA_HESABI,KATILMA_HESABI,KATILMA_HESABI,ACCEPT,0.96,participation_account
turkiye_finans-78d2261add4d,validation,Türkiye Finans Katılım Bankası A.Ş.,İşletmenize Özel Sektör ve Ürün Paketleri,https://www.turkiyefinans.com.tr/tr-tr/kobi/sektor-ve-urun-paketleri/Sayfalar/sektor-ve-urun-paketleri.aspx,HAYIR,HAYIR,DIGER,TICARI_FINANSMAN,TICARI_FINANSMAN,CORRECT,0.95,commercial_finance
turkiye_finans-dbb3c341964c,validation,Türkiye Finans Katılım Bankası A.Ş.,Bireysel | Bireysel Bankacılık İşlemleri,https://www.turkiyefinans.com.tr/tr-tr/bireysel/Sayfalar/default.aspx,HAYIR,HAYIR,DIGER,DIGER,DIGER,MANUAL,0.99,manual_semantic_resolution
turkiye_finans-d707c62e5387,validation,Türkiye Finans Katılım Bankası A.Ş.,Site Haritası,https://www.turkiyefinans.com.tr/tr-tr/Sayfalar/site-haritasi.aspx,HAYIR,HAYIR,YATIRIM_URUNU,DIGER,DIGER,MANUAL,0.99,manual_semantic_resolution
turkiye_finans-e9ed5c85560f,validation,Türkiye Finans Katılım Bankası A.Ş.,Sigorta Nedir? Sigorta Çeşitleri Nelerdir?,https://www.turkiyefinans.com.tr/tr-tr/blog/Sayfalar/sigorta-nedir.aspx,HAYIR,HAYIR,SIGORTA_TEKAFUL_URUNU,DIGER,DIGER,CORRECT,0.98,editorial_or_reference_page
vakif_katilim-03b377e6c4c9,validation,Vakıf Katılım Bankası A.Ş.,VKart’la Sağlıkta Vade Farksız 5 Taksit,https://www.vakifkatilim.com.tr/tr/kendim-icin/kampanyalar/detay/vkartla-saglikta-vade-farksiz-5-taksit,EVET,EVET,KART_KAMPANYASI,KART_KAMPANYASI,KART_KAMPANYASI,ACCEPT,0.96,confirmed_existing_card_campaign
vakif_katilim-3c8ddbc0b12a,validation,Vakıf Katılım Bankası A.Ş.,Vialand’da %25 İndirim!,https://www.vakifkatilim.com.tr/tr/kendim-icin/kampanyalar/detay/vialandda-25-indirim,EVET,EVET,DIGER_KAMPANYA,DIGER_KAMPANYA,DIGER_KAMPANYA,ACCEPT,0.94,non_card_campaign
vakif_katilim-710f9023681c,validation,Vakıf Katılım Bankası A.Ş.,Arzum’da %15 İndirim!,https://www.vakifkatilim.com.tr/tr/kendim-icin/kampanyalar/detay/arzumda-15-indirim,EVET,EVET,DIGER_KAMPANYA,DIGER_KAMPANYA,DIGER_KAMPANYA,ACCEPT,0.94,non_card_campaign
vakif_katilim-ff1aaf8e0a79,validation,Vakıf Katılım Bankası A.Ş.,Ticari Kartlar | Kurumsal,https://www.vakifkatilim.com.tr/tr/isim-icin/ticari-kartlar,HAYIR,HAYIR,KART_URUNU,KART_URUNU,KART_URUNU,ACCEPT,0.97,card_product
vakif_katilim-9981fcbc7c18,validation,Vakıf Katılım Bankası A.Ş.,VKart Debit | Kurumsal,https://www.vakifkatilim.com.tr/tr/isim-icin/ticari-kartlar/banka-karti/vkart-debit,HAYIR,HAYIR,KART_URUNU,KART_URUNU,KART_URUNU,ACCEPT,0.97,card_product
vakif_katilim-426a7202993c,validation,Vakıf Katılım Bankası A.Ş.,Banka Kartı | Bireysel,https://www.vakifkatilim.com.tr/tr/kendim-icin/kartlar/banka-karti,HAYIR,HAYIR,KART_URUNU,KART_URUNU,KART_URUNU,ACCEPT,0.97,card_product
vakif_katilim-0b6914541e57,validation,Vakıf Katılım Bankası A.Ş.,Konut Finansmanı | Bireysel,https://www.vakifkatilim.com.tr/tr/kendim-icin/finansmanlar/konut-finansmani,HAYIR,HAYIR,KONUT_FINANSMANI,KONUT_FINANSMANI,KONUT_FINANSMANI,ACCEPT,0.97,housing_finance
vakif_katilim-da0d3581f507,validation,Vakıf Katılım Bankası A.Ş.,Hesaplar | Kurumsal,https://www.vakifkatilim.com.tr/tr/isim-icin/hesaplar,HAYIR,HAYIR,KATILMA_HESABI,DIGER,DIGER,MANUAL,0.99,manual_semantic_resolution
vakif_katilim-4b5187433907,validation,Vakıf Katılım Bankası A.Ş.,Sanal POS | Kurumsal,https://www.vakifkatilim.com.tr/tr/isim-icin/pos-urunleri/sanal-pos,HAYIR,HAYIR,ODEME_TRANSFER_HIZMETI,ODEME_TRANSFER_HIZMETI,ODEME_TRANSFER_HIZMETI,ACCEPT,0.97,payment_or_transfer
vakif_katilim-e78e53d1f4e9,validation,Vakıf Katılım Bankası A.Ş.,TROY Kart’la Pazarama’da 200 TL indirim!,https://www.vakifkatilim.com.tr/tr/kendim-icin/kampanyalar/detay/troy-kartla-pazaramada-200-tl-indirim,EVET,EVET,KART_KAMPANYASI,KART_KAMPANYASI,KART_KAMPANYASI,ACCEPT,0.96,confirmed_existing_card_campaign
ziraat_katilim-41fbd269d354,validation,Ziraat Katılım Bankası A.Ş.,Ziraat Katılım Bankası,https://www.ziraatkatilim.com.tr/urun-ve-hizmet-ucretleri/uye-isyeri,HAYIR,HAYIR,DIGER,DIGER,DIGER,MANUAL,0.99,manual_semantic_resolution
ziraat_katilim-af4b06e7cd79,validation,Ziraat Katılım Bankası A.Ş.,Ziraat Katılım Bankası,https://www.ziraatkatilim.com.tr/urun-ve-hizmet-ucretleri/para-aktarma,HAYIR,HAYIR,DIGER,DIGER,DIGER,MANUAL,0.99,manual_semantic_resolution
ziraat_katilim-9dc4c8b5798e,validation,Ziraat Katılım Bankası A.Ş.,Menkul Kıymet İşlemleri,https://www.ziraatkatilim.com.tr/urun-ve-hizmet-ucretleri/menkul-kiymet-islemleri,HAYIR,HAYIR,DIGER,DIGER,DIGER,MANUAL,0.99,manual_semantic_resolution
ziraat_katilim-857b8f194cba,validation,Ziraat Katılım Bankası A.Ş.,Ziraat Katılım Bankkart Kurban Bayramı Kampanyası,https://www.ziraatkatilim.com.tr/bireysel/kampanyalar/ziraat-katilim-bankkart-kurban-bayrami-kampanyasi,EVET,EVET,KART_KAMPANYASI,KART_KAMPANYASI,KART_KAMPANYASI,ACCEPT,0.96,confirmed_existing_card_campaign
ziraat_katilim-f55740ff931a,validation,Ziraat Katılım Bankası A.Ş.,KOSGEB Destekli Finansmanlar,https://www.ziraatkatilim.com.tr/ticari/finansman-urunleri/finansman_is_birlikleri/kosgeb-destekli-finansmanlar,HAYIR,HAYIR,TICARI_FINANSMAN,TICARI_FINANSMAN,TICARI_FINANSMAN,ACCEPT,0.95,commercial_finance
ziraat_katilim-d087fc90bb66,validation,Ziraat Katılım Bankası A.Ş.,Eximbank Destekli Finansmanlar,https://www.ziraatkatilim.com.tr/ticari/finansman-urunleri/finansman_is_birlikleri/eximbank-destekli-finansmanlar,HAYIR,HAYIR,TICARI_FINANSMAN,TICARI_FINANSMAN,TICARI_FINANSMAN,ACCEPT,0.95,commercial_finance
ziraat_katilim-0cbbb8987118,validation,Ziraat Katılım Bankası A.Ş.,Ziraat Katılım Bankası,https://www.ziraatkatilim.com.tr/bireysel/finansman-urunleri/ihtiyac-finansmani/hac-ve-umre-finansmani,HAYIR,HAYIR,IHTIYAC_FINANSMANI,IHTIYAC_FINANSMANI,IHTIYAC_FINANSMANI,ACCEPT,0.97,personal_finance
ziraat_katilim-7e6d723a7625,validation,Ziraat Katılım Bankası A.Ş.,Ziraat Katılım Bankası,https://www.ziraatkatilim.com.tr/ticari/finansman-urunleri,HAYIR,HAYIR,TICARI_FINANSMAN,TICARI_FINANSMAN,TICARI_FINANSMAN,ACCEPT,0.95,commercial_finance
ziraat_katilim-76b5590f9bff,validation,Ziraat Katılım Bankası A.Ş.,Ziraat Katılım Bankası,https://www.ziraatkatilim.com.tr/bireysel/finansman-urunleri/tasit-finansmani/togg-finansmani,HAYIR,HAYIR,TASIT_FINANSMANI,TASIT_FINANSMANI,TASIT_FINANSMANI,ACCEPT,0.97,vehicle_finance
ziraat_katilim-4246372fb6a8,validation,Ziraat Katılım Bankası A.Ş.,Ziraat Katılım Bankası,https://www.ziraatkatilim.com.tr/ticari/finansman-urunleri/dis-ticaret-finansmanlari/ithalat-finansmani,HAYIR,HAYIR,TICARI_FINANSMAN,TICARI_FINANSMAN,TICARI_FINANSMAN,ACCEPT,0.95,commercial_finance
ziraat_katilim-1e9f24ff7c2a,validation,Ziraat Katılım Bankası A.Ş.,Ziraat Katılım Bankası,https://www.ziraatkatilim.com.tr/ticari/finansman-urunleri/nakdi-finansman-urunleri/doviz-finansman%C4%B1,HAYIR,HAYIR,TICARI_FINANSMAN,TICARI_FINANSMAN,TICARI_FINANSMAN,ACCEPT,0.95,commercial_finance
ziraat_katilim-ad2ee4b51bd0,validation,Ziraat Katılım Bankası A.Ş.,Taksitli Ticari Finansman,https://www.ziraatkatilim.com.tr/ticari/finansman-urunleri/nakdi-finansman-urunleri/taksitli-ticari-finansman,HAYIR,HAYIR,TICARI_FINANSMAN,TICARI_FINANSMAN,TICARI_FINANSMAN,ACCEPT,0.95,commercial_finance
ziraat_katilim-f2ed52eeccaa,validation,Ziraat Katılım Bankası A.Ş.,Vadeli İhracat Finansmanı,https://www.ziraatkatilim.com.tr/ticari/finansman-urunleri/dis-ticaret-finansmanlari/vadeli-ihracat-finansmani,HAYIR,HAYIR,TICARI_FINANSMAN,TICARI_FINANSMAN,TICARI_FINANSMAN,ACCEPT,0.95,commercial_finance
ziraat_katilim-f217728215a5,validation,Ziraat Katılım Bankası A.Ş.,Ziraat Katılım Bankası,https://www.ziraatkatilim.com.tr/bireysel/yatirim-urunleri/spot-doviz,HAYIR,HAYIR,YATIRIM_URUNU,YATIRIM_URUNU,YATIRIM_URUNU,ACCEPT,0.96,investment_product
ziraat_katilim-1cc440728f5c,validation,Ziraat Katılım Bankası A.Ş.,Ziraat Katılım Bankası,https://www.ziraatkatilim.com.tr/bireysel/finansman-urunleri/tasit-finansmani,HAYIR,HAYIR,TASIT_FINANSMANI,TASIT_FINANSMANI,TASIT_FINANSMANI,ACCEPT,0.97,vehicle_finance
ziraat_katilim-c4907cce1bb2,validation,Ziraat Katılım Bankası A.Ş.,Ziraat Katılım Bankası,https://www.ziraatkatilim.com.tr/ozel-bankacilik/finansman-urunleri,HAYIR,HAYIR,DIGER_FINANSMAN,DIGER_FINANSMAN,DIGER_FINANSMAN,ACCEPT,0.88,other_finance
ziraat_katilim-cf3488c5e2ea,validation,Ziraat Katılım Bankası A.Ş.,Ziraat Katılım Bankası,https://www.ziraatkatilim.com.tr/bireysel/kartlar/bankkart-sanal-kart,HAYIR,HAYIR,KART_URUNU,KART_URUNU,KART_URUNU,ACCEPT,0.97,card_product
ziraat_katilim-b70a60e4975a,validation,Ziraat Katılım Bankası A.Ş.,Tarım Makineleri Parkı Finansmanı,https://www.ziraatkatilim.com.tr/tarim/tarimsal-finansman-%C3%BCr%C3%BCnleri/tarim-makineleri-parki-finansmani,HAYIR,HAYIR,TICARI_FINANSMAN,TICARI_FINANSMAN,TICARI_FINANSMAN,ACCEPT,0.95,commercial_finance
adil_katilim-b9702a2ed763,test,Adil Katılım Bankası A.Ş.,Danışma Komitesi,https://www.adilkatilim.com.tr/katilim-bankaciligi/danisma-komitesi,HAYIR,HAYIR,DIGER,DIGER,DIGER,MANUAL,0.99,manual_semantic_resolution
adil_katilim-100195cd5222,test,Adil Katılım Bankası A.Ş.,Katılım Bankacılığı Nedir?,https://www.adilkatilim.com.tr/katilim-bankaciligi/katilim-bankaciligi-nedir,HAYIR,HAYIR,DIGER,DIGER,DIGER,MANUAL,0.99,manual_semantic_resolution
albaraka-a4c06e14cb90,test,Albaraka Türk Katılım Bankası A.Ş.,"Albaraka Mobil'de Şimdi ""Seçkin Fırsatlar"" Zamanı!",https://www.albaraka.com.tr/tr/kampanyalar/detay/seckin-firsatlar,EVET,EVET,DIGER_KAMPANYA,DIGER_KAMPANYA,DIGER_KAMPANYA,ACCEPT,0.94,non_card_campaign
albaraka-576990ead434,test,Albaraka Türk Katılım Bankası A.Ş.,Elektronik Ürün Senedi (ELÜS),https://www.albaraka.com.tr/tr/kobi/yatirim/elektronik-urun-senedi-elus,HAYIR,HAYIR,YATIRIM_URUNU,YATIRIM_URUNU,YATIRIM_URUNU,ACCEPT,0.96,investment_product
albaraka-03290cc71568,test,Albaraka Türk Katılım Bankası A.Ş.,Roamy eSIM’den %50 İndirim!,https://www.albaraka.com.tr/tr/kampanyalar/detay/roamy-esimden-50-indirim,EVET,EVET,DIGER_KAMPANYA,DIGER_KAMPANYA,DIGER_KAMPANYA,ACCEPT,0.94,non_card_campaign
albaraka-a6e48ebc4145,test,Albaraka Türk Katılım Bankası A.Ş.,Akaryakıt Harcamalarınıza 1000 TL İndirim,https://www.albaraka.com.tr/tr/kampanyalar/akaryakit-harcamalariniza-1000-tl-indirim,EVET,EVET,KART_KAMPANYASI,KART_KAMPANYASI,KART_KAMPANYASI,ACCEPT,0.96,confirmed_existing_card_campaign
albaraka-aa5d95d6862c,test,Albaraka Türk Katılım Bankası A.Ş.,Temmuz Ayına Özel Fatura Kampanyası,https://www.albaraka.com.tr/tr/kampanyalar/detay/temmuz-ayina-ozel-fatura-kampanyasi,EVET,EVET,KART_KAMPANYASI,KART_KAMPANYASI,KART_KAMPANYASI,ACCEPT,0.96,confirmed_existing_card_campaign
albaraka-e641d498c1fe,test,Albaraka Türk Katılım Bankası A.Ş.,Uber\u0027de İlk Yolculukta %80 İndirim!,https://www.albaraka.com.tr/tr/kampanyalar/detay/2026/uberde-ilk-yolculukta-80-indirim,EVET,EVET,DIGER_KAMPANYA,DIGER_KAMPANYA,DIGER_KAMPANYA,ACCEPT,0.94,non_card_campaign
albaraka-a0cb32c18fcb,test,Albaraka Türk Katılım Bankası A.Ş.,Yurt Dışı Çıkış Harcı Kampanyası | 1.250 TL Worldpuan!,https://www.albaraka.com.tr/tr/kampanyalar/detay/yurt-disi-cikis-harci-kampanyasi-1250-tl-worldpuan-3,EVET,EVET,KART_KAMPANYASI,KART_KAMPANYASI,KART_KAMPANYASI,ACCEPT,0.96,confirmed_existing_card_campaign
albaraka-ab5e7eb44b52,test,Albaraka Türk Katılım Bankası A.Ş.,Kira Ödeyen Hesap,https://www.albaraka.com.tr/tr/bireysel/finansmanlar/ihtiyac/kisa-sureli-ihtiyaclariniz-icin/kira-odeyen-hesap,HAYIR,HAYIR,IHTIYAC_FINANSMANI,IHTIYAC_FINANSMANI,IHTIYAC_FINANSMANI,ACCEPT,0.97,personal_finance
albaraka-0e0e57f60300,test,Albaraka Türk Katılım Bankası A.Ş.,Faydalı Bilgiler,https://www.albaraka.com.tr/tr/bireysel/kartlar/faydali-bilgiler,HAYIR,HAYIR,KART_URUNU,KART_URUNU,KART_URUNU,ACCEPT,0.97,card_product
albaraka-d654bf839672,test,Albaraka Türk Katılım Bankası A.Ş.,Dijital Banka Kartı,https://www.albaraka.com.tr/tr/bireysel/kartlar/dijital-banka-karti,HAYIR,HAYIR,KART_URUNU,KART_URUNU,KART_URUNU,ACCEPT,0.97,card_product
albaraka-2536b9b51968,test,Albaraka Türk Katılım Bankası A.Ş.,Ek Kart - Albaraka Türk,https://www.albaraka.com.tr/tr/bireysel/kartlar/kredi-kartlari/ek-kart,HAYIR,HAYIR,DIGER_FINANSMAN,KART_URUNU,KART_URUNU,CORRECT,0.97,card_product
albaraka-27281c4629c8,test,Albaraka Türk Katılım Bankası A.Ş.,Hicaz Kart,https://www.albaraka.com.tr/tr/bireysel/kartlar/banka-kartlari/hicaz-kart,HAYIR,HAYIR,KART_URUNU,KART_URUNU,KART_URUNU,ACCEPT,0.97,card_product
albaraka-c402c4f9bf8e,test,Albaraka Türk Katılım Bankası A.Ş.,Sanal Kart,https://www.albaraka.com.tr/tr/bireysel/kartlar/kredi-kartlari/sanal-kart,HAYIR,HAYIR,DIGER_FINANSMAN,KART_URUNU,KART_URUNU,CORRECT,0.97,card_product
albaraka-27716d3fd386,test,Albaraka Türk Katılım Bankası A.Ş.,Dış Ticaret Finansmanları,https://www.albaraka.com.tr/tr/kobi/dis-ticaret/dis-ticaret-finansmanlari,HAYIR,HAYIR,TICARI_FINANSMAN,TICARI_FINANSMAN,TICARI_FINANSMAN,ACCEPT,0.95,commercial_finance
albaraka-cecb347b057c,test,Albaraka Türk Katılım Bankası A.Ş.,Leasing - Finansal Kiralama,https://www.albaraka.com.tr/tr/kobi/finansmanlar/leasing-finansal-kiralama,HAYIR,HAYIR,TICARI_FINANSMAN,TICARI_FINANSMAN,TICARI_FINANSMAN,ACCEPT,0.95,commercial_finance
dunya_katilim-6d7fb698d2e8,test,Dünya Katılım Bankası A.Ş.,Vestel’de 9 Aya Varan Taksit Fırsatı!,https://dunyakatilim.com.tr/kampanyalar/vestel,EVET,EVET,KART_KAMPANYASI,KART_KAMPANYASI,KART_KAMPANYASI,ACCEPT,0.96,confirmed_existing_card_campaign
dunya_katilim-aeefe0c24788,test,Dünya Katılım Bankası A.Ş.,İder Mobilya’da 7 Taksite %15 indirim Fırsatı!,https://dunyakatilim.com.tr/kampanyalar/ider,EVET,EVET,KART_KAMPANYASI,KART_KAMPANYASI,KART_KAMPANYASI,ACCEPT,0.96,confirmed_existing_card_campaign
dunya_katilim-aa032d4c07a1,test,Dünya Katılım Bankası A.Ş.,Dünya Katılım,https://dunyakatilim.com.tr/isim-icin/yatirim/sermaye-piyasasi-urunleri/hisse-senedi,HAYIR,HAYIR,YATIRIM_URUNU,YATIRIM_URUNU,YATIRIM_URUNU,ACCEPT,0.96,investment_product
dunya_katilim-ed3eacef82de,test,Dünya Katılım Bankası A.Ş.,Kira Sertifikası,https://dunyakatilim.com.tr/isim-icin/yatirim/sermaye-piyasasi-urunleri/kira-sertifikasi,HAYIR,HAYIR,YATIRIM_URUNU,YATIRIM_URUNU,YATIRIM_URUNU,ACCEPT,0.96,investment_product
dunya_katilim-a6f72088727d,test,Dünya Katılım Bankası A.Ş.,Döviz/ Kıymetli Maden Alım Satımı,https://dunyakatilim.com.tr/isim-icin/yatirim/hazine-urunleri/doviz-kiymetli-maden-alim-satimi,HAYIR,HAYIR,YATIRIM_URUNU,YATIRIM_URUNU,YATIRIM_URUNU,ACCEPT,0.96,investment_product
dunya_katilim-9cfafc1e50ef,test,Dünya Katılım Bankası A.Ş.,Dünya Katılım,https://dunyakatilim.com.tr/kendim-icin/yatirim-urunleri/sermaye-piyasasi-urunleri/hisse-senedi,HAYIR,HAYIR,YATIRIM_URUNU,YATIRIM_URUNU,YATIRIM_URUNU,ACCEPT,0.96,investment_product
dunya_katilim-415b47cffdbc,test,Dünya Katılım Bankası A.Ş.,Kira Sertifikası (Sukuk),https://dunyakatilim.com.tr/kendim-icin/yatirim-urunleri/sermaye-piyasasi-urunleri/kira-sertifikasi,HAYIR,HAYIR,YATIRIM_URUNU,YATIRIM_URUNU,YATIRIM_URUNU,ACCEPT,0.96,investment_product
dunya_katilim-a10f292afc71,test,Dünya Katılım Bankası A.Ş.,Döviz/Kıymetli Maden Alım Satımı,https://dunyakatilim.com.tr/kendim-icin/yatirim-urunleri/hazine-urunleri/doviz-kiymetli-maden-alim-satimi,HAYIR,HAYIR,YATIRIM_URUNU,YATIRIM_URUNU,YATIRIM_URUNU,ACCEPT,0.96,investment_product
dunya_katilim-24a2f0088c5a,test,Dünya Katılım Bankası A.Ş.,"Dünya Katılım TROY kartlarınızla, LC Waikiki’de 3.000 TL ve üzeri alışverişlerinize 300 TL İndirim Fırsatı!",https://dunyakatilim.com.tr/kampanyalar/lc-waikiki,EVET,EVET,KART_KAMPANYASI,KART_KAMPANYASI,KART_KAMPANYASI,ACCEPT,0.96,confirmed_existing_card_campaign
dunya_katilim-59bfd0676814,test,Dünya Katılım Bankası A.Ş.,Enerya İhtiyaç Finansmanı,https://dunyakatilim.com.tr/kendim-icin/finansmanlar/ihtiyac-finansmanlari/enerya-ihtiyac-finansmani,HAYIR,HAYIR,IHTIYAC_FINANSMANI,IHTIYAC_FINANSMANI,IHTIYAC_FINANSMANI,ACCEPT,0.97,personal_finance
dunya_katilim-bb3da47268a5,test,Dünya Katılım Bankası A.Ş.,DKart Kredi Kartı,https://dunyakatilim.com.tr/kendim-icin/kartlar/kredi-kartlari/dkart-kredi-karti,HAYIR,HAYIR,DIGER_FINANSMAN,KART_URUNU,KART_URUNU,CORRECT,0.97,card_product
dunya_katilim-fd7fc29314b3,test,Dünya Katılım Bankası A.Ş.,Paraf Platinum Kredi Kartı,https://dunyakatilim.com.tr/kendim-icin/kartlar/kredi-kartlari/paraf-platinum-kredi-karti,HAYIR,HAYIR,DIGER_FINANSMAN,KART_URUNU,KART_URUNU,CORRECT,0.97,card_product
dunya_katilim-16f55cc9f707,test,Dünya Katılım Bankası A.Ş.,Dünya Katılım,https://dunyakatilim.com.tr/kendim-icin/finansmanlar,HAYIR,HAYIR,DIGER_FINANSMAN,DIGER_FINANSMAN,DIGER_FINANSMAN,ACCEPT,0.88,other_finance
dunya_katilim-0a4315e1b8d2,test,Dünya Katılım Bankası A.Ş.,Yatırım | Dünya Katılım,https://dunyakatilim.com.tr/isim-icin/yatirim,HAYIR,HAYIR,YATIRIM_URUNU,YATIRIM_URUNU,YATIRIM_URUNU,ACCEPT,0.96,investment_product
dunya_katilim-1292045905a9,test,Dünya Katılım Bankası A.Ş.,Hesaplar | Dünya Katılım,https://dunyakatilim.com.tr/kendim-icin/hesaplar,HAYIR,HAYIR,KATILMA_HESABI,DIGER,DIGER,MANUAL,0.99,manual_semantic_resolution
dunya_katilim-687efe249aec,test,Dünya Katılım Bankası A.Ş.,Standart Katılma Hesabı,https://dunyakatilim.com.tr/kendim-icin/hesaplar/katilma-hesaplari/standart-katilma-hesabi,HAYIR,HAYIR,KATILMA_HESABI,KATILMA_HESABI,KATILMA_HESABI,ACCEPT,0.96,participation_account
dunya_katilim-7b2ad2f9446b,test,Dünya Katılım Bankası A.Ş.,Altın Hesapları,https://dunyakatilim.com.tr/kendim-icin/hesaplar/cari-hesaplar/altin-hesaplari,HAYIR,HAYIR,YATIRIM_URUNU,YATIRIM_URUNU,YATIRIM_URUNU,ACCEPT,0.96,investment_product
hayat_finans-a62cb4567cd4,test,Hayat Finans Katılım Bankası A.Ş.,Biz Kart ile Dijital Üyeliklerde %75 Nakit İade Fırsatı!,https://hayatfinans.com.tr/kampanyalar/biz-kart-dijital-uyelikler-kampanyasi,EVET,EVET,KART_KAMPANYASI,KART_KAMPANYASI,KART_KAMPANYASI,ACCEPT,0.96,confirmed_existing_card_campaign
hayat_finans-689d52235da1,test,Hayat Finans Katılım Bankası A.Ş.,"Arkadaşını Davet Et, Avantajlı Hesapla Kazanmaya Başla!",https://hayatfinans.com.tr/kampanyalar/arkadasini-getir-avantajli-hesap-ac-nakit-odul-kazan,EVET,EVET,KART_KAMPANYASI,KART_KAMPANYASI,KART_KAMPANYASI,ACCEPT,0.96,confirmed_existing_card_campaign
hayat_finans-19fbc1580e1a,test,Hayat Finans Katılım Bankası A.Ş.,Döviz Alım Satım,https://hayatfinans.com.tr/yatirim-ve-birikim/doviz-kiymetli-maden-alim-satim-yatirim-ve-birikim,HAYIR,HAYIR,YATIRIM_URUNU,YATIRIM_URUNU,YATIRIM_URUNU,ACCEPT,0.96,investment_product
hayat_finans-40a44337f0b7,test,Hayat Finans Katılım Bankası A.Ş.,Yatırım Hesabı,https://hayatfinans.com.tr/yatirim-ve-birikim/yatirim-hesabi,HAYIR,HAYIR,YATIRIM_URUNU,YATIRIM_URUNU,YATIRIM_URUNU,ACCEPT,0.96,investment_product
hayat_finans-09e7b5d88214,test,Hayat Finans Katılım Bankası A.Ş.,Tüzel Kartlar,https://hayatfinans.com.tr/kartlar-tuzel,HAYIR,HAYIR,KART_URUNU,KART_URUNU,KART_URUNU,ACCEPT,0.97,card_product
hayat_finans-7f446bba1b36,test,Hayat Finans Katılım Bankası A.Ş.,İş Finansmanı,https://hayatfinans.com.tr/finansmanlar-is,HAYIR,HAYIR,DIGER_FINANSMAN,DIGER_FINANSMAN,DIGER_FINANSMAN,ACCEPT,0.88,other_finance
hayat_finans-6dc088772ba0,test,Hayat Finans Katılım Bankası A.Ş.,Hesaplar | Hayat Finans,https://hayatfinans.com.tr/hesaplar,HAYIR,HAYIR,KATILMA_HESABI,DIGER,DIGER,MANUAL,0.99,manual_semantic_resolution
hayat_finans-6a5e186a3a42,test,Hayat Finans Katılım Bankası A.Ş.,Yüksek Kâr Payı Veren Katılım Hesabı,https://hayatfinans.com.tr/hesaplar/katilma-hesabi,HAYIR,HAYIR,KATILMA_HESABI,KATILMA_HESABI,KATILMA_HESABI,MANUAL,0.99,manual_semantic_resolution
hayat_finans-82a21e2c26d9,test,Hayat Finans Katılım Bankası A.Ş.,"Ölçek Değil, Etki: KOBİ’lerin Ekonomideki Gerçek Gücü",https://hayatfinans.com.tr/finansal-kilavuz/kobilerin-ekonomideki-gercek-gucu,HAYIR,HAYIR,DIGER,DIGER,DIGER,ACCEPT,0.98,editorial_or_reference_page
kuveyt_turk-7f5f30beda0b,test,Kuveyt Türk Katılım Bankası A.Ş.,"World Elite Kart ile Havuş, Natolia ve Otto Bite Restoranlarında %25 İndirim Fırsatı!",https://www.kuveytturk.com.tr/ozel-bankacilik/ayricaliklar/kampanyalar/world-elite-kart-ile-havus-natolia-ve-otto-bite-restoranlarinda-25-indirim-firsati,EVET,EVET,KART_KAMPANYASI,KART_KAMPANYASI,KART_KAMPANYASI,MANUAL,0.99,manual_semantic_resolution
kuveyt_turk-41938519fb34,test,Kuveyt Türk Katılım Bankası A.Ş.,Leasing'e Konu Ürünler ve KDV Oranları,https://www.kuveytturk.com.tr/isim-icin/leasing/leasinge-konu-urunler-ve-kdv-oranlari,HAYIR,HAYIR,TICARI_FINANSMAN,TICARI_FINANSMAN,TICARI_FINANSMAN,ACCEPT,0.95,commercial_finance
kuveyt_turk-e62b7088a421,test,Kuveyt Türk Katılım Bankası A.Ş.,MoneyGram ve MoneyGram Masraf Tablosu,https://www.kuveytturk.com.tr/kendim-icin/odemeler-ve-hizmetler/diger-hizmetler/moneygram-ve-moneygram-masraf-tablosu,HAYIR,HAYIR,ODEME_TRANSFER_HIZMETI,ODEME_TRANSFER_HIZMETI,ODEME_TRANSFER_HIZMETI,ACCEPT,0.97,payment_or_transfer
kuveyt_turk-b0edd42b36f6,test,Kuveyt Türk Katılım Bankası A.Ş.,Kart Kampanyaları,https://www.kuveytturk.com.tr/kampanyalar/isim-icin/kart-kampanyalari,EVET,EVET,KART_KAMPANYASI,KART_KAMPANYASI,KART_KAMPANYASI,ACCEPT,0.96,confirmed_existing_card_campaign
kuveyt_turk-cc7f8eed9d5d,test,Kuveyt Türk Katılım Bankası A.Ş.,Vaillant’ta 12 Taksit Fırsatı!,https://www.kuveytturk.com.tr/kampanyalar/kendim-icin/kart-kampanyalari/vaillantta-12-taksit-firsati,EVET,EVET,KART_KAMPANYASI,KART_KAMPANYASI,KART_KAMPANYASI,ACCEPT,0.96,confirmed_existing_card_campaign
kuveyt_turk-9a9eb4fb999f,test,Kuveyt Türk Katılım Bankası A.Ş.,Desa Grup’ta Vade Farksız 2 Taksit Fırsatı,https://www.kuveytturk.com.tr/kampanyalar/kendim-icin/kart-kampanyalari/desa-grupta-vade-farksiz-2-taksit-firsati,EVET,EVET,KART_KAMPANYASI,KART_KAMPANYASI,KART_KAMPANYASI,ACCEPT,0.96,confirmed_existing_card_campaign
kuveyt_turk-971c55539968,test,Kuveyt Türk Katılım Bankası A.Ş.,Civil’de Vade Farksız 4 Aya Varan Taksit Fırsatı,https://www.kuveytturk.com.tr/kampanyalar/kendim-icin/kart-kampanyalari/civilde-vade-farksiz-4-aya-varan-taksit-firsati,EVET,EVET,KART_KAMPANYASI,KART_KAMPANYASI,KART_KAMPANYASI,ACCEPT,0.96,confirmed_existing_card_campaign
kuveyt_turk-68217f2bb683,test,Kuveyt Türk Katılım Bankası A.Ş.,Vatan Bilgisayar’da Vade Farksız 3 Taksit Fırsatı!,https://www.kuveytturk.com.tr/kampanyalar/kendim-icin/kart-kampanyalari/vatan-bilgisayarda-vade-farksiz-3-taksit-firsati,EVET,EVET,KART_KAMPANYASI,KART_KAMPANYASI,KART_KAMPANYASI,ACCEPT,0.96,confirmed_existing_card_campaign
kuveyt_turk-9da40f71c4ab,test,Kuveyt Türk Katılım Bankası A.Ş.,Enplus ile 3 Aya Varan Vade Farksız Taksit İmkanı!,https://www.kuveytturk.com.tr/kampanyalar/kendim-icin/kart-kampanyalari/enplus-ile-3-aya-varan-vade-farksiz-taksit-imkani,EVET,EVET,KART_KAMPANYASI,KART_KAMPANYASI,KART_KAMPANYASI,ACCEPT,0.96,confirmed_existing_card_campaign
kuveyt_turk-2e83cddce07e,test,Kuveyt Türk Katılım Bankası A.Ş.,Avansas’da Vade Farksız 5 Aya Varan Taksit Fırsatı!,https://www.kuveytturk.com.tr/kampanyalar/kendim-icin/kart-kampanyalari/avansasda-vade-farksiz-5-aya-varan-taksit-firsati,EVET,EVET,KART_KAMPANYASI,KART_KAMPANYASI,KART_KAMPANYASI,ACCEPT,0.96,confirmed_existing_card_campaign
kuveyt_turk-b20b4e7a73fc,test,Kuveyt Türk Katılım Bankası A.Ş.,Yuki Motor’da Vade Farksız 12 Aya Varan Taksit Fırsatı,https://www.kuveytturk.com.tr/kampanyalar/kendim-icin/kart-kampanyalari/yuki-motorda-vade-farksiz-12-aya-varan-taksit-firsati,EVET,EVET,KART_KAMPANYASI,KART_KAMPANYASI,KART_KAMPANYASI,ACCEPT,0.96,confirmed_existing_card_campaign
kuveyt_turk-b62225921d97,test,Kuveyt Türk Katılım Bankası A.Ş.,Gree Klima’da Vade Farksız 12 Aya Varan Taksit Fırsatı!,https://www.kuveytturk.com.tr/kampanyalar/kendim-icin/kart-kampanyalari/gree-klimada-vade-farksiz-12-aya-varan-taksit-firsati,EVET,EVET,KART_KAMPANYASI,KART_KAMPANYASI,KART_KAMPANYASI,ACCEPT,0.96,confirmed_existing_card_campaign
kuveyt_turk-42c817df7c5a,test,Kuveyt Türk Katılım Bankası A.Ş.,Elçi Tur’dan Kuveyt Türk Müşterilerine Özel Yaz Fırsatı,https://www.kuveytturk.com.tr/kampanyalar/kendim-icin/kart-kampanyalari/elci-turdan-kuveyt-turk-musterilerine-ozel-yaz-firsati,EVET,EVET,KART_KAMPANYASI,KART_KAMPANYASI,KART_KAMPANYASI,ACCEPT,0.96,confirmed_existing_card_campaign
kuveyt_turk-99196bcc2780,test,Kuveyt Türk Katılım Bankası A.Ş.,Market ve Gıda Harcamalarınıza Her Ay Ekstra 2.000 Mil'e Varan Fırsat!,https://www.kuveytturk.com.tr/kampanyalar/isim-icin/kart-kampanyalari/market-ve-gida-harcamalariniza-her-ay-ekstra-2000-mile-varan-firsat,EVET,EVET,KART_KAMPANYASI,KART_KAMPANYASI,KART_KAMPANYASI,ACCEPT,0.96,confirmed_existing_card_campaign
kuveyt_turk-8d4e5a6cf966,test,Kuveyt Türk Katılım Bankası A.Ş.,"Kuveyt Türk'ten E-Ticaret, E-İhracat ve Tekno Girişimcilere Özel Fırsat!",https://www.kuveytturk.com.tr/kampanyalar/isim-icin/kart-kampanyalari/kuveyt-turkten-e-ticaret-e-ihracat-ve-tekno-girisimcilere-ozel-firsat,EVET,EVET,KART_KAMPANYASI,KART_KAMPANYASI,KART_KAMPANYASI,ACCEPT,0.96,confirmed_existing_card_campaign
kuveyt_turk-423f892c4954,test,Kuveyt Türk Katılım Bankası A.Ş.,12 Aya Kadar ödemesiz dönemli ve indirimli Tarım Finansmanı Kuveyt Türk'te!,https://www.kuveytturk.com.tr/isim-icin/tarim-bankaciligi/tarim-ve-hayvancilik-sektorune-ozel-kampanyalar/12-aya-kadar-odemesiz-donemli-ve-indirimli-tarim-finansmani-kuveyt-turkte,EVET,EVET,DIGER_FINANSMAN,DIGER_KAMPANYA,DIGER_KAMPANYA,CORRECT,0.94,non_card_campaign
kuveyt_turk-5f813a21b32d,test,Kuveyt Türk Katılım Bankası A.Ş.,Yatırım Ürünleri,https://www.kuveytturk.com.tr/kendim-icin/yatirim-urunleri,HAYIR,HAYIR,YATIRIM_URUNU,YATIRIM_URUNU,YATIRIM_URUNU,ACCEPT,0.96,investment_product
tom_bank-d9c1ee1b14f1,test,T.O.M. Katılım Bankası A.Ş.,Altın Biriktiren Hesap,https://www.tombank.com.tr/altin-biriktiren-hesap.html,HAYIR,HAYIR,YATIRIM_URUNU,YATIRIM_URUNU,YATIRIM_URUNU,MANUAL,0.99,manual_semantic_resolution
tom_bank-5c7f9e5d8164,test,T.O.M. Katılım Bankası A.Ş.,HADi Taksitli Alışveriş Kredisi,https://tombank.com.tr/taksitle.html,HAYIR,HAYIR,DIGER_FINANSMAN,IHTIYAC_FINANSMANI,IHTIYAC_FINANSMANI,CORRECT,0.97,personal_finance
emlak_katilim-65291244c4ef,test,Türkiye Emlak Katılım Bankası A.Ş.,Hazine ve Yatırım Ürünleri,https://www.emlakkatilim.com.tr/tr/kurumsal/yatirim-urunleri/hazine-ve-yatirim-urunleri,HAYIR,HAYIR,YATIRIM_URUNU,YATIRIM_URUNU,YATIRIM_URUNU,ACCEPT,0.96,investment_product
emlak_katilim-e54ebc031f2a,test,Türkiye Emlak Katılım Bankası A.Ş.,EmlakFX | Türkiye Emlak Katılım Bankası,https://www.emlakkatilim.com.tr/tr/kurumsal/yatirim-urunleri/hazine-ve-yatirim-urunleri/emlakfx,HAYIR,HAYIR,YATIRIM_URUNU,YATIRIM_URUNU,YATIRIM_URUNU,ACCEPT,0.96,investment_product
emlak_katilim-3f0f1147b222,test,Türkiye Emlak Katılım Bankası A.Ş.,Kampanya | Türkiye Emlak Katılım Bankası,https://www.emlakkatilim.com.tr/tr/bireysel/kampanyalar/kampanya/paraf-ile-vivensede-5-taksit-firsati,EVET,EVET,KART_KAMPANYASI,KART_KAMPANYASI,KART_KAMPANYASI,ACCEPT,0.96,confirmed_existing_card_campaign
emlak_katilim-e4ab13b57d16,test,Türkiye Emlak Katılım Bankası A.Ş.,Kampanya | Türkiye Emlak Katılım Bankası,https://www.emlakkatilim.com.tr/tr/bireysel/kampanyalar/kampanya/paraf-ile-divaresede-4-taksit-firsati,EVET,EVET,KART_KAMPANYASI,KART_KAMPANYASI,KART_KAMPANYASI,ACCEPT,0.96,confirmed_existing_card_campaign
emlak_katilim-b1b9c7b89e5e,test,Türkiye Emlak Katılım Bankası A.Ş.,Kampanya | Türkiye Emlak Katılım Bankası,https://www.emlakkatilim.com.tr/tr/bireysel/kampanyalar/kampanya/emekli-musterilerimize-ozel-ayricaliklar,EVET,EVET,DIGER_KAMPANYA,DIGER_KAMPANYA,DIGER_KAMPANYA,ACCEPT,0.94,non_card_campaign
emlak_katilim-63bca4dc681f,test,Türkiye Emlak Katılım Bankası A.Ş.,Kampanya | Türkiye Emlak Katılım Bankası,https://www.emlakkatilim.com.tr/tr/bireysel/kampanyalar/kampanya/pazaramada-ayin-ilk-haftasi-troy-haftasi,EVET,EVET,KART_KAMPANYASI,KART_KAMPANYASI,KART_KAMPANYASI,ACCEPT,0.96,confirmed_existing_card_campaign
emlak_katilim-9f3c1feb1a7b,test,Türkiye Emlak Katılım Bankası A.Ş.,Kampanya | Türkiye Emlak Katılım Bankası,https://www.emlakkatilim.com.tr/tr/bireysel/kampanyalar/kampanya/paraf-ile-schaferde-pesin-fiyatina-9-taksit,EVET,EVET,KART_KAMPANYASI,KART_KAMPANYASI,KART_KAMPANYASI,ACCEPT,0.96,confirmed_existing_card_campaign
emlak_katilim-db541a6148ec,test,Türkiye Emlak Katılım Bankası A.Ş.,Kampanya | Türkiye Emlak Katılım Bankası,https://www.emlakkatilim.com.tr/tr/bireysel/kampanyalar/kampanya/troy-appleda-vade-farksiz-5-aya-varan-taksit,EVET,EVET,KART_KAMPANYASI,KART_KAMPANYASI,KART_KAMPANYASI,ACCEPT,0.96,confirmed_existing_card_campaign
emlak_katilim-76c1fa2dba8f,test,Türkiye Emlak Katılım Bankası A.Ş.,Kampanya | Türkiye Emlak Katılım Bankası,https://www.emlakkatilim.com.tr/tr/bireysel/kampanyalar/kampanya/market-alisverislerinize-800-tl-parafpara-hediye,EVET,EVET,KART_KAMPANYASI,KART_KAMPANYASI,KART_KAMPANYASI,ACCEPT,0.96,confirmed_existing_card_campaign
emlak_katilim-13aa33af2240,test,Türkiye Emlak Katılım Bankası A.Ş.,Kampanya | Türkiye Emlak Katılım Bankası,https://www.emlakkatilim.com.tr/tr/bireysel/kampanyalar/kampanya/enterprise-arac-kiralamalarinda-35-indirim-firsati,EVET,EVET,KART_KAMPANYASI,KART_KAMPANYASI,KART_KAMPANYASI,ACCEPT,0.96,confirmed_existing_card_campaign
emlak_katilim-f69adf96b261,test,Türkiye Emlak Katılım Bankası A.Ş.,Kampanya | Türkiye Emlak Katılım Bankası,https://www.emlakkatilim.com.tr/tr/bireysel/kampanyalar/kampanya/paraf-ile-trendyolda-pesin-fiyatina-9-taksit-firsati,EVET,EVET,KART_KAMPANYASI,KART_KAMPANYASI,KART_KAMPANYASI,ACCEPT,0.96,confirmed_existing_card_campaign
emlak_katilim-269333f83868,test,Türkiye Emlak Katılım Bankası A.Ş.,Kampanya | Türkiye Emlak Katılım Bankası,https://www.emlakkatilim.com.tr/tr/bireysel/kampanyalar/kampanya/beyaz-esya-ve-elektronik-alisverislerinize-5000-tlye-varan-parafpara,EVET,EVET,KART_KAMPANYASI,KART_KAMPANYASI,KART_KAMPANYASI,ACCEPT,0.96,confirmed_existing_card_campaign
emlak_katilim-bd2a38e3c63c,test,Türkiye Emlak Katılım Bankası A.Ş.,Kampanya | Türkiye Emlak Katılım Bankası,https://www.emlakkatilim.com.tr/tr/bireysel/kampanyalar/kampanya/paraf-ile-monster-notebookta-pesin-fiyatina-12-aya-varan-taksit-firsati,EVET,EVET,KART_KAMPANYASI,KART_KAMPANYASI,KART_KAMPANYASI,ACCEPT,0.96,confirmed_existing_card_campaign
emlak_katilim-cddc12566223,test,Türkiye Emlak Katılım Bankası A.Ş.,Kampanya | Türkiye Emlak Katılım Bankası,https://www.emlakkatilim.com.tr/tr/bireysel/kampanyalar/kampanya/parafa-ozel-yolcu360ta-yurt-ici-arac-kiralamalarina-net-10-indirim-ustelik-pesin-fiyatina-3-taksit,EVET,EVET,KART_KAMPANYASI,KART_KAMPANYASI,KART_KAMPANYASI,ACCEPT,0.96,confirmed_existing_card_campaign
emlak_katilim-478de7d26f17,test,Türkiye Emlak Katılım Bankası A.Ş.,Kira Sertifikası (Sukuk),https://www.emlakkatilim.com.tr/tr/bireysel/yatirim-urunleri/sermaye-piyasasi-urunleri/kira-sertifikasi-sukuk,HAYIR,HAYIR,YATIRIM_URUNU,YATIRIM_URUNU,YATIRIM_URUNU,ACCEPT,0.96,investment_product
emlak_katilim-c72f432b6f0d,test,Türkiye Emlak Katılım Bankası A.Ş.,Elektronik Ürün Senedi (ELÜS),https://www.emlakkatilim.com.tr/tr/bireysel/yatirim-urunleri/sermaye-piyasasi-urunleri/elektronik-urun-senedi-elus,HAYIR,HAYIR,YATIRIM_URUNU,YATIRIM_URUNU,YATIRIM_URUNU,ACCEPT,0.96,investment_product
emlak_katilim-557efe8dca7a,test,Türkiye Emlak Katılım Bankası A.Ş.,Elektronik Ürün Senedi (ELÜS) Teminatlı Finansman Desteği,https://www.emlakkatilim.com.tr/tr/kurumsal/tarim-bankaciligi/elektronik-urun-senedi-elus-teminatli-finansman-destegi,HAYIR,HAYIR,TICARI_FINANSMAN,TICARI_FINANSMAN,TICARI_FINANSMAN,ACCEPT,0.95,commercial_finance
turkiye_finans-852a138be745,test,Türkiye Finans Katılım Bankası A.Ş.,Birikim / Fon Kampanyaları | Kampanyalar,https://www.turkiyefinans.com.tr/tr-tr/kampanyalar/Sayfalar/birikim-fon-kampanyalari.aspx,EVET,EVET,YATIRIM_URUNU,DIGER_KAMPANYA,DIGER_KAMPANYA,CORRECT,0.94,non_card_campaign
turkiye_finans-d622eabca63e,test,Türkiye Finans Katılım Bankası A.Ş.,Biten Kampanyalar,https://www.turkiyefinans.com.tr/tr-tr/kampanyalar/Sayfalar/Biten-Kampanyalar.aspx,EVET,EVET,KART_KAMPANYASI,KART_KAMPANYASI,KART_KAMPANYASI,ACCEPT,0.96,confirmed_existing_card_campaign
turkiye_finans-500baa47ef94,test,Türkiye Finans Katılım Bankası A.Ş.,Ticari Kartlar | Kredi Kartları,https://www.turkiyefinans.com.tr/tr-tr/kobi/ticari-kartlar/Sayfalar/default.aspx,HAYIR,HAYIR,TICARI_FINANSMAN,KART_URUNU,KART_URUNU,CORRECT,0.97,card_product
turkiye_finans-f9e86d483a24,test,Türkiye Finans Katılım Bankası A.Ş.,Dış Ticaret Ödeme Yöntemleri: Güvenli ve Etkin Çözümler,https://www.turkiyefinans.com.tr/tr-tr/ticari/dis-ticaret-ve-finansmani/Sayfalar/dis-ticaret-odeme-yontemleri.aspx,HAYIR,HAYIR,TICARI_FINANSMAN,TICARI_FINANSMAN,TICARI_FINANSMAN,ACCEPT,0.95,commercial_finance
turkiye_finans-41467e24a90f,test,Türkiye Finans Katılım Bankası A.Ş.,TFX Target: Yurt İçi / Dışı Fon Alım Satımı,https://www.turkiyefinans.com.tr/tr-tr/bireysel/yatirim-hizmetleri/Sayfalar/tfx-target.aspx,HAYIR,HAYIR,YATIRIM_URUNU,YATIRIM_URUNU,YATIRIM_URUNU,MANUAL,0.99,manual_semantic_resolution
turkiye_finans-0b6b9f44a65e,test,Türkiye Finans Katılım Bankası A.Ş.,Dijital Taşıt Finansmanı,https://www.turkiyefinans.com.tr/tr-tr/bireysel/tasit-finansmani/Sayfalar/dijital-tasit-finansmani.aspx,HAYIR,HAYIR,TASIT_FINANSMANI,TASIT_FINANSMANI,TASIT_FINANSMANI,ACCEPT,0.97,vehicle_finance
turkiye_finans-854a577778c8,test,Türkiye Finans Katılım Bankası A.Ş.,"e-İmza Nedir, Nasıl Kullanılır?",https://www.turkiyefinans.com.tr/tr-tr/blog/Sayfalar/e-imza.aspx,HAYIR,HAYIR,DIGER,DIGER,DIGER,ACCEPT,0.98,editorial_or_reference_page
vakif_katilim-8a1ab7cbadbe,test,Vakıf Katılım Bankası A.Ş.,Ürün ve Hizmet Ücretleri,https://www.vakifkatilim.com.tr/tr/yardimci-sayfalar/urun-ve-hizmet-ucretleri,HAYIR,HAYIR,DIGER,DIGER,DIGER,ACCEPT,0.98,editorial_or_reference_page
vakif_katilim-e8fcfba58db0,test,Vakıf Katılım Bankası A.Ş.,Ara Dönem Kar Payı Ödemeli Katılma Hesabı | Bireysel,https://www.vakifkatilim.com.tr/tr/kendim-icin/hesaplar/katilma-hesaplari/ara-donem-kar-payi-odemeli-katilma-hesabi,HAYIR,HAYIR,KATILMA_HESABI,KATILMA_HESABI,KATILMA_HESABI,ACCEPT,0.96,participation_account
vakif_katilim-acc264662889,test,Vakıf Katılım Bankası A.Ş.,Espressolab Hediye Kahve Kampanyası,https://www.vakifkatilim.com.tr/tr/kendim-icin/kampanyalar/detay/espressolab-hediye-kahve-kampanyasi,EVET,EVET,DIGER_KAMPANYA,DIGER_KAMPANYA,DIGER_KAMPANYA,ACCEPT,0.94,non_card_campaign
vakif_katilim-21f5058e2c0c,test,Vakıf Katılım Bankası A.Ş.,Taze Çiçek’te %15 İndirim!,https://www.vakifkatilim.com.tr/tr/kendim-icin/kampanyalar/detay/taze-cicekte-15-indirim,EVET,EVET,DIGER_KAMPANYA,DIGER_KAMPANYA,DIGER_KAMPANYA,ACCEPT,0.94,non_card_campaign
vakif_katilim-708596b1b513,test,Vakıf Katılım Bankası A.Ş.,TROY’la Eğitimde Vade Farksız 5 Taksit,https://www.vakifkatilim.com.tr/tr/kendim-icin/kampanyalar/detay/troyla-egitimde-vade-farksiz-5-taksit,EVET,EVET,KART_KAMPANYASI,KART_KAMPANYASI,KART_KAMPANYASI,ACCEPT,0.96,confirmed_existing_card_campaign
vakif_katilim-8babdcd39bfe,test,Vakıf Katılım Bankası A.Ş.,Kredi Kartı | Kurumsal,https://www.vakifkatilim.com.tr/tr/isim-icin/ticari-kartlar/kredi-karti,HAYIR,HAYIR,TICARI_FINANSMAN,KART_URUNU,KART_URUNU,CORRECT,0.97,card_product
vakif_katilim-81657d51432c,test,Vakıf Katılım Bankası A.Ş.,Dış Ticaret Finansmanları | Kurumsal,https://www.vakifkatilim.com.tr/tr/isim-icin/dis-ticaret/dis-ticaret-finansmanlari,HAYIR,HAYIR,DIGER_FINANSMAN,TICARI_FINANSMAN,TICARI_FINANSMAN,CORRECT,0.95,commercial_finance
vakif_katilim-351e69fa7abe,test,Vakıf Katılım Bankası A.Ş.,Gayrinakdi Finansmanlar | Kurumsal,https://www.vakifkatilim.com.tr/tr/isim-icin/finansmanlar/gayrinakdi-finansmanlar,HAYIR,HAYIR,DIGER_FINANSMAN,TICARI_FINANSMAN,TICARI_FINANSMAN,CORRECT,0.95,commercial_finance
vakif_katilim-90cb1e655bb6,test,Vakıf Katılım Bankası A.Ş.,Finansmanlar | Kurumsal,https://www.vakifkatilim.com.tr/tr/isim-icin/finansmanlar,HAYIR,HAYIR,DIGER_FINANSMAN,TICARI_FINANSMAN,TICARI_FINANSMAN,CORRECT,0.95,commercial_finance
vakif_katilim-79217d1d3717,test,Vakıf Katılım Bankası A.Ş.,İhtiyaç Finansmanı | Bireysel,https://www.vakifkatilim.com.tr/tr/kendim-icin/finansmanlar/ihtiyac-finansmani,HAYIR,HAYIR,IHTIYAC_FINANSMANI,IHTIYAC_FINANSMANI,IHTIYAC_FINANSMANI,ACCEPT,0.97,personal_finance
vakif_katilim-a5590802e57f,test,Vakıf Katılım Bankası A.Ş.,BKM Express | Bireysel,https://www.vakifkatilim.com.tr/tr/kendim-icin/kartlar/bkm-express,HAYIR,HAYIR,KART_URUNU,KART_URUNU,KART_URUNU,ACCEPT,0.97,card_product
vakif_katilim-bc7e8f86fcd6,test,Vakıf Katılım Bankası A.Ş.,Taşıt Finansmanı | Bireysel,https://www.vakifkatilim.com.tr/tr/kendim-icin/finansmanlar/tasit-finansmani,HAYIR,HAYIR,TASIT_FINANSMANI,TASIT_FINANSMANI,TASIT_FINANSMANI,ACCEPT,0.97,vehicle_finance
vakif_katilim-e8345dfbdeb7,test,Vakıf Katılım Bankası A.Ş.,Özel Cari Hesaplar | Kurumsal,https://www.vakifkatilim.com.tr/tr/isim-icin/hesaplar/ozel-cari-hesaplar,HAYIR,HAYIR,ODEME_TRANSFER_HIZMETI,DIGER,DIGER,MANUAL,0.99,manual_semantic_resolution
vakif_katilim-f2beea7f7bfb,test,Vakıf Katılım Bankası A.Ş.,Garantili Fon Transferi | Kurumsal,https://www.vakifkatilim.com.tr/tr/isim-icin/nakit-yonetimi/tahsilat-sistemleri/garantili-fon-transferi-gft,HAYIR,HAYIR,YATIRIM_URUNU,ODEME_TRANSFER_HIZMETI,ODEME_TRANSFER_HIZMETI,MANUAL,0.99,manual_semantic_resolution
vakif_katilim-2d4f404ecc5d,test,Vakıf Katılım Bankası A.Ş.,Sigorta ve Emeklilik | Kurumsal,https://www.vakifkatilim.com.tr/tr/isim-icin/sigorta-ve-emeklilik,HAYIR,HAYIR,SIGORTA_TEKAFUL_URUNU,SIGORTA_TEKAFUL_URUNU,SIGORTA_TEKAFUL_URUNU,ACCEPT,0.98,insurance_product
vakif_katilim-25f15f2dfa12,test,Vakıf Katılım Bankası A.Ş.,Bireysel Bankacılık | Bireysel,https://www.vakifkatilim.com.tr/tr/kendim-icin/bireysel-bankacilik,HAYIR,HAYIR,DIGER,DIGER,DIGER,MANUAL,0.99,manual_semantic_resolution
vakif_katilim-adbef1bc14ad,test,Vakıf Katılım Bankası A.Ş.,Ara Dönem Kâr Payı Ödemeli Katılma Hesabı ile ilgili Sıkça Sorulan Sorular,https://www.vakifkatilim.com.tr/tr/diger/yardim-merkezi/kendim-icin-detay/ara-donem-kar-payi-odemeli-katilma-hesabi,HAYIR,HAYIR,KATILMA_HESABI,DIGER,DIGER,CORRECT,0.98,editorial_or_reference_page
vakif_katilim-c2f1b3190800,test,Vakıf Katılım Bankası A.Ş.,VKart ile A101 Hediye Çeki,https://www.vakifkatilim.com.tr/tr/kendim-icin/kampanyalar/detay/vkart-ile-a101-hediye-ceki,EVET,EVET,KART_KAMPANYASI,KART_KAMPANYASI,KART_KAMPANYASI,ACCEPT,0.96,confirmed_existing_card_campaign
vakif_katilim-3b6b783e73dd,test,Vakıf Katılım Bankası A.Ş.,Mastercard Kredi Kartınızla n11 Alışverişinize 300 TL İndirim,https://www.vakifkatilim.com.tr/tr/kendim-icin/kampanyalar/detay/mastercard-kredi-kartinizla-n11-alisverisinize-300-tl-indirim,EVET,EVET,DIGER_FINANSMAN,KART_KAMPANYASI,KART_KAMPANYASI,CORRECT,0.98,explicit_card_campaign
ziraat_katilim-3cc4281f0de5,test,Ziraat Katılım Bankası A.Ş.,Ziraat Katılım Bankası,https://www.ziraatkatilim.com.tr/urun-ve-hizmet-ucretleri/cekler-ve-senetler,HAYIR,HAYIR,DIGER,DIGER,DIGER,MANUAL,0.99,manual_semantic_resolution
ziraat_katilim-97fca6ecc783,test,Ziraat Katılım Bankası A.Ş.,Ziraat Katılım Bankası,https://www.ziraatkatilim.com.tr/bireysel/yatirim-urunleri/yatirim-fonlari,HAYIR,HAYIR,YATIRIM_URUNU,YATIRIM_URUNU,YATIRIM_URUNU,ACCEPT,0.96,investment_product
ziraat_katilim-870491d4ac37,test,Ziraat Katılım Bankası A.Ş.,Yasa Kapsamında İpotekli Bireysel Finansman,https://www.ziraatkatilim.com.tr/bireysel/finansman-urunleri/ihtiyac-finansmani/yasa-kapsaminda-ipotekli-bireysel-finansman,HAYIR,HAYIR,IHTIYAC_FINANSMANI,IHTIYAC_FINANSMANI,IHTIYAC_FINANSMANI,ACCEPT,0.97,personal_finance
ziraat_katilim-008cfd760148,test,Ziraat Katılım Bankası A.Ş.,İhracata Hazırlık Destek Finansmanı,https://www.ziraatkatilim.com.tr/ticari/finansman-urunleri/dis-ticaret-finansmanlari/ihracata-hazirlik-destek-finansman,HAYIR,HAYIR,TICARI_FINANSMAN,TICARI_FINANSMAN,TICARI_FINANSMAN,ACCEPT,0.95,commercial_finance
ziraat_katilim-7fd73b574ae4,test,Ziraat Katılım Bankası A.Ş.,Sanal Kart Nedir? Nasıl Oluşturulur ve Kullanılır?,https://www.ziraatkatilim.com.tr/blog/sanal-kart-nedir-nasil-olusturulur-ve-kullanilir,HAYIR,HAYIR,KART_URUNU,DIGER,DIGER,CORRECT,0.98,editorial_or_reference_page
ziraat_katilim-b22c81afa5b5,test,Ziraat Katılım Bankası A.Ş.,Akreditif Nedir? Türleri ve Ödeme Süreci,https://www.ziraatkatilim.com.tr/blog/akreditif-nedir-turleri-ve-odeme-sureci,HAYIR,HAYIR,DIGER_FINANSMAN,DIGER,DIGER,CORRECT,0.98,editorial_or_reference_page
ziraat_katilim-6da4863d5750,test,Ziraat Katılım Bankası A.Ş.,Finansman Hayat Sigortaları,https://www.ziraatkatilim.com.tr/bireysel/sigorta/finansman-hayat-sigortalari,HAYIR,HAYIR,DIGER_FINANSMAN,SIGORTA_TEKAFUL_URUNU,SIGORTA_TEKAFUL_URUNU,CORRECT,0.98,insurance_product
ziraat_katilim-25c41ce6ac33,test,Ziraat Katılım Bankası A.Ş.,Soğuk Hava Deposu Finansmanı,https://www.ziraatkatilim.com.tr/tarim/tarimsal-finansman-%C3%BCr%C3%BCnleri/soguk-hava-deposu-finansmani,HAYIR,HAYIR,TICARI_FINANSMAN,TICARI_FINANSMAN,TICARI_FINANSMAN,ACCEPT,0.95,commercial_finance
ziraat_katilim-1a72a168effc,test,Ziraat Katılım Bankası A.Ş.,Ziraat Katılım Bankası,https://www.ziraatkatilim.com.tr/bireysel/finansman-%C3%BCr%C3%BCnleri/konut-gayrimenkul-finansmani/konut-finansmani,HAYIR,HAYIR,KONUT_FINANSMANI,KONUT_FINANSMANI,KONUT_FINANSMANI,ACCEPT,0.97,housing_finance
