pasaj_id,span_no,banka,etiket,yakalanan,normal_deger,guven,baglam,ONAY_E_H,DUZELTILMIS_ETIKET,NOT
adil_katilim-d14d4002927a-p006,0,adil_katilim,HEDEF_KITLE,KOBİ’lere,"{""metin"": ""kobi̇’lere""}",0.85,"Girişimcilerden ⟪KOBİ’lere⟫, yatırımcılardan öğrencilere herkesin ve her kesimin finans",,,
albaraka-ccb86d59dcff-p011,0,albaraka,HARCAMA_ESIGI,250 TL,"{""deger"": 250.0, ""birim"": ""TRY""}",0.8,Dijital Katılma Hesabı TL cinsinden minimum ⟪250 TL⟫ ile açılmaktadır.,,,
albaraka-59c8c39a6db1-p000,0,albaraka,VADE_SURESI,36 ay,"{""deger"": 36, ""birim"": ""ay""}",0.85,Ürün ve Hizmet Ücretleri Konut Finansmanı Kalan Vadesi ?⟪36 ay⟫,,,
albaraka-59c8c39a6db1-p040,0,albaraka,VADE_SURESI,36 ay,"{""deger"": 36, ""birim"": ""ay""}",0.85,Konut Finansmanı Kalan Vadesi ?⟪36 ay⟫ Konut Finansmanı Kalan Vadesi >36 ay,,,
albaraka-59c8c39a6db1-p040,1,albaraka,VADE_SURESI,36 ay,"{""deger"": 36, ""birim"": ""ay""}",0.85,nansmanı Kalan Vadesi ?36 ay Konut Finansmanı Kalan Vadesi >⟪36 ay⟫,,,
albaraka-59c8c39a6db1-p129,0,albaraka,MASRAF_DURUMU,Ücretsiz,"{""metin"": ""ücretsiz""}",0.7,TRY ⟪Ücretsiz⟫ sunulmaktadır. Düzenli EFT Gönderimi - 8.300-399.000 TL ara,,,
albaraka-59c8c39a6db1-p130,0,albaraka,MASRAF_DURUMU,Ücretsiz,"{""metin"": ""ücretsiz""}",0.7,TRY ⟪Ücretsiz⟫ sunulmaktadır. Düzenli EFT Gönderimi - 399.000 TL üstü,,,
albaraka-59c8c39a6db1-p196,0,albaraka,MASRAF_DURUMU,Ücretsiz,"{""metin"": ""ücretsiz""}",0.7,TRY ⟪Ücretsiz⟫ sunulmaktadır. Düzenli Havale Gönderimi - 8.300-399.000 TL,,,
albaraka-59c8c39a6db1-p197,0,albaraka,MASRAF_DURUMU,Ücretsiz,"{""metin"": ""ücretsiz""}",0.7,TRY ⟪Ücretsiz⟫ sunulmaktadır. Düzenli Havale Gönderimi - 399.000 TL üstü,,,
albaraka-59c8c39a6db1-p222,0,albaraka,TAHSIS_UCRETI,749 TL,"{""deger"": 749.0, ""birim"": ""TRY""}",0.85,TRY Oran + Sabit Tutar şeklinde komisyon uygulanmaktadır. 0-⟪749 TL⟫ /750- 2000 TL/2000 TL üzeri işlemlerde sırasıyla 15 TL /25,,,
albaraka-59c8c39a6db1-p223,0,albaraka,TAHSIS_UCRETI,749 TL,"{""deger"": 749.0, ""birim"": ""TRY""}",0.85,TRY Oran + Sabit Tutar şeklinde komisyon uygulanmaktadır. 0-⟪749 TL⟫ /750- 2000 TL/2000 TL üzeri işlemlerde sırasıyla 15 TL /25,,,
albaraka-59c8c39a6db1-p224,0,albaraka,TAHSIS_UCRETI,749 TL,"{""deger"": 749.0, ""birim"": ""TRY""}",0.85,TRY Oran + Sabit Tutar şeklinde komisyon uygulanmaktadır. 0-⟪749 TL⟫ /750- 2000 TL/2000 TL üzeri işlemlerde sırasıyla 15 TL /25,,,
albaraka-59c8c39a6db1-p225,0,albaraka,TAHSIS_UCRETI,749 TL,"{""deger"": 749.0, ""birim"": ""TRY""}",0.85,TRY Oran + Sabit Tutar şeklinde komisyon uygulanmaktadır. 0-⟪749 TL⟫ /750- 2000 TL/2000 TL üzeri işlemlerde sırasıyla 15 TL /25,,,
albaraka-59c8c39a6db1-p322,0,albaraka,MASRAF_DURUMU,ücretsiz,"{""metin"": ""ücretsiz""}",0.7,"eni ile 1 takvim yılı içerisinde yapılacak ilk iki yenileme ⟪ücretsiz⟫dir, sonraki kart yenileme işlemleri için kart başına 300 TL",,,
albaraka-59c8c39a6db1-p323,0,albaraka,MASRAF_DURUMU,ücretsiz,"{""metin"": ""ücretsiz""}",0.7,"eni ile 1 takvim yılı içerisinde yapılacak ilk iki yenileme ⟪ücretsiz⟫dir, sonraki kart yenileme işlemleri için kart başına 4500 T",,,
albaraka-59c8c39a6db1-p339,0,albaraka,KAMPANYA_SURESI,06.09.2025,"{""tarih"": ""2025-09-06""}",0.82,Büyük Kasa - 1 Aylık TRY ⟪06.09.2025⟫ tarihi öncesi ve sonrası satılan kasalara göre değişkenlik,,,
albaraka-59c8c39a6db1-p340,0,albaraka,KAMPANYA_SURESI,06.09.2025,"{""tarih"": ""2025-09-06""}",0.82,Büyük Kasa - 3 Aylık TRY ⟪06.09.2025⟫ tarihi öncesi ve sonrası satılan kasalara göre değişkenlik,,,
albaraka-59c8c39a6db1-p341,0,albaraka,KAMPANYA_SURESI,06.09.2025,"{""tarih"": ""2025-09-06""}",0.82,Büyük Kasa - 6 Aylık TRY ⟪06.09.2025⟫ tarihi öncesi ve sonrası satılan kasalara göre değişkenlik,,,
albaraka-59c8c39a6db1-p342,0,albaraka,KAMPANYA_SURESI,06.09.2025,"{""tarih"": ""2025-09-06""}",0.82,Büyük Kasa - 12 Aylık TRY ⟪06.09.2025⟫ tarihi öncesi ve sonrası satılan kasalara göre değişkenlik,,,
albaraka-59c8c39a6db1-p344,0,albaraka,KAMPANYA_SURESI,06.09.2025,"{""tarih"": ""2025-09-06""}",0.82,Orta Kasa - 1 Aylık TRY ⟪06.09.2025⟫ tarihi öncesi ve sonrası satılan kasalara göre değişkenlik,,,
albaraka-59c8c39a6db1-p345,0,albaraka,KAMPANYA_SURESI,06.09.2025,"{""tarih"": ""2025-09-06""}",0.82,Orta Kasa - 3 Aylık TRY ⟪06.09.2025⟫ tarihi öncesi ve sonrası satılan kasalara göre değişkenlik,,,
albaraka-59c8c39a6db1-p346,0,albaraka,KAMPANYA_SURESI,06.09.2025,"{""tarih"": ""2025-09-06""}",0.82,Orta Kasa - 6 Aylık TRY ⟪06.09.2025⟫ tarihi öncesi ve sonrası satılan kasalara göre değişkenlik,,,
albaraka-59c8c39a6db1-p347,0,albaraka,KAMPANYA_SURESI,06.09.2025,"{""tarih"": ""2025-09-06""}",0.82,Orta Kasa - 12 Aylık TRY ⟪06.09.2025⟫ tarihi öncesi ve sonrası satılan kasalara göre değişkenlik,,,
albaraka-59c8c39a6db1-p349,0,albaraka,KAMPANYA_SURESI,06.09.2025,"{""tarih"": ""2025-09-06""}",0.82,Küçük Kasa - 1 Aylık TRY ⟪06.09.2025⟫ tarihi öncesi ve sonrası satılan kasalara göre değişkenlik,,,
albaraka-59c8c39a6db1-p350,0,albaraka,KAMPANYA_SURESI,06.09.2025,"{""tarih"": ""2025-09-06""}",0.82,Küçük Kasa - 3 Aylık TRY ⟪06.09.2025⟫ tarihi öncesi ve sonrası satılan kasalara göre değişkenlik,,,
albaraka-59c8c39a6db1-p351,0,albaraka,KAMPANYA_SURESI,06.09.2025,"{""tarih"": ""2025-09-06""}",0.82,Küçük Kasa - 6 Aylık TRY ⟪06.09.2025⟫ tarihi öncesi ve sonrası satılan kasalara göre değişkenlik,,,
albaraka-59c8c39a6db1-p352,0,albaraka,KAMPANYA_SURESI,06.09.2025,"{""tarih"": ""2025-09-06""}",0.82,Küçük Kasa - 12 Aylık TRY ⟪06.09.2025⟫ tarihi öncesi ve sonrası satılan kasalara göre değişkenlik,,,
albaraka-59c8c39a6db1-p396,0,albaraka,TAHSIS_UCRETI,225 TL,"{""deger"": 225.0, ""birim"": ""TRY""}",0.85,"TL , 5-10-20-50-100 gram altın teslimlerinde altın gramı * ⟪225 TL⟫ olarak komisyon uygulanmaktadır.Külçe altın teslimlerinde i",,,
albaraka-59c8c39a6db1-p396,1,albaraka,TAHSIS_UCRETI,3.000 TL,"{""deger"": 3000.0, ""birim"": ""TRY""}",0.85,gulanmaktadır.Külçe altın teslimlerinde ise kilogram başına ⟪3.000 TL⟫ komisyon uygulanmaktadır. (Külçe altın teslimlerinde külçe,,,
albaraka-59c8c39a6db1-p424,0,albaraka,TAHSIS_UCRETI,100 TL,"{""deger"": 100.0, ""birim"": ""TRY""}",0.85,"rtı ile yapılan anlık ödemelerde ise, parametrik olarak her ⟪100 TL⟫ için 2 TL komisyon uygulanmaktadır. BSMV Hariçtir.",,,
albaraka-59c8c39a6db1-p424,1,albaraka,TAHSIS_UCRETI,2 TL,"{""deger"": 2.0, ""birim"": ""TRY""}",0.85,"lan anlık ödemelerde ise, parametrik olarak her 100 TL için ⟪2 TL⟫ komisyon uygulanmaktadır. BSMV Hariçtir.",,,
albaraka-59c8c39a6db1-p555,0,albaraka,KAMPANYA_SURESI,30.06.2024,"{""tarih"": ""2024-06-30""}",0.82,Finansman Erken Kapama-Kalan Vadesi 24 Aya Kadar (1.3.2021 -⟪30.06.2024⟫ Tarihleri Arası Kullandırılan Finansmanlarda),,,
albaraka-59c8c39a6db1-p566,0,albaraka,KAMPANYA_SURESI,30.06.2024,"{""tarih"": ""2024-06-30""}",0.82,inansman Erken Kapama-Kalan Vadesi 24 Aydan Uzun (1.3.2021 -⟪30.06.2024⟫ Tarihleri Arası Kullandırılan Finansmanlarda),,,
albaraka-59c8c39a6db1-p592,0,albaraka,KAMPANYA_SURESI,06.01.2025,"{""tarih"": ""2025-01-06""}",0.82,Nakdi Finansman Erken Kapama- (⟪06.01.2025⟫ Tarihinden İtibaren Kullandırılan YP Finansmanlarda),,,
albaraka-59c8c39a6db1-p664,0,albaraka,TAHSIS_UCRETI,225 TL,"{""deger"": 225.0, ""birim"": ""TRY""}",0.85,"TL , 5-10-20-50-100 gram altın teslimlerinde altın gramı * ⟪225 TL⟫ olarak komisyon uygulanmaktadır.Külçe altın teslimlerinde i",,,
albaraka-59c8c39a6db1-p664,1,albaraka,TAHSIS_UCRETI,3.000 TL,"{""deger"": 3000.0, ""birim"": ""TRY""}",0.85,gulanmaktadır.Külçe altın teslimlerinde ise kilogram başına ⟪3.000 TL⟫ komisyon uygulanmaktadır. (Külçe altın teslimlerinde külçe,,,
albaraka-59c8c39a6db1-p690,0,albaraka,MASRAF_DURUMU,Ücretsiz,"{""metin"": ""ücretsiz""}",0.7,399.000 TL üstü ⟪Ücretsiz⟫ sunulmaktadır. Düzenli EFT Gönderimi - 8.300 TL ve altı,,,
albaraka-59c8c39a6db1-p691,0,albaraka,MASRAF_DURUMU,Ücretsiz,"{""metin"": ""ücretsiz""}",0.7,⟪Ücretsiz⟫ sunulmaktadır. Düzenli EFT Gönderimi - 8.300-399.000 TL ara,,,
albaraka-59c8c39a6db1-p692,0,albaraka,MASRAF_DURUMU,Ücretsiz,"{""metin"": ""ücretsiz""}",0.7,⟪Ücretsiz⟫ sunulmaktadır. Düzenli EFT Gönderimi - 399.000 TL üstü,,,
albaraka-59c8c39a6db1-p737,0,albaraka,MASRAF_DURUMU,Ücretsiz,"{""metin"": ""ücretsiz""}",0.7,399.000 TL üstü ⟪Ücretsiz⟫ sunulmaktadır. Düzenli Havale Gönderimi - 8.300 TL ve altı,,,
albaraka-59c8c39a6db1-p738,0,albaraka,MASRAF_DURUMU,Ücretsiz,"{""metin"": ""ücretsiz""}",0.7,⟪Ücretsiz⟫ sunulmaktadır. Düzenli Havale Gönderimi - 8.300-399.000 TL,,,
albaraka-59c8c39a6db1-p739,0,albaraka,MASRAF_DURUMU,Ücretsiz,"{""metin"": ""ücretsiz""}",0.7,⟪Ücretsiz⟫ sunulmaktadır. Düzenli Havale Gönderimi - 399.000 TL üstü,,,
albaraka-59c8c39a6db1-p832,0,albaraka,KAMPANYA_SURESI,06.09.2025,"{""tarih"": ""2025-09-06""}",0.82,TRY ⟪06.09.2025⟫ tarihi öncesi ve sonrası satılan kasalara göre değişkenlik,,,
albaraka-59c8c39a6db1-p833,0,albaraka,KAMPANYA_SURESI,06.09.2025,"{""tarih"": ""2025-09-06""}",0.82,Büyük Kasa - 3 Aylık TRY ⟪06.09.2025⟫ tarihi öncesi ve sonrası satılan kasalara göre değişkenlik,,,
albaraka-59c8c39a6db1-p834,0,albaraka,KAMPANYA_SURESI,06.09.2025,"{""tarih"": ""2025-09-06""}",0.82,Büyük Kasa - 6 Aylık TRY ⟪06.09.2025⟫ tarihi öncesi ve sonrası satılan kasalara göre değişkenlik,,,
albaraka-59c8c39a6db1-p835,0,albaraka,KAMPANYA_SURESI,06.09.2025,"{""tarih"": ""2025-09-06""}",0.82,Büyük Kasa - 12 Aylık TRY ⟪06.09.2025⟫ tarihi öncesi ve sonrası satılan kasalara göre değişkenlik,,,
albaraka-59c8c39a6db1-p837,0,albaraka,KAMPANYA_SURESI,06.09.2025,"{""tarih"": ""2025-09-06""}",0.82,Orta Kasa - 1 Aylık TRY ⟪06.09.2025⟫ tarihi öncesi ve sonrası satılan kasalara göre değişkenlik,,,
albaraka-59c8c39a6db1-p838,0,albaraka,KAMPANYA_SURESI,06.09.2025,"{""tarih"": ""2025-09-06""}",0.82,Orta Kasa - 3 Aylık TRY ⟪06.09.2025⟫ tarihi öncesi ve sonrası satılan kasalara göre değişkenlik,,,
albaraka-59c8c39a6db1-p839,0,albaraka,KAMPANYA_SURESI,06.09.2025,"{""tarih"": ""2025-09-06""}",0.82,Orta Kasa - 6 Aylık TRY ⟪06.09.2025⟫ tarihi öncesi ve sonrası satılan kasalara göre değişkenlik,,,
albaraka-59c8c39a6db1-p840,0,albaraka,KAMPANYA_SURESI,06.09.2025,"{""tarih"": ""2025-09-06""}",0.82,Orta Kasa - 12 Aylık TRY ⟪06.09.2025⟫ tarihi öncesi ve sonrası satılan kasalara göre değişkenlik,,,
albaraka-59c8c39a6db1-p842,0,albaraka,KAMPANYA_SURESI,06.09.2025,"{""tarih"": ""2025-09-06""}",0.82,Küçük Kasa - 1 Aylık TRY ⟪06.09.2025⟫ tarihi öncesi ve sonrası satılan kasalara göre değişkenlik,,,
albaraka-59c8c39a6db1-p843,0,albaraka,KAMPANYA_SURESI,06.09.2025,"{""tarih"": ""2025-09-06""}",0.82,Küçük Kasa - 3 Aylık TRY ⟪06.09.2025⟫ tarihi öncesi ve sonrası satılan kasalara göre değişkenlik,,,
albaraka-59c8c39a6db1-p844,0,albaraka,KAMPANYA_SURESI,06.09.2025,"{""tarih"": ""2025-09-06""}",0.82,Küçük Kasa - 6 Aylık TRY ⟪06.09.2025⟫ tarihi öncesi ve sonrası satılan kasalara göre değişkenlik,,,
albaraka-59c8c39a6db1-p845,0,albaraka,KAMPANYA_SURESI,06.09.2025,"{""tarih"": ""2025-09-06""}",0.82,Küçük Kasa - 12 Aylık TRY ⟪06.09.2025⟫ tarihi öncesi ve sonrası satılan kasalara göre değişkenlik,,,
albaraka-59c8c39a6db1-p1015,0,albaraka,MASRAF_DURUMU,Ücretsiz,"{""metin"": ""ücretsiz""}",0.7,Ticari Kart Üyelik (Asıl Kart) ⟪Ücretsiz⟫ sunulmaktadır.,,,
albaraka-59c8c39a6db1-p1016,0,albaraka,MASRAF_DURUMU,Ücretsiz,"{""metin"": ""ücretsiz""}",0.7,Ticari Kart Üyelik (Ek Kart) ⟪Ücretsiz⟫ sunulmaktadır.,,,
albaraka-905356593b63-p000,0,albaraka,VADE_SURESI,1 yıl,"{""deger"": 12, ""birim"": ""ay""}",0.8,ayı Müşteri Ol Ara Dönem Kâr Payı Ödemeli Katılma Hesap ile ⟪1 yıl⟫ vadeli olarak açtığınız hesaplarda tercihinize göre 1 aylık,,,
albaraka-4c438cd4bddb-p001,1,albaraka,FINANSMAN_TUTARI,40.000 TL,"{""deger"": 40000.0, ""birim"": ""TRY""}",0.8,Kampanya Başlangıç ve Bitiş Müşteri Ol Vade farksız ⟪40.000 TL⟫ ve uygun oranlı hoş geldin finansmanı Albaraka'da!,,,
albaraka-4c438cd4bddb-p030,0,albaraka,VADE_SURESI,3 ay,"{""deger"": 3, ""birim"": ""ay""}",0.85,"terilerimiz, Albaraka Mobil ve İnternet kanalları üzerinden ⟪3 ay⟫ ertelemeli 36 aya vadeli finansman kullanabilecektir.",,,
albaraka-4c438cd4bddb-p033,0,albaraka,VADE_SURESI,3 ay,"{""deger"": 3, ""birim"": ""ay""}",0.85,(⟪3 ay⟫ ertelemeli) 1-6 ay vade 40.001 – 150.000 TL,,,
albaraka-4c438cd4bddb-p033,1,albaraka,VADE_SURESI,6 ay,"{""deger"": 6, ""birim"": ""ay""}",0.85,(3 ay ertelemeli) 1-⟪6 ay⟫ vade 40.001 – 150.000 TL,,,
albaraka-4c438cd4bddb-p034,0,albaraka,VADE_SURESI,3 ay,"{""deger"": 3, ""birim"": ""ay""}",0.85,(⟪3 ay⟫ ertelemeli) 1-6 ay vade 250-TL-150.000-TL,,,
albaraka-4c438cd4bddb-p034,1,albaraka,VADE_SURESI,6 ay,"{""deger"": 6, ""birim"": ""ay""}",0.85,(3 ay ertelemeli) 1-⟪6 ay⟫ vade 250-TL-150.000-TL,,,
albaraka-4c438cd4bddb-p035,0,albaraka,VADE_SURESI,3 ay,"{""deger"": 3, ""birim"": ""ay""}",0.85,(⟪3 ay⟫ ertelemeli) 7-12 ay vade 250-TL-150.000-TL,,,
albaraka-4c438cd4bddb-p035,1,albaraka,VADE_SURESI,12 ay,"{""deger"": 12, ""birim"": ""ay""}",0.85,(3 ay ertelemeli) 7-⟪12 ay⟫ vade 250-TL-150.000-TL,,,
albaraka-4c438cd4bddb-p036,0,albaraka,VADE_SURESI,3 ay,"{""deger"": 3, ""birim"": ""ay""}",0.85,(⟪3 ay⟫ ertelemeli) 13-36 ay vade *Görüntülü görüşme ile Albaraka’l,,,
albaraka-4c438cd4bddb-p036,1,albaraka,VADE_SURESI,36 ay,"{""deger"": 36, ""birim"": ""ay""}",0.85,(3 ay ertelemeli) 13-⟪36 ay⟫ vade *Görüntülü görüşme ile Albaraka’lı olan dijital müşter,,,
albaraka-4c438cd4bddb-p036,3,albaraka,FINANSMAN_TUTARI,40.000 TL,"{""deger"": 40000.0, ""birim"": ""TRY""}",0.8,"a’lı olan dijital müşterilerimize özel; vade farksız, azami ⟪40.000 TL⟫ limitli, 3 aya varan ödemesiz dönem ve 4 taksit imkânı ile",,,
albaraka-4c438cd4bddb-p037,0,albaraka,FINANSMAN_TUTARI,40.000 TL,"{""deger"": 40000.0, ""birim"": ""TRY""}",0.8,⟪40.000 TL⟫ ve 6 ay vade üzeri Pratik Finansman Kart başvurularında yuk,,,
albaraka-4c438cd4bddb-p037,1,albaraka,VADE_SURESI,6 ay,"{""deger"": 6, ""birim"": ""ay""}",0.85,40.000 TL ve ⟪6 ay⟫ vade üzeri Pratik Finansman Kart başvurularında yukarıdaki,,,
albaraka-4c438cd4bddb-p037,2,albaraka,FINANSMAN_TUTARI,150.000 TL'ye kadar,"{""deger"": 150000.0, ""birim"": ""TRY"", ""sinir"": ""ust""}",0.88,abloda belirtilen özel oran ve 36 aya varan vade imkânı ile ⟪150.000 TL'ye kadar⟫ finansman kullanılabilecektir.,,,
albaraka-4c438cd4bddb-p042,0,albaraka,HARCAMA_ESIGI,250 TL,"{""deger"": 250.0, ""birim"": ""TRY""}",0.8,"Pratik Finansman Kart ile asgari ⟪250 TL⟫, azami 150.000 TL finansman kullanılabilmektedir.",,,
albaraka-4c438cd4bddb-p042,1,albaraka,HARCAMA_ESIGI,150.000 TL,"{""deger"": 150000.0, ""birim"": ""TRY""}",0.8,"Pratik Finansman Kart ile asgari 250 TL, azami ⟪150.000 TL⟫ finansman kullanılabilmektedir.",,,
albaraka-4c438cd4bddb-p065,1,albaraka,VADE_SURESI,12 ay,"{""deger"": 12, ""birim"": ""ay""}",0.85,"ereği maksimum vadeler; 100.000 TL üzerindeki tutarlar için ⟪12 ay⟫, 50.000 TL – 100.000 TL aralığındaki tutarlar için 24 ay, 5",,,
albaraka-b4030d83952a-p000,0,albaraka,ALISVERIS_PUANI,200 TL'ye varan Worldpuan,"{""deger"": 200.0, ""birim"": ""TRY"", ""sinir"": ""ust""}",0.88,Eflatun Kredi Kart ile Kozmetik Harcamalarına ⟪200 TL'ye varan Worldpuan⟫!,,,
albaraka-b4030d83952a-p001,0,albaraka,ALISVERIS_PUANI,200 TL'ye varan Worldpuan,"{""deger"": 200.0, ""birim"": ""TRY"", ""sinir"": ""ust""}",0.88,ngıç ve Bitiş Eflatun Kredi Kart ile Kozmetik Harcamalarına ⟪200 TL'ye varan Worldpuan⟫!,,,
albaraka-b4030d83952a-p002,1,albaraka,ODUL_MIKTARI,50 TL,"{""deger"": 50.0, ""birim"": ""TRY""}",0.83,"ınız ile yapacağınız 500 TL ve üzeri kozmetik harcamalarına ⟪50 TL⟫, toplamda 200 TL Worldpuan kazanma fırsatı sizi bekliyor!",,,
albaraka-b4030d83952a-p002,2,albaraka,ALISVERIS_PUANI,200 TL Worldpuan,"{""deger"": 200.0, ""birim"": ""TRY""}",0.88,"ınız 500 TL ve üzeri kozmetik harcamalarına 50 TL, toplamda ⟪200 TL Worldpuan⟫ kazanma fırsatı sizi bekliyor!",,,
albaraka-b4030d83952a-p003,1,albaraka,ALISVERIS_PUANI,50 TL Worldpuan,"{""deger"": 50.0, ""birim"": ""TRY""}",0.88,öründe yapacağı tek seferdeki 500 TL ve üzeri işlemler için ⟪50 TL Worldpuan⟫ kazanımı sağlayacaklardır.,,,
albaraka-b4030d83952a-p004,0,albaraka,ALISVERIS_PUANI,200 TL Worldpuan,"{""deger"": 200.0, ""birim"": ""TRY""}",0.88,ilerimiz kampanya kapsamında içinde bulunulan ayda en fazla ⟪200 TL Worldpuan⟫ kazanabilirler.,,,
albaraka-1795dc07077a-p000,2,albaraka,FINANSMAN_TUTARI,140.000 TL’ye Varan,"{""deger"": 140000.0, ""birim"": ""TRY"", ""sinir"": ""ust""}",0.88,Kampanyalar Yeni Müşterilerimize Özel Vade Farksız ⟪140.000 TL’ye Varan⟫ Destek!,,,
albaraka-1795dc07077a-p001,1,albaraka,FINANSMAN_TUTARI,140.000 TL’ye kadar,"{""deger"": 140000.0, ""birim"": ""TRY"", ""sinir"": ""ust""}",0.88,Kâr payı yok. Beklemek yok. ⟪140.000 TL’ye kadar⟫ vade farksız destek Albaraka’da!,,,
albaraka-1795dc07077a-p003,0,albaraka,ODUL_MIKTARI,500 TL,"{""deger"": 500.0, ""birim"": ""TRY""}",0.83,"""OFT2026” davet kodu ile müşterimiz olun her fatura için ⟪500 TL⟫, toplamda 2.000 TL Worldpuan kazanın!",,,
albaraka-1795dc07077a-p003,1,albaraka,ALISVERIS_PUANI,2.000 TL Worldpuan,"{""deger"": 2000.0, ""birim"": ""TRY""}",0.88,"t kodu ile müşterimiz olun her fatura için 500 TL, toplamda ⟪2.000 TL Worldpuan⟫ kazanın!",,,
albaraka-1795dc07077a-p004,1,albaraka,ALISVERIS_PUANI,1.250 TL Worldpuan,"{""deger"": 1250.0, ""birim"": ""TRY""}",0.88,eni Müşterilerimize Özel Yurt Dışı Çıkış Harcı Kampanyası | ⟪1.250 TL Worldpuan⟫!,,,
albaraka-1795dc07077a-p007,0,albaraka,ODUL_MIKTARI,500 TL,"{""deger"": 500.0, ""birim"": ""TRY""}",0.83,"Albaraka Türk'e müşteri olan her yakınınız için ⟪500 TL⟫, toplamda 5.000 TL'ye varan Worldpuan kazanın!",,,
albaraka-1795dc07077a-p007,1,albaraka,ALISVERIS_PUANI,5.000 TL'ye varan Worldpuan,"{""deger"": 5000.0, ""birim"": ""TRY"", ""sinir"": ""ust""}",0.88,"aka Türk'e müşteri olan her yakınınız için 500 TL, toplamda ⟪5.000 TL'ye varan Worldpuan⟫ kazanın!",,,
albaraka-1795dc07077a-p013,0,albaraka,FINANSMAN_TUTARI,1.000 TL,"{""deger"": 1000.0, ""birim"": ""TRY""}",0.8,TROY kredi kartlarınız ile yapacağınız ⟪1.000 TL⟫- 100.000 TL arası sağlık harcamalarınıza vade farksız 6 tak,,,
albaraka-1795dc07077a-p013,1,albaraka,FINANSMAN_TUTARI,100.000 TL,"{""deger"": 100000.0, ""birim"": ""TRY""}",0.8,TROY kredi kartlarınız ile yapacağınız 1.000 TL- ⟪100.000 TL⟫ arası sağlık harcamalarınıza vade farksız 6 taksit fırsatı!,,,
albaraka-1795dc07077a-p015,0,albaraka,ODUL_MIKTARI,500.000 TL,"{""deger"": 500000.0, ""birim"": ""TRY""}",0.83,30.000-⟪500.000 TL⟫ arası tek çekim eğitim harcamalarınıza vade farksız 6 taksi,,,
albaraka-ea53872ed45c-p002,0,albaraka,ALISVERIS_PUANI,7.500 TL'ye varan Worldpuan,"{""deger"": 7500.0, ""birim"": ""TRY"", ""sinir"": ""ust""}",0.88,Arama (En az 3 karakter giriniz.) Setur'da ⟪7.500 TL'ye varan Worldpuan⟫!,,,
albaraka-ea53872ed45c-p003,0,albaraka,ALISVERIS_PUANI,7.500 TL’ye varan Worldpuan,"{""deger"": 7500.0, ""birim"": ""TRY"", ""sinir"": ""ust""}",0.88,harcamalarınız Worldpuan’a dönüşsün! Setur harcamalarınızda ⟪7.500 TL’ye varan Worldpuan⟫ kazanın!,,,
albaraka-ea53872ed45c-p004,0,albaraka,ALISVERIS_PUANI,7.500 TL’ye varan Worldpuan,"{""deger"": 7500.0, ""birim"": ""TRY"", ""sinir"": ""ust""}",0.88,TatilBudur'da ⟪7.500 TL’ye varan Worldpuan⟫!,,,
albaraka-ea53872ed45c-p005,0,albaraka,ALISVERIS_PUANI,7.500 TL’ye varan Worldpuan,"{""deger"": 7500.0, ""birim"": ""TRY"", ""sinir"": ""ust""}",0.88,"mdi yapın, Worldpuan’la kazancınızı katlayın! TatilBudur'da ⟪7.500 TL’ye varan Worldpuan⟫ kazanın!",,,
albaraka-ea53872ed45c-p006,0,albaraka,ALISVERIS_PUANI,1.000 TL’ye varan Worldpuan,"{""deger"": 1000.0, ""birim"": ""TRY"", ""sinir"": ""ust""}",0.88,Giyim ve Kozmetik Harcamalarınızda ⟪1.000 TL’ye varan Worldpuan⟫!,,,
albaraka-ea53872ed45c-p007,0,albaraka,ALISVERIS_PUANI,1.000 TL'ye varan Worldpuan,"{""deger"": 1000.0, ""birim"": ""TRY"", ""sinir"": ""ust""}",0.88,Giyim ve kozmetik alışverişleriniz kazanca dönüşsün! ⟪1.000 TL'ye varan Worldpuan⟫ kazanın!,,,
albaraka-ea53872ed45c-p008,0,albaraka,ALISVERIS_PUANI,7.500 TL’ye varan Worldpuan,"{""deger"": 7500.0, ""birim"": ""TRY"", ""sinir"": ""ust""}",0.88,TatilBudur'da ⟪7.500 TL’ye varan Worldpuan⟫!,,,
albaraka-ea53872ed45c-p009,0,albaraka,ALISVERIS_PUANI,7.500 TL’ye varan Worldpuan,"{""deger"": 7500.0, ""birim"": ""TRY"", ""sinir"": ""ust""}",0.88,"mdi yapın, Worldpuan’la kazancınızı katlayın! TatilBudur'da ⟪7.500 TL’ye varan Worldpuan⟫ kazanın!",,,
albaraka-ea53872ed45c-p010,0,albaraka,ALISVERIS_PUANI,7.500 TL'ye varan Worldpuan,"{""deger"": 7500.0, ""birim"": ""TRY"", ""sinir"": ""ust""}",0.88,"Setur'da ⟪7.500 TL'ye varan Worldpuan⟫! Setur’da tatilinizi planlayın, harcamalarınız Worldpuan’a",,,
albaraka-ea53872ed45c-p010,1,albaraka,ALISVERIS_PUANI,7.500 TL’ye varan Worldpuan,"{""deger"": 7500.0, ""birim"": ""TRY"", ""sinir"": ""ust""}",0.88,harcamalarınız Worldpuan’a dönüşsün! Setur harcamalarınızda ⟪7.500 TL’ye varan Worldpuan⟫ kazanın!,,,
albaraka-ea53872ed45c-p011,0,albaraka,ALISVERIS_PUANI,1.000 TL’ye varan Worldpuan,"{""deger"": 1000.0, ""birim"": ""TRY"", ""sinir"": ""ust""}",0.88,Giyim ve Kozmetik Harcamalarınızda ⟪1.000 TL’ye varan Worldpuan⟫!,,,
albaraka-ea53872ed45c-p012,0,albaraka,ALISVERIS_PUANI,1.000 TL'ye varan Worldpuan,"{""deger"": 1000.0, ""birim"": ""TRY"", ""sinir"": ""ust""}",0.88,Giyim ve kozmetik alışverişleriniz kazanca dönüşsün! ⟪1.000 TL'ye varan Worldpuan⟫ kazanın!,,,
albaraka-ea53872ed45c-p013,0,albaraka,ALISVERIS_PUANI,1.000TL’ye varan Worldpuan,"{""deger"": 1000.0, ""birim"": ""TRY"", ""sinir"": ""ust""}",0.88,"Giyim, Çiçek ve Kozmetik Harcamalarınızda ⟪1.000TL’ye varan Worldpuan⟫!",,,
albaraka-ea53872ed45c-p014,2,albaraka,ALISVERIS_PUANI,1.000 TL WorldPuan,"{""deger"": 1000.0, ""birim"": ""TRY""}",0.88,"adan sonraki her 3.000 TL ve üzeri harcamaya 100 TL, toplam ⟪1.000 TL WorldPuan⟫!",,,
albaraka-ea53872ed45c-p015,0,albaraka,ALISVERIS_PUANI,7.500 TL'ye varan Worldpuan,"{""deger"": 7500.0, ""birim"": ""TRY"", ""sinir"": ""ust""}",0.88,"Setur'da ⟪7.500 TL'ye varan Worldpuan⟫! Setur’da tatilinizi planlayın, harcamalarınız Worldpuan’a",,,
albaraka-ea53872ed45c-p015,1,albaraka,ALISVERIS_PUANI,7.500 TL’ye varan Worldpuan,"{""deger"": 7500.0, ""birim"": ""TRY"", ""sinir"": ""ust""}",0.88,harcamalarınız Worldpuan’a dönüşsün! Setur harcamalarınızda ⟪7.500 TL’ye varan Worldpuan⟫ kazanın!,,,
albaraka-ea53872ed45c-p016,0,albaraka,ALISVERIS_PUANI,7.500 TL’ye varan Worldpuan,"{""deger"": 7500.0, ""birim"": ""TRY"", ""sinir"": ""ust""}",0.88,TatilBudur'da ⟪7.500 TL’ye varan Worldpuan⟫!,,,
albaraka-ea53872ed45c-p017,0,albaraka,ALISVERIS_PUANI,7.500 TL’ye varan Worldpuan,"{""deger"": 7500.0, ""birim"": ""TRY"", ""sinir"": ""ust""}",0.88,"mdi yapın, Worldpuan’la kazancınızı katlayın! TatilBudur'da ⟪7.500 TL’ye varan Worldpuan⟫ kazanın!",,,
albaraka-ea53872ed45c-p018,0,albaraka,ALISVERIS_PUANI,7.500 TL'ye varan Worldpuan,"{""deger"": 7500.0, ""birim"": ""TRY"", ""sinir"": ""ust""}",0.88,"Setur'da ⟪7.500 TL'ye varan Worldpuan⟫! Setur’da tatilinizi planlayın, harcamalarınız Worldpuan’a",,,
albaraka-ea53872ed45c-p018,1,albaraka,ALISVERIS_PUANI,7.500 TL’ye varan Worldpuan,"{""deger"": 7500.0, ""birim"": ""TRY"", ""sinir"": ""ust""}",0.88,harcamalarınız Worldpuan’a dönüşsün! Setur harcamalarınızda ⟪7.500 TL’ye varan Worldpuan⟫ kazanın!,,,
albaraka-ea53872ed45c-p019,0,albaraka,ALISVERIS_PUANI,1.500 TL’ye varan Worldpuan,"{""deger"": 1500.0, ""birim"": ""TRY"", ""sinir"": ""ust""}",0.88,Giyim ve Kozmetik Harcamalarınızda ⟪1.500 TL’ye varan Worldpuan⟫!,,,
albaraka-ea53872ed45c-p020,0,albaraka,ALISVERIS_PUANI,1.500 TL'ye varan Worldpuan,"{""deger"": 1500.0, ""birim"": ""TRY"", ""sinir"": ""ust""}",0.88,Giyim ve kozmetik alışverişleriniz kazanca dönüşsün! ⟪1.500 TL'ye varan Worldpuan⟫ kazanın!,,,
albaraka-ea53872ed45c-p021,0,albaraka,ALISVERIS_PUANI,7.500 TL’ye varan Worldpuan,"{""deger"": 7500.0, ""birim"": ""TRY"", ""sinir"": ""ust""}",0.88,TatilBudur'da ⟪7.500 TL’ye varan Worldpuan⟫!,,,
albaraka-ea53872ed45c-p022,0,albaraka,ALISVERIS_PUANI,7.500 TL’ye varan Worldpuan,"{""deger"": 7500.0, ""birim"": ""TRY"", ""sinir"": ""ust""}",0.88,"mdi yapın, Worldpuan’la kazancınızı katlayın! TatilBudur'da ⟪7.500 TL’ye varan Worldpuan⟫ kazanın!",,,
albaraka-b3d9d634601f-p005,0,albaraka,KAMPANYA_SURESI,31.12.2025,"{""tarih"": ""2025-12-31""}",0.82,Kampanya ⟪31.12.2025⟫ tarihine kadar geçerlidir.,,,
albaraka-5e57b63efae4-p005,0,albaraka,ODUL_MIKTARI,500.000 TL,"{""deger"": 500000.0, ""birim"": ""TRY""}",0.83,"butonuna tıklayın, 30.000 TL- ⟪500.000 TL⟫ arası okul ödemelerinizi Albaraka World özellikli kredi kar",,,
albaraka-5e57b63efae4-p014,0,albaraka,ODUL_MIKTARI,30.000 TL,"{""deger"": 30000.0, ""birim"": ""TRY""}",0.83,kli bireysel kredi kartları ile tek çekim olarak yaptığınız ⟪30.000 TL⟫- 500.000 TL arası eğitim harcamalarınız için geçerlidir.,,,
albaraka-5e57b63efae4-p014,1,albaraka,ODUL_MIKTARI,500.000 TL,"{""deger"": 500000.0, ""birim"": ""TRY""}",0.83,l kredi kartları ile tek çekim olarak yaptığınız 30.000 TL- ⟪500.000 TL⟫ arası eğitim harcamalarınız için geçerlidir.,,,
albaraka-2f91d0554cdd-p003,0,albaraka,FINANSMAN_TUTARI,1.000 TL,"{""deger"": 1000.0, ""birim"": ""TRY""}",0.8,⟪1.000 TL⟫- 20.000 TL arası kırtasiye harcamalarınızı Albaraka World ö,,,
albaraka-2f91d0554cdd-p011,0,albaraka,ODUL_MIKTARI,1.000 TL,"{""deger"": 1000.0, ""birim"": ""TRY""}",0.83,kli bireysel kredi kartları ile tek çekim olarak yaptığınız ⟪1.000 TL⟫- 20.000 TL arası eğitim harcamalarınız için geçerlidir.,,,
albaraka-2f91d0554cdd-p011,1,albaraka,ODUL_MIKTARI,20.000 TL,"{""deger"": 20000.0, ""birim"": ""TRY""}",0.83,el kredi kartları ile tek çekim olarak yaptığınız 1.000 TL- ⟪20.000 TL⟫ arası eğitim harcamalarınız için geçerlidir.,,,
albaraka-57c3b5fde148-p000,1,albaraka,FINANSMAN_TUTARI,140.000 TL’ye Varan,"{""deger"": 140000.0, ""birim"": ""TRY"", ""sinir"": ""ust""}",0.88,Vade Farksız ⟪140.000 TL’ye Varan⟫ Destek!,,,
albaraka-57c3b5fde148-p002,0,albaraka,FINANSMAN_TUTARI,"140.000 TL
’ye kadar","{""deger"": 140000.0, ""birim"": ""TRY"", ""sinir"": ""ust""}",0.88,⟪140.000 TL ’ye kadar⟫ vade farksız destek,,,
albaraka-57c3b5fde148-p004,1,albaraka,FINANSMAN_TUTARI,40.000 TL’ye kadar,"{""deger"": 40000.0, ""birim"": ""TRY"", ""sinir"": ""ust""}",0.88,%0 kâr payı ile ⟪40.000 TL’ye kadar⟫ Pratik Finansman Kart (İhtiyaç Finansmanı) kullanabiliyor v,,,
albaraka-57c3b5fde148-p008,0,albaraka,FINANSMAN_TUTARI,"100.000 TL
’ye kadar","{""deger"": 100000.0, ""birim"": ""TRY"", ""sinir"": ""ust""}",0.88,"Pratik Finansman Kart ve, ⟪100.000 TL ’ye kadar⟫ vade farksız",,,
albaraka-57c3b5fde148-p010,0,albaraka,FINANSMAN_TUTARI,"140.000 TL
’ye kadar","{""deger"": 140000.0, ""birim"": ""TRY"", ""sinir"": ""ust""}",0.88,Toplamda ⟪140.000 TL ’ye kadar⟫ vade farksız finansman desteği için Albaraka Türk sizleri b,,,
albaraka-57c3b5fde148-p016,0,albaraka,FINANSMAN_TUTARI,140.000 TL,"{""deger"": 140000.0, ""birim"": ""TRY""}",0.8,⟪140.000 TL⟫ Vadesiz Finansman Kampanyası Detayları,,,
albaraka-57c3b5fde148-p017,0,albaraka,FINANSMAN_TUTARI,40.000 TL’ye Kadar,"{""deger"": 40000.0, ""birim"": ""TRY"", ""sinir"": ""ust""}",0.88,⟪40.000 TL’ye Kadar⟫ Vade Farksız Finansman Desteği,,,
albaraka-57c3b5fde148-p029,1,albaraka,FINANSMAN_TUTARI,40.000 TL,"{""deger"": 40000.0, ""birim"": ""TRY""}",0.8,Vade farksız ⟪40.000 TL⟫ ihtiyaç finansmanı kampanyası hakkında detaylı bilgi almak,,,
albaraka-57c3b5fde148-p038,1,albaraka,MASRAF_DURUMU,Ücretsiz,"{""metin"": ""ücretsiz""}",0.7,Masrafsız Banka ve Kredi Kartı ⟪Ücretsiz⟫ EFT ve Havale,,,
albaraka-03290cc71568-p008,0,albaraka,KAMPANYA_SURESI,31.12.2025,"{""tarih"": ""2025-12-31""}",0.82,döneminde alınan online indirim kodunun son kullanma tarihi ⟪31.12.2025⟫’tir.,,,
albaraka-123679fd2f3a-p007,0,albaraka,ALISVERIS_PUANI,60 puan,"{""deger"": 60.0, ""birim"": ""TRY""}",0.88,Segment Puan Aralığı Bronz: 0 – ⟪60 puan⟫ Gümüş:,,,
albaraka-123679fd2f3a-p008,0,albaraka,ALISVERIS_PUANI,120 puan,"{""deger"": 120.0, ""birim"": ""TRY""}",0.88,60 – ⟪120 puan⟫ Altın: 120 – 180 puan Platin:,,,
albaraka-123679fd2f3a-p008,1,albaraka,ALISVERIS_PUANI,180 puan,"{""deger"": 180.0, ""birim"": ""TRY""}",0.88,60 – 120 puan Altın: 120 – ⟪180 puan⟫ Platin:,,,
albaraka-123679fd2f3a-p009,0,albaraka,ALISVERIS_PUANI,240 puan,"{""deger"": 240.0, ""birim"": ""TRY""}",0.88,"180 – ⟪240 puan⟫ Elmas: 240 – 300 puan Her segment, bir öncekine göre daha f",,,
albaraka-123679fd2f3a-p009,1,albaraka,ALISVERIS_PUANI,300 puan,"{""deger"": 300.0, ""birim"": ""TRY""}",0.88,"180 – 240 puan Elmas: 240 – ⟪300 puan⟫ Her segment, bir öncekine göre daha fazla avantaj ve ayrıca",,,
albaraka-efff43972cf1-p008,0,albaraka,KAMPANYA_SURESI,31.12.2025,"{""tarih"": ""2025-12-31""}",0.82,döneminde alınan online indirim kodunun son kullanma tarihi ⟪31.12.2025⟫’tir.,,,
albaraka-61d0904a0eca-p000,0,albaraka,ODUL_MIKTARI,2.000 TL,"{""deger"": 2000.0, ""birim"": ""TRY""}",0.83,"kartları ile yapacağı havayolu harcamalarında %10’u kadar, ⟪2.000 TL⟫’ ye varan iade kazanma fırsatı!",,,
albaraka-61d0904a0eca-p004,0,albaraka,ODUL_MIKTARI,2.000 TL,"{""deger"": 2000.0, ""birim"": ""TRY""}",0.83,"Harcamanızın %10’u kadar, ⟪2.000 TL⟫’ ye varan iade kazanın.",,,
albaraka-61d0904a0eca-p012,0,albaraka,ODUL_MIKTARI,2.000 TL,"{""deger"": 2000.0, ""birim"": ""TRY""}",0.83,Bir müşterinin kazanabileceği maksimum iade tutarı ⟪2.000 TL⟫’dir.,,,
albaraka-22a6a07baf87-p001,0,albaraka,ODUL_MIKTARI,500 TL,"{""deger"": 500.0, ""birim"": ""TRY""}",0.83,"Albaraka Türk'e müşteri olan her yakınınız için ⟪500 TL⟫, toplamda 5.000 TL'ye varan Worldpuan kazanın! Üstelik dave",,,
albaraka-22a6a07baf87-p001,1,albaraka,ALISVERIS_PUANI,5.000 TL'ye varan Worldpuan,"{""deger"": 5000.0, ""birim"": ""TRY"", ""sinir"": ""ust""}",0.88,"aka Türk'e müşteri olan her yakınınız için 500 TL, toplamda ⟪5.000 TL'ye varan Worldpuan⟫ kazanın! Üstelik davet edilen yakınınınız da 500 TL Worldpu",,,
albaraka-22a6a07baf87-p001,2,albaraka,ALISVERIS_PUANI,500 TL Worldpuan,"{""deger"": 500.0, ""birim"": ""TRY""}",0.88,aran Worldpuan kazanın! Üstelik davet edilen yakınınınız da ⟪500 TL Worldpuan⟫ kazanıyor!,,,
albaraka-22a6a07baf87-p006,0,albaraka,ODUL_MIKTARI,500 TL,"{""deger"": 500.0, ""birim"": ""TRY""}",0.83,"tikleri ve kampanya kapsamında müşteri olan her yakını için ⟪500 TL⟫, toplamda 5.000 TL’ye varan Worldpuan ödülüne hak kazanır.",,,
albaraka-22a6a07baf87-p006,1,albaraka,ALISVERIS_PUANI,5.000 TL’ye varan Worldpuan,"{""deger"": 5000.0, ""birim"": ""TRY"", ""sinir"": ""ust""}",0.88,"ya kapsamında müşteri olan her yakını için 500 TL, toplamda ⟪5.000 TL’ye varan Worldpuan⟫ ödülüne hak kazanır.",,,
albaraka-22a6a07baf87-p008,0,albaraka,ALISVERIS_PUANI,5.000 TL Worldpuan,"{""deger"": 5000.0, ""birim"": ""TRY""}",0.88,"rek, kampanyaya “davet eden” olarak katılım sağlayabilir ve ⟪5.000 TL Worldpuan⟫ kazanabilir.",,,
albaraka-3e771c247998-p005,1,albaraka,ODUL_MIKTARI,150 TL,"{""deger"": 150.0, ""birim"": ""TRY""}",0.83,lan alışverişlerde geçerlidir. Kampanya kapsamında maksimum ⟪150 TL⟫ indirim kazanılabilir.,,,
albaraka-0a485a5a7960-p010,0,albaraka,KAMPANYA_SURESI,31.12.2026,"{""tarih"": ""2026-12-31""}",0.82,"Kampanya, ⟪31.12.2026⟫ tarihine kadar geçerlidir.",,,
albaraka-935275afc03c-p010,0,albaraka,KAMPANYA_SURESI,31.12.2026,"{""tarih"": ""2026-12-31""}",0.82,"Kampanya, ⟪31.12.2026⟫ tarihine kadar geçerlidir.",,,
albaraka-2d30cd9acf45-p003,1,albaraka,ODUL_MIKTARI,1.699 TL,"{""deger"": 1699.0, ""birim"": ""TRY""}",0.83,o'ya üye olan kişilere %40 İndirimli Kiralama ayrıcalığı ve ⟪1.699 TL⟫ Hoş Geldin Hediyesi sağlanacaktır.,,,
albaraka-2d30cd9acf45-p004,0,albaraka,KAMPANYA_SURESI,31.12.2026,"{""tarih"": ""2026-12-31""}",0.82,Kampanya yeni üyeliklerde geçerlidir. Kampanya ⟪31.12.2026⟫’e kadar geçerlidir.,,,
albaraka-2d30cd9acf45-p005,1,albaraka,KAMPANYA_SURESI,31.12.2026,"{""tarih"": ""2026-12-31""}",0.82,%40 indirim kampanyasından ⟪31.12.2026⟫ tarihine kadar istediğiniz kadar yararlanabilirsiniz.,,,
albaraka-2d30cd9acf45-p006,0,albaraka,ODUL_MIKTARI,1.699 TL,"{""deger"": 1699.0, ""birim"": ""TRY""}",0.83,⟪1.699 TL⟫ Hoş Geldin Hediyesi kampanyası tek kullanımlıktır.,,,
albaraka-a6e48ebc4145-p001,1,albaraka,ODUL_MIKTARI,1.000 TL,"{""deger"": 1000.0, ""birim"": ""TRY""}",0.83,"lun, Yapacağınız ilk 1.000 TL ve üstü akaryakıt harcamanıza ⟪1.000 TL⟫ kazanın!",,,
albaraka-a6e48ebc4145-p003,0,albaraka,KAMPANYA_SURESI,31.08.2025,"{""tarih"": ""2025-08-31""}",0.82,"kredi kartı başvurusu yapan ve başvurusu onaylanan kişiler, ⟪31.08.2025⟫ tarihine kadar yapacakları 1.000 TL ve üzeri akaryakıt harc",,,
albaraka-a6e48ebc4145-p003,2,albaraka,ODUL_MIKTARI,1.000 TL,"{""deger"": 1000.0, ""birim"": ""TRY""}",0.83,adar yapacakları 1.000 TL ve üzeri akaryakıt harcamalarında ⟪1.000 TL⟫ indirim kazanacaktır.,,,
albaraka-a6e48ebc4145-p004,0,albaraka,KAMPANYA_SURESI,01.08.2025,"{""tarih"": ""2025-08-01""}",0.82,"Kampanyamız, ⟪01.08.2025⟫ ile 31.08.2025 tarihleri arasında yapılacak akaryakıt harca",,,
albaraka-a6e48ebc4145-p004,1,albaraka,KAMPANYA_SURESI,31.08.2025,"{""tarih"": ""2025-08-31""}",0.82,"Kampanyamız, 01.08.2025 ile ⟪31.08.2025⟫ tarihleri arasında yapılacak akaryakıt harcaması için geçer",,,
albaraka-aa5d95d6862c-p001,0,albaraka,ODUL_MIKTARI,500 TL,"{""deger"": 500.0, ""birim"": ""TRY""}",0.83,"erinden vereceğiniz her otomatik fatura ödeme talimatı için ⟪500 TL⟫, toplamda 2.000 TL Worldpuan kazanın!",,,
albaraka-aa5d95d6862c-p001,1,albaraka,ALISVERIS_PUANI,2.000 TL Worldpuan,"{""deger"": 2000.0, ""birim"": ""TRY""}",0.88,"iz her otomatik fatura ödeme talimatı için 500 TL, toplamda ⟪2.000 TL Worldpuan⟫ kazanın!",,,
albaraka-aa5d95d6862c-p003,0,albaraka,ODUL_MIKTARI,500 TL,"{""deger"": 500.0, ""birim"": ""TRY""}",0.83,"tınızla vereceğiniz her otomatik fatura ödeme talimatı için ⟪500 TL⟫, toplamda 2.000 TL Worldpuan kazanın!",,,
albaraka-aa5d95d6862c-p003,1,albaraka,ALISVERIS_PUANI,2.000 TL Worldpuan,"{""deger"": 2000.0, ""birim"": ""TRY""}",0.88,"iz her otomatik fatura ödeme talimatı için 500 TL, toplamda ⟪2.000 TL Worldpuan⟫ kazanın!",,,
albaraka-aa5d95d6862c-p011,0,albaraka,ALISVERIS_PUANI,2.000 TL Worldpuan,"{""deger"": 2000.0, ""birim"": ""TRY""}",0.88,"Kampanya müşteri bazındadır, bir müşteri en fazla ⟪2.000 TL Worldpuan⟫ kazanabilir.",,,
albaraka-49ba76604dd4-p000,0,albaraka,ODUL_MIKTARI,700 TL’ye varan,"{""deger"": 700.0, ""birim"": ""TRY"", ""sinir"": ""ust""}",0.83,"sı üzerinden yurt içi ve yurt dışı uçak bileti alımı yapın, ⟪700 TL’ye varan⟫ indirim kodu kazanın!",,,
albaraka-49ba76604dd4-p004,0,albaraka,ODUL_MIKTARI,350 TL,"{""deger"": 350.0, ""birim"": ""TRY""}",0.83,"ı ile gerçekleştireceğiniz yurt içi uçak bileti alımlarında ⟪350 TL⟫, yurt dışı uçak bileti alımlarında 700 TL indirim kazanın!",,,
albaraka-49ba76604dd4-p004,1,albaraka,ODUL_MIKTARI,700 TL,"{""deger"": 700.0, ""birim"": ""TRY""}",0.83,"ileti alımlarında 350 TL, yurt dışı uçak bileti alımlarında ⟪700 TL⟫ indirim kazanın!",,,
albaraka-49ba76604dd4-p012,0,albaraka,KAMPANYA_SURESI,31.12.2026,"{""tarih"": ""2026-12-31""}",0.82,Her müşteri en fazla 1 kod alabilir. Alınan kodlar ⟪31.12.2026⟫ tarihine kadar geçerlidir.,,,
albaraka-5d387bdabe21-p003,1,albaraka,ODUL_MIKTARI,2.000 TL,"{""deger"": 2000.0, ""birim"": ""TRY""}",0.83,L ve üzeri konaklama harcamanıza %10 iade kazanın! Toplamda ⟪2.000 TL⟫ iade fırsatından yararlanın!,,,
albaraka-5d387bdabe21-p011,0,albaraka,ODUL_MIKTARI,2.000 TL,"{""deger"": 2000.0, ""birim"": ""TRY""}",0.83,Bir müşterinin kazanabileceği maksimum iade tutarı ⟪2.000 TL⟫’dir.,,,
albaraka-8cab2165f6a6-p006,0,albaraka,KAMPANYA_SURESI,31.12.2026,"{""tarih"": ""2026-12-31""}",0.82,Kampanya ⟪31.12.2026⟫ tarihine kadar geçerlidir.,,,
albaraka-77b4ebc21605-p001,0,albaraka,MASRAF_DURUMU,ücretsiz,"{""metin"": ""ücretsiz""}",0.7,aya devam ediyor. Trend Banka Kartı’na sahipsen tüm ATM’ler ⟪ücretsiz⟫ olarak hizmetinde!,,,
albaraka-77b4ebc21605-p002,0,albaraka,MASRAF_DURUMU,ücretsiz,"{""metin"": ""ücretsiz""}",0.7,rend Banka Kartı ’nla diğer banka ATM’lerinden her ay 3 kez ⟪ücretsiz⟫ para çekebilirsin!,,,
albaraka-77b4ebc21605-p004,0,albaraka,MASRAF_DURUMU,ücretsiz,"{""metin"": ""ücretsiz""}",0.7,Aynı banka kartıyla bir ay içerisinde en fazla 3 kere ⟪ücretsiz⟫ para çekebilirsin.,,,
albaraka-77b4ebc21605-p005,0,albaraka,MASRAF_DURUMU,ücretsiz,"{""metin"": ""ücretsiz""}",0.7,Aynı banka kartıyla bir ayda toplamda en fazla 5.000 TL ⟪ücretsiz⟫ para çekebilirsin,,,
albaraka-c21bd7bf1ea4-p001,0,albaraka,MASRAF_DURUMU,ücretsiz,"{""metin"": ""ücretsiz""}",0.7,a devam ediyor. Eflatun Banka Kartı’na sahipsen tüm ATM’ler ⟪ücretsiz⟫ olarak hizmetinde!,,,
albaraka-c21bd7bf1ea4-p002,0,albaraka,MASRAF_DURUMU,ücretsiz,"{""metin"": ""ücretsiz""}",0.7,latun Banka Kartı’nla diğer banka ATM’lerinden her ay 3 kez ⟪ücretsiz⟫ para çekebilirsin!,,,
albaraka-c21bd7bf1ea4-p004,0,albaraka,MASRAF_DURUMU,ücretsiz,"{""metin"": ""ücretsiz""}",0.7,Aynı banka kartıyla bir ay içerisinde en fazla 3 kere ⟪ücretsiz⟫ para çekebilirsin.,,,
albaraka-c21bd7bf1ea4-p005,0,albaraka,MASRAF_DURUMU,ücretsiz,"{""metin"": ""ücretsiz""}",0.7,Aynı banka kartıyla bir ayda toplamda en fazla 5.000 TL ⟪ücretsiz⟫ para çekebilirsin.,,,
albaraka-ff381e5e58e3-p012,0,albaraka,KAMPANYA_SURESI,31.12.2026,"{""tarih"": ""2026-12-31""}",0.82,"Kampanya, ⟪31.12.2026⟫ tarihine kadar geçerlidir.",,,
albaraka-02d0d4550f4b-p023,0,albaraka,TAHSIS_UCRETI,"2,50TL","{""deger"": 2.5, ""birim"": ""TRY""}",0.85,"Oyak komisyonları : Hesap işletim ücreti ⟪2,50TL⟫, SMS ücreti 2TL, müşteri aylık ekstreyi posta yolu ile tale",,,
albaraka-02d0d4550f4b-p023,1,albaraka,TAHSIS_UCRETI,2TL,"{""deger"": 2.0, ""birim"": ""TRY""}",0.85,"Oyak komisyonları : Hesap işletim ücreti 2,50TL, SMS ücreti ⟪2TL⟫, müşteri aylık ekstreyi posta yolu ile talep ediyor ise eks",,,
albaraka-b279c1399fdd-p031,0,albaraka,KAMPANYA_SURESI,01.02.2025,"{""tarih"": ""2025-02-01""}",0.82,⟪01.02.2025⟫ Tarihinden Sonra İktisap Edilenler,,,
albaraka-b279c1399fdd-p032,0,albaraka,VADE_SURESI,6 Ay,"{""deger"": 6, ""birim"": ""ay""}",0.85,0-⟪6 Ay⟫ Vadeli 6 -12 Ay Vadeli 1 Yıldan Uzun Vadeli,,,
albaraka-b279c1399fdd-p032,1,albaraka,VADE_SURESI,12 Ay,"{""deger"": 12, ""birim"": ""ay""}",0.85,0-6 Ay Vadeli 6 -⟪12 Ay⟫ Vadeli 1 Yıldan Uzun Vadeli,,,
albaraka-bd2f2e54fda4-p012,0,albaraka,KAMPANYA_SURESI,31.12.2026,"{""tarih"": ""2026-12-31""}",0.82,"Kampanya, ⟪31.12.2026⟫ tarihine kadar geçerlidir.",,,
albaraka-a0cb32c18fcb-p000,0,albaraka,ALISVERIS_PUANI,1.250 TL Worldpuan,"{""deger"": 1250.0, ""birim"": ""TRY""}",0.88,Yurt Dışı Çıkış Harcı Kampanyası | ⟪1.250 TL Worldpuan⟫!,,,
albaraka-a0cb32c18fcb-p001,0,albaraka,ALISVERIS_PUANI,1.250 TL Worldpuan,"{""deger"": 1250.0, ""birim"": ""TRY""}",0.88,a Mobil üzerinden yurt dışına çıkış harcı ödemenizi yaparak ⟪1.250 TL Worldpuan⟫ kazanın!,,,
albaraka-a0cb32c18fcb-p004,0,albaraka,ALISVERIS_PUANI,1.250 TL Worldpuan,"{""deger"": 1250.0, ""birim"": ""TRY""}",0.88,çıkış harcı ödemenizi Albaraka World kredi kartınızla yapın ⟪1.250 TL Worldpuan⟫ kazanın!,,,
albaraka-a0cb32c18fcb-p006,0,albaraka,ALISVERIS_PUANI,1.250 TL Worldpuan,"{""deger"": 1250.0, ""birim"": ""TRY""}",0.88,Kampanyalar sayfasından “Yurt Dışı Çıkış Harcı Kampanyası | ⟪1.250 TL Worldpuan⟫!” kampanyası için “Hemen Katıl” butonuna tıklamayan müşteri,,,
albaraka-a0cb32c18fcb-p010,0,albaraka,ALISVERIS_PUANI,1.250 TL Worldpuan,"{""deger"": 1250.0, ""birim"": ""TRY""}",0.88,"Kampanya müşteri bazındadır, bir müşteri en fazla ⟪1.250 TL Worldpuan⟫ kazanabilir.",,,
albaraka-fc00bd01d9c0-p008,0,albaraka,KAMPANYA_SURESI,01.01.2026,"{""tarih"": ""2026-01-01""}",0.82,"Ek Kampanya Detayları Kampanyamız, ⟪01.01.2026⟫ ile 31.01.2026 tarihleri arasında yapacağınız havayolu harc",,,
albaraka-fc00bd01d9c0-p008,1,albaraka,KAMPANYA_SURESI,31.01.2026,"{""tarih"": ""2026-01-31""}",0.82,"Ek Kampanya Detayları Kampanyamız, 01.01.2026 ile ⟪31.01.2026⟫ tarihleri arasında yapacağınız havayolu harcamaları için ge",,,
albaraka-fc00bd01d9c0-p011,0,albaraka,ODUL_MIKTARI,1.000 TL,"{""deger"": 1000.0, ""birim"": ""TRY""}",0.83,Bir müşterinin kazanabileceği maksimum indirim tutarı ⟪1.000 TL⟫’ dir.,,,
albaraka-0c63aed9130d-p001,0,albaraka,FINANSMAN_TUTARI,1.000 TL,"{""deger"": 1000.0, ""birim"": ""TRY""}",0.8,ve Bitiş Müşteri Ol TROY kredi kartlarınız ile yapacağınız ⟪1.000 TL⟫- 100.000 TL arası sağlık harcamalarınıza vade farksız 6 tak,,,
albaraka-0c63aed9130d-p001,1,albaraka,FINANSMAN_TUTARI,100.000 TL,"{""deger"": 100000.0, ""birim"": ""TRY""}",0.8,Müşteri Ol TROY kredi kartlarınız ile yapacağınız 1.000 TL- ⟪100.000 TL⟫ arası sağlık harcamalarınıza vade farksız 6 taksit fırsatı!,,,
albaraka-0c63aed9130d-p013,0,albaraka,FINANSMAN_TUTARI,1.000 TL,"{""deger"": 1000.0, ""birim"": ""TRY""}",0.8,"Ek Kampanya Detayları Kampanya, TROY kredi kartları ile ⟪1.000 TL⟫- 100.000 TL tutarları arasındaki sağlık harcamalarında geçe",,,
albaraka-0c63aed9130d-p013,1,albaraka,FINANSMAN_TUTARI,100.000 TL,"{""deger"": 100000.0, ""birim"": ""TRY""}",0.8,"panya Detayları Kampanya, TROY kredi kartları ile 1.000 TL- ⟪100.000 TL⟫ tutarları arasındaki sağlık harcamalarında geçerlidir.",,,
albaraka-478447c96eb0-p025,0,albaraka,ALISVERIS_PUANI,20 puan,"{""deger"": 20.0, ""birim"": ""TRY""}",0.88,Finansmanı kullanımlarınızda standart oranlarımız üzerinden ⟪20 puan⟫ indirim yapılacaktır.,,,
albaraka-244e6d1126f7-p005,0,albaraka,VADE_SURESI,1 ay,"{""deger"": 1, ""birim"": ""ay""}",0.85,"Vade, ödeme tarihinden ⟪1 ay⟫ sonrasıdır. Müşterinin 1 ay ve daha fazla süreli Fatura Öde",,,
albaraka-244e6d1126f7-p005,1,albaraka,VADE_SURESI,1 ay,"{""deger"": 1, ""birim"": ""ay""}",0.85,"Vade, ödeme tarihinden 1 ay sonrasıdır. Müşterinin ⟪1 ay⟫ ve daha fazla süreli Fatura Ödeyen Hesap risk bakiyesi (kap",,,
albaraka-91226eb985c5-p000,0,albaraka,HEDEF_KITLE,Kobi,"{""metin"": ""kobi""}",0.85,Kartlar ⟪Kobi⟫ Kartları World Business Kart,,,
albaraka-0919ef9a7cd5-p000,0,albaraka,HEDEF_KITLE,Kobi,"{""metin"": ""kobi""}",0.85,Finansmanlar ⟪Kobi⟫ Nakdi Finansman İşletmenizi büyütmek isteyen bir KOBİ’yseni,,,
albaraka-0919ef9a7cd5-p000,1,albaraka,HEDEF_KITLE,KOBİ’yseniz,"{""metin"": ""kobi̇’yseniz""}",0.85,anlar Kobi Nakdi Finansman İşletmenizi büyütmek isteyen bir ⟪KOBİ’yseniz⟫ ve finansman ihtiyacınız varsa finansal desteği size en uyg,,,
albaraka-0919ef9a7cd5-p001,0,albaraka,HEDEF_KITLE,Kobi,"{""metin"": ""kobi""}",0.85,⟪Kobi⟫ Gayri Nakdi Finansman Kobiler kârlı yatırımlarını hızla hay,,,
albaraka-0919ef9a7cd5-p001,1,albaraka,HEDEF_KITLE,Kobiler,"{""metin"": ""kobiler""}",0.85,Kobi Gayri Nakdi Finansman ⟪Kobiler⟫ kârlı yatırımlarını hızla hayata geçirirken teminat mektupl,,,
albaraka-3e65aefc8b64-p000,0,albaraka,HEDEF_KITLE,Kobi,"{""metin"": ""kobi""}",0.85,⟪Kobi⟫ Kartları World Business Kart World Business Card ile dünyan,,,
albaraka-3a73682512d0-p004,0,albaraka,FINANSMAN_TUTARI,125.000 TL,"{""deger"": 125000.0, ""birim"": ""TRY""}",0.8,⟪125.000 TL⟫' ye kadar olan finansmanlarda,,,
albaraka-3a73682512d0-p005,0,albaraka,FINANSMAN_TUTARI,"250.000 TL
ye kadar","{""deger"": 250000.0, ""birim"": ""TRY"", ""sinir"": ""ust""}",0.88,"aya kadar, 125.000 – ⟪250.000 TL ye kadar⟫ olan finansmanlarda",,,
albaraka-3a73682512d0-p010,0,albaraka,FINANSMAN_TUTARI,125.000 TL'ye kadar,"{""deger"": 125000.0, ""birim"": ""TRY"", ""sinir"": ""ust""}",0.88,Finansman Tutarı Maksimum Vade Seçeneği ⟪125.000 TL'ye kadar⟫,,,
albaraka-5779a3cb812f-p017,0,albaraka,HARCAMA_ESIGI,10.000.000 TL,"{""deger"": 10000000.0, ""birim"": ""TRY""}",0.8,Fon katılma paylarının halka arz tarihi itibariyle en az ⟪10.000.000 TL⟫ ( On Milyon TL) tutarında Türk ve/veya yabancı para ve serm,,,
albaraka-0e0e57f60300-p004,0,albaraka,FINANSMAN_TUTARI,1.000 TL,"{""deger"": 1000.0, ""birim"": ""TRY""}",0.8,Kredi kartı limitinden ⟪1.000 TL⟫ tutarında kullanım olduğu ve son ödeme tarihinde 300 TL’nin,,,
albaraka-0e0e57f60300-p015,0,albaraka,HARCAMA_ESIGI,1.000 TL,"{""deger"": 1000.0, ""birim"": ""TRY""}",0.8,lanım tutarı: 1000 TL Asgari Ödeme Tutarı: 1.000 x (%100) = ⟪1.000 TL⟫,,,
albaraka-0e0e57f60300-p021,0,albaraka,HARCAMA_ESIGI,30.000 TL,"{""deger"": 30000.0, ""birim"": ""TRY""}",0.8,Kullanım tutarı: ⟪30.000 TL⟫ Asgari Ödeme Tutarı: 30.000 x (%100) = 30.000 TL,,,
albaraka-0e0e57f60300-p021,1,albaraka,HARCAMA_ESIGI,30.000 TL,"{""deger"": 30000.0, ""birim"": ""TRY""}",0.8,ım tutarı: 30.000 TL Asgari Ödeme Tutarı: 30.000 x (%100) = ⟪30.000 TL⟫,,,
albaraka-0e0e57f60300-p027,0,albaraka,HARCAMA_ESIGI,180.000 TL,"{""deger"": 180000.0, ""birim"": ""TRY""}",0.8,Kullanım tutarı: ⟪180.000 TL⟫ Asgari Ödeme Tutarı: 180.000 x (%100) = 180.000 TL,,,
albaraka-0e0e57f60300-p027,1,albaraka,HARCAMA_ESIGI,180.000 TL,"{""deger"": 180000.0, ""birim"": ""TRY""}",0.8,tutarı: 180.000 TL Asgari Ödeme Tutarı: 180.000 x (%100) = ⟪180.000 TL⟫,,,
albaraka-0e0e57f60300-p033,0,albaraka,HARCAMA_ESIGI,180.000 TL,"{""deger"": 180000.0, ""birim"": ""TRY""}",0.8,Kullanım tutarı: ⟪180.000 TL⟫ Asgari Ödeme Tutarı: 180.000 x (%100) = 180.000 TL,,,
albaraka-0e0e57f60300-p033,1,albaraka,HARCAMA_ESIGI,180.000 TL,"{""deger"": 180000.0, ""birim"": ""TRY""}",0.8,tutarı: 180.000 TL Asgari Ödeme Tutarı: 180.000 x (%100) = ⟪180.000 TL⟫,,,
albaraka-0e0e57f60300-p081,0,albaraka,FINANSMAN_TUTARI,15.000 Türk Lirası,"{""deger"": 15000.0, ""birim"": ""TRY""}",0.8,"yetik Kartlar ile 5000 Türk Lirası, QR ve Çipli kartlar ile ⟪15.000 Türk Lirası⟫ olmak üzere günlük toplam ortak limitiniz 15.000 Türk Liras",,,
albaraka-0e0e57f60300-p081,1,albaraka,FINANSMAN_TUTARI,15.000 Türk Lirası,"{""deger"": 15000.0, ""birim"": ""TRY""}",0.8,"5.000 Türk Lirası olmak üzere günlük toplam ortak limitiniz ⟪15.000 Türk Lirası⟫ dır., POS alışverişlerinizde ise günlük 35.000 Türk Lirası’",,,
albaraka-0e0e57f60300-p081,2,albaraka,FINANSMAN_TUTARI,35.000 Türk Lirası,"{""deger"": 35000.0, ""birim"": ""TRY""}",0.8,"15.000 Türk Lirası dır., POS alışverişlerinizde ise günlük ⟪35.000 Türk Lirası⟫’na kadar harcama yapabilirsiniz.",,,
albaraka-31f183e0fb81-p011,0,albaraka,FINANSMAN_TUTARI,60.000 TL’ye kadar,"{""deger"": 60000.0, ""birim"": ""TRY"", ""sinir"": ""ust""}",0.88,izin kredibilitenize bakılmaksızın ve şubeye gerek kalmadan ⟪60.000 TL’ye kadar⟫ finansman kullandırımı bayide yapılabilecektir.,,,
albaraka-d654bf839672-p004,2,albaraka,MASRAF_DURUMU,ücretsiz,"{""metin"": ""ücretsiz""}",0.7,Masrafsız Bankacılık Masrafsız! Dijital banka kartı ⟪ücretsiz⟫dir. Hiçbir hesabınızdan hesap işletim ücreti kesilmez. TL c,,,
albaraka-a33eeb8e79c1-p000,0,albaraka,HEDEF_KITLE,Kobi,"{""metin"": ""kobi""}",0.85,⟪Kobi⟫ Nakdi Finansman Kobi Finansman Desteği,,,
albaraka-a33eeb8e79c1-p000,1,albaraka,HEDEF_KITLE,Kobi,"{""metin"": ""kobi""}",0.85,Kobi Nakdi Finansman ⟪Kobi⟫ Finansman Desteği,,,
albaraka-a33eeb8e79c1-p001,0,albaraka,HEDEF_KITLE,Kobi’yseniz,"{""metin"": ""kobi’yseniz""}",0.85,İşletmenizi büyütmek isteyen bir ⟪Kobi’yseniz⟫ ve finansman ihtiyacınız varsa finansal desteği size en uyg,,,
albaraka-a33eeb8e79c1-p007,0,albaraka,HEDEF_KITLE,KOBİ,"{""metin"": ""kobi̇""}",0.85,Pratik ⟪KOBİ⟫ Kart Fiziki Pos/Mail Order/Sanal Pos üzerinden pratik ve hı,,,
albaraka-a33eeb8e79c1-p008,0,albaraka,HEDEF_KITLE,kobiler,"{""metin"": ""kobiler""}",0.85,"ı Tedarikçi Finansman Sistemi (TFS) ile vadeli alacağı olan ⟪kobiler⟫, alacaklarını Albaraka Türk’e teminata vererek finansman ku",,,
albaraka-2536b9b51968-p004,0,albaraka,FINANSMAN_TUTARI,2.500 TL,"{""deger"": 2500.0, ""birim"": ""TRY""}",0.8,massız özellikli POS cihazları üzerinden kredi kartınız ile ⟪2.500 TL⟫ ve altındaki harcamalarınızı temassız özellik sayesinde şif,,,
albaraka-41a8828ec82d-p000,0,albaraka,HEDEF_KITLE,gençlere özel,"{""metin"": ""gençlere özel""}",0.85,"Trend Kartlar Albaraka Türk’ün ⟪gençlere özel⟫ ayrıcalıklı dünyasına katıl, Trend Banka Kartı ile özgür al",,,
albaraka-48da49745ae1-p023,0,albaraka,HEDEF_KITLE,öğrencilere özel,"{""metin"": ""öğrencilere özel""}",0.85,"Öğrenciler kredi kartı alabilir mi? Evet, bazı bankalar ⟪öğrencilere özel⟫ kredi kartları sunar. Bu kartlar düşük limitli olup, öğrenc",,,
albaraka-48da49745ae1-p030,0,albaraka,MASRAF_DURUMU,ücretsiz,"{""metin"": ""ücretsiz""}",0.7,Albaraka üzerinden yapacağınız tüm EFT ve Havale işlemleri ⟪ücretsiz⟫!,,,
albaraka-93e8fd286e0a-p003,0,albaraka,VADE_SURESI,12 ay,"{""deger"": 12, ""birim"": ""ay""}",0.85,"Müşteri Ol Findeks Kredi Notu Nedir? Findeks Kredi Notu, ⟪12 ay⟫ boyunca borç ödeme olasılığını tahminlemek üzere; bireyleri",,,
albaraka-93e8fd286e0a-p017,0,albaraka,VADE_SURESI,5 yıl,"{""deger"": 60, ""birim"": ""ay""}",0.8,"uşlardaki devam eden kredi borcu ve limit bilgileri ile son ⟪5 yıl⟫ içerisinde kapanmış olan kredilere ilişkin, kişilerin ödeme",,,
albaraka-866e82762894-p000,0,albaraka,VADE_SURESI,12 ay,"{""deger"": 12, ""birim"": ""ay""}",0.85,"i, kiracı adına ev sahibine tek seferde ödüyoruz; kiracı da ⟪12 ay⟫ eşit vadede geri ödemesini yapabiliyor. Böylece hem ev sahi",,,
albaraka-adf274803938-p003,0,albaraka,VADE_SURESI,48 ay,"{""deger"": 48, ""birim"": ""ay""}",0.85,lama yöntemiyle ve hasat dönemine uygun ödeme koşulları ile ⟪48 ay⟫ vadeye kadar yapılabilmektedir.,,,
albaraka-c402c4f9bf8e-p004,0,albaraka,MASRAF_DURUMU,ücretsiz,"{""metin"": ""ücretsiz""}",0.7,"Albaraka World Sanal Kart ⟪ücretsiz⟫dir. Fiziki kartınız teslim edilmeden, sanal kartınızı hemen",,,
albaraka-3a4d4c0aba2c-p008,0,albaraka,ODUL_MIKTARI,150TL,"{""deger"": 150.0, ""birim"": ""TRY""}",0.83,nceki 24 saat içinde gerçeklesen hukuka aykırı harcamaların ⟪150TL⟫’lik kısmından ve bu 24 saatlik süreden önceki harcamaların,,,
albaraka-35128eccba8a-p003,0,albaraka,VADE_SURESI,24 ay,"{""deger"": 24, ""birim"": ""ay""}",0.85,"ç, mazot vb. ihtiyaçlarınızı Bitkisel Üretim Finansmanı ile ⟪24 ay⟫ vadeye kadar finanse edebilirsiniz.",,,
albaraka-35128eccba8a-p004,0,albaraka,VADE_SURESI,48 ay,"{""deger"": 48, ""birim"": ""ay""}",0.85,"si için alacağınız tarlalarınızı, Tarla Alım Finansmanı ile ⟪48 ay⟫ vadeye kadar finanse edebilirsiniz.",,,
albaraka-35128eccba8a-p005,0,albaraka,VADE_SURESI,48 ay,"{""deger"": 48, ""birim"": ""ay""}",0.85,odernizasyonu gibi yatırımlarınızı Seracılık Finansmanı ile ⟪48 ay⟫ vadeye kadar finanse edebilirsiniz.,,,
albaraka-4432cb9f7d53-p001,0,albaraka,FINANSMAN_TUTARI,50.000 TL,"{""deger"": 50000.0, ""birim"": ""TRY""}",0.8,"1.000-⟪50.000 TL⟫ arası finansmanlarda 36 Ay,",,,
albaraka-4432cb9f7d53-p001,1,albaraka,VADE_SURESI,36 Ay,"{""deger"": 36, ""birim"": ""ay""}",0.85,"1.000-50.000 TL arası finansmanlarda ⟪36 Ay⟫,",,,
albaraka-4432cb9f7d53-p002,0,albaraka,FINANSMAN_TUTARI,100.000 TL,"{""deger"": 100000.0, ""birim"": ""TRY""}",0.8,"50.001-⟪100.000 TL⟫ arası finansmanlarda 24 Ay,",,,
albaraka-4432cb9f7d53-p002,1,albaraka,VADE_SURESI,24 Ay,"{""deger"": 24, ""birim"": ""ay""}",0.85,"50.001-100.000 TL arası finansmanlarda ⟪24 Ay⟫,",,,
albaraka-4432cb9f7d53-p003,1,albaraka,VADE_SURESI,12 Ay’a kadar,"{""deger"": 12, ""birim"": ""ay"", ""sinir"": ""ust""}",0.85,100.001 TL ve üzeri arası finansmanlarda ⟪12 Ay’a kadar⟫ vade imkanından faydalanabilirsiniz.,,,
albaraka-4432cb9f7d53-p005,0,albaraka,FINANSMAN_TUTARI,1.000 TL,"{""deger"": 1000.0, ""birim"": ""TRY""}",0.8,"syonu, hac/umre ziyaretleri vb. harcamalarınız için minimum ⟪1.000 TL⟫, maksimum 60.000 TL’ye kadar Jet Finansman başvurusu yapabi",,,
albaraka-4432cb9f7d53-p005,1,albaraka,FINANSMAN_TUTARI,60.000 TL’ye kadar,"{""deger"": 60000.0, ""birim"": ""TRY"", ""sinir"": ""ust""}",0.88,"aretleri vb. harcamalarınız için minimum 1.000 TL, maksimum ⟪60.000 TL’ye kadar⟫ Jet Finansman başvurusu yapabilir, tüm ihtiyaçlarınıza kola",,,
albaraka-4b52586eb15d-p000,0,albaraka,HEDEF_KITLE,KOBİ,"{""metin"": ""kobi̇""}",0.85,"yacını gideremeyen Küçük ve Orta Büyüklükteki İşletmelerin (⟪KOBİ⟫) ve KOBİ Dışı işletmelerin, finansmana erişimlerini sağlama",,,
albaraka-4b52586eb15d-p000,1,albaraka,HEDEF_KITLE,KOBİ,"{""metin"": ""kobi̇""}",0.85,"deremeyen Küçük ve Orta Büyüklükteki İşletmelerin (KOBİ) ve ⟪KOBİ⟫ Dışı işletmelerin, finansmana erişimlerini sağlamaktadır.",,,
albaraka-4b52586eb15d-p002,0,albaraka,HEDEF_KITLE,KOBİ,"{""metin"": ""kobi̇""}",0.85,"Özellikler Katılım esaslarına uygun çalışan ⟪KOBİ⟫, KOBİ Dışı firmalar, esnaf ve sanatkârlar, kadın ve genç gi",,,
albaraka-4b52586eb15d-p002,1,albaraka,HEDEF_KITLE,KOBİ,"{""metin"": ""kobi̇""}",0.85,"Özellikler Katılım esaslarına uygun çalışan KOBİ, ⟪KOBİ⟫ Dışı firmalar, esnaf ve sanatkârlar, kadın ve genç girişimc",,,
dunya_katilim-454d7fe648e9-p013,0,dunya_katilim,HARCAMA_ESIGI,6.500 TL,"{""deger"": 6500.0, ""birim"": ""TRY""}",0.8,"Finansman işlemlerinde minimum ⟪6.500 TL⟫ , maksimum",,,
dunya_katilim-454d7fe648e9-p014,0,dunya_katilim,FINANSMAN_TUTARI,16.500 TL,"{""deger"": 16500.0, ""birim"": ""TRY""}",0.8,⟪16.500 TL⟫ kullandırılacaktır. Finansman işlemlerinde minimum,,,
dunya_katilim-454d7fe648e9-p015,0,dunya_katilim,VADE_SURESI,2 ay,"{""deger"": 2, ""birim"": ""ay""}",0.85,"⟪2 ay⟫ , maksimum 6 ay vade yapılacaktır. Enerya abonelik ücreti,",,,
dunya_katilim-454d7fe648e9-p015,1,dunya_katilim,VADE_SURESI,6 ay,"{""deger"": 6, ""birim"": ""ay""}",0.85,"2 ay , maksimum ⟪6 ay⟫ vade yapılacaktır. Enerya abonelik ücreti, finansman tutarı",,,
dunya_katilim-082f9aa92fd4-p001,0,dunya_katilim,ODUL_MIKTARI,7.500 TL,"{""deger"": 7500.0, ""birim"": ""TRY""}",0.83,"Bireysel DKart Debit kartlar ile yapılacak toplamda ⟪7.500 TL⟫, kredi kartları ile yapılacak toplamda 12.500 TL harcamadan",,,
dunya_katilim-082f9aa92fd4-p001,1,dunya_katilim,ODUL_MIKTARI,12.500 TL,"{""deger"": 12500.0, ""birim"": ""TRY""}",0.83,"ak toplamda 7.500 TL, kredi kartları ile yapılacak toplamda ⟪12.500 TL⟫ harcamadan 0,01 gr altın kazanılacaktır.",,,
dunya_katilim-729d16202a67-p006,0,dunya_katilim,KAMPANYA_SURESI,30.04.2026,"{""tarih"": ""2026-04-30""}",0.82,Kampanya ⟪30.04.2026⟫ tarihine kadar geçerli olacaktır.,,,
dunya_katilim-6c4583c0d749-p001,0,dunya_katilim,HARCAMA_ESIGI,5.000 TL,"{""deger"": 5000.0, ""birim"": ""TRY""}",0.8,"Kampanyadan faydalanabilmek için toplamda minimum ⟪5.000 TL⟫ harcama yapılması gerekmektedir, toplam harcamanın 5.000 TL",,,
dunya_katilim-6c4583c0d749-p001,1,dunya_katilim,ODUL_MIKTARI,5.000 TL,"{""deger"": 5000.0, ""birim"": ""TRY""}",0.83,"5.000 TL harcama yapılması gerekmektedir, toplam harcamanın ⟪5.000 TL⟫’nin altında kalması durumunda iade kazanımı olmayacaktır.",,,
dunya_katilim-6c4583c0d749-p002,0,dunya_katilim,ODUL_MIKTARI,1.000 TL,"{""deger"": 1000.0, ""birim"": ""TRY""}",0.83,Kampanya kapsamında kazanılabilecek maximum iade ⟪1.000 TL⟫’ dir.,,,
dunya_katilim-4046b59632bf-p005,0,dunya_katilim,KAMPANYA_SURESI,29.01.2026,"{""tarih"": ""2026-01-29""}",0.82,Kampanyadan ⟪29.01.2026⟫ tarihinden önce Dünya Katılım Paraf kredi kartına sahip anc,,,
dunya_katilim-4046b59632bf-p009,0,dunya_katilim,KAMPANYA_SURESI,31.01.2026,"{""tarih"": ""2026-01-31""}",0.82,adet kod ile sınırlıdır. Kodların son aktifleştirme tarihi ⟪31.01.2026⟫ olup bu tarih sonrasında kodlar kullanılamayacaktır.,,,
dunya_katilim-87caa295b399-p006,0,dunya_katilim,KAMPANYA_SURESI,30.04.2026,"{""tarih"": ""2026-04-30""}",0.82,Kampanya ⟪30.04.2026⟫ tarihine kadar geçerli olacaktır.,,,
dunya_katilim-c29ccc21e919-p017,0,dunya_katilim,HARCAMA_ESIGI,100 TL,"{""deger"": 100.0, ""birim"": ""TRY""}",0.8,Valörlü fonlarda ⟪100 TL⟫ asgari alım limiti bulunmaktadır. Bununla birlikte alım yap,,,
dunya_katilim-24a2f0088c5a-p005,0,dunya_katilim,ODUL_MIKTARI,300 TL,"{""deger"": 300.0, ""birim"": ""TRY""}",0.83,W mobil uygulaması ve lcw.com ‘dan yapılacak alışverişlerde ⟪300 TL⟫ indirime hak kazanmak için; kargo bedeli hariç sepet tutarı,,,
dunya_katilim-4a42ced8985c-p042,0,dunya_katilim,FINANSMAN_TUTARI,125.000 TL,"{""deger"": 125000.0, ""birim"": ""TRY""}",0.8,0 – ⟪125.000 TL⟫ arası finansman 0 – 36 ay,,,
dunya_katilim-4a42ced8985c-p042,1,dunya_katilim,VADE_SURESI,36 ay,"{""deger"": 36, ""birim"": ""ay""}",0.85,0 – 125.000 TL arası finansman 0 – ⟪36 ay⟫,,,
dunya_katilim-4a42ced8985c-p044,0,dunya_katilim,FINANSMAN_TUTARI,250.000 TL,"{""deger"": 250000.0, ""birim"": ""TRY""}",0.8,125.001 – ⟪250.000 TL⟫ arası finansman 0 – 24 ay,,,
dunya_katilim-4a42ced8985c-p044,1,dunya_katilim,VADE_SURESI,24 ay,"{""deger"": 24, ""birim"": ""ay""}",0.85,125.001 – 250.000 TL arası finansman 0 – ⟪24 ay⟫,,,
dunya_katilim-4a42ced8985c-p045,0,dunya_katilim,FINANSMAN_TUTARI,500.000 TL,"{""deger"": 500000.0, ""birim"": ""TRY""}",0.8,geri ödeme süresi uygulanabilir. 250.001 – ⟪500.000 TL⟫ arası finansman,,,
dunya_katilim-4a42ced8985c-p046,0,dunya_katilim,VADE_SURESI,12 ay,"{""deger"": 12, ""birim"": ""ay""}",0.85,0 – ⟪12 ay⟫ geri ödeme süresine izin verilir,,,
dunya_katilim-42dbfbebfcb5-p038,0,dunya_katilim,FINANSMAN_TUTARI,400.000 TL,"{""deger"": 400000.0, ""birim"": ""TRY""}",0.8,⟪400.000 TL⟫ ve altında olan taşıt finansmanlarında,,,
dunya_katilim-42dbfbebfcb5-p040,0,dunya_katilim,FINANSMAN_TUTARI,400.001 TL,"{""deger"": 400001.0, ""birim"": ""TRY""}",0.8,⟪400.001 TL⟫ – 800.000 TL aralığında olan taşıt finansmanlarında,,,
dunya_katilim-42dbfbebfcb5-p040,1,dunya_katilim,FINANSMAN_TUTARI,800.000 TL,"{""deger"": 800000.0, ""birim"": ""TRY""}",0.8,400.001 TL – ⟪800.000 TL⟫ aralığında olan taşıt finansmanlarında,,,
dunya_katilim-42dbfbebfcb5-p044,0,dunya_katilim,FINANSMAN_TUTARI,1.200.001 TL,"{""deger"": 1200001.0, ""birim"": ""TRY""}",0.8,⟪1.200.001 TL⟫ – 2.000.000 TL aralığında olan taşıt finansmanlarında ise,,,
dunya_katilim-42dbfbebfcb5-p044,1,dunya_katilim,FINANSMAN_TUTARI,2.000.000 TL,"{""deger"": 2000000.0, ""birim"": ""TRY""}",0.8,1.200.001 TL – ⟪2.000.000 TL⟫ aralığında olan taşıt finansmanlarında ise,,,
dunya_katilim-42dbfbebfcb5-p045,0,dunya_katilim,VADE_SURESI,12 ay,"{""deger"": 12, ""birim"": ""ay""}",0.85,en fazla ⟪12 ay⟫ vade uygulanır. Belirtilen tutarlar yalnızca vade süresinin,,,
dunya_katilim-59bfd0676814-p007,0,dunya_katilim,FINANSMAN_TUTARI,250.000 TL,"{""deger"": 250000.0, ""birim"": ""TRY""}",0.8,"Enerya İhtiyaç Finansmanı, maksimum ⟪250.000 TL⟫ ve 36 ay vade",,,
dunya_katilim-59bfd0676814-p007,1,dunya_katilim,VADE_SURESI,36 ay,"{""deger"": 36, ""birim"": ""ay""}",0.85,"Enerya İhtiyaç Finansmanı, maksimum 250.000 TL ve ⟪36 ay⟫ vade",,,
dunya_katilim-2ebc740e3e1d-p009,0,dunya_katilim,HARCAMA_ESIGI,5.000 TL,"{""deger"": 5000.0, ""birim"": ""TRY""}",0.8,abı açmak için hesabınızda bulunması gereken minimum bakiye ⟪5.000 TL⟫ ‘dir.,,,
hayat_finans-74d4dc7ed45e-p002,0,hayat_finans,MASRAF_DURUMU,Ücretsiz,"{""metin"": ""ücretsiz""}",0.7,Güncellenme Tarihi Havale TL ⟪Ücretsiz⟫dir.,,,
hayat_finans-74d4dc7ed45e-p003,0,hayat_finans,MASRAF_DURUMU,Ücretsiz,"{""metin"": ""ücretsiz""}",0.7,EFT TL ⟪Ücretsiz⟫dir. FAST TL Ücretsizdir.,,,
hayat_finans-74d4dc7ed45e-p003,1,hayat_finans,MASRAF_DURUMU,Ücretsiz,"{""metin"": ""ücretsiz""}",0.7,EFT TL Ücretsizdir. FAST TL ⟪Ücretsiz⟫dir.,,,
hayat_finans-74d4dc7ed45e-p031,0,hayat_finans,MASRAF_DURUMU,Ücretsiz,"{""metin"": ""ücretsiz""}",0.7,TL ⟪Ücretsiz⟫dir. Yatırım - Hesap Açılış TL,,,
hayat_finans-74d4dc7ed45e-p097,0,hayat_finans,MASRAF_DURUMU,Ücretsiz,"{""metin"": ""ücretsiz""}",0.7,Güncellenme Tarihi EFT TL ⟪Ücretsiz⟫dir. Havale,,,
hayat_finans-f99e5ff0e127-p007,0,hayat_finans,ODUL_MIKTARI,500 TL,"{""deger"": 500.0, ""birim"": ""TRY""}",0.83,için davet eden müşteri ⟪500 TL⟫ nakit ödül kazanır. Kazanılan nakit ödül bir gün sonra dave,,,
hayat_finans-f99e5ff0e127-p009,0,hayat_finans,ODUL_MIKTARI,500 TL,"{""deger"": 500.0, ""birim"": ""TRY""}",0.83,"n kampanya koşullarını sağlaması halinde kişi başı maksimum ⟪500 TL⟫, toplamda 50 kişi için maksimum 25.000 TL nakit ödül kazana",,,
hayat_finans-f99e5ff0e127-p009,1,hayat_finans,ODUL_MIKTARI,25.000 TL,"{""deger"": 25000.0, ""birim"": ""TRY""}",0.83,"e kişi başı maksimum 500 TL, toplamda 50 kişi için maksimum ⟪25.000 TL⟫ nakit ödül kazanabilir.",,,
hayat_finans-f99e5ff0e127-p012,0,hayat_finans,ODUL_MIKTARI,500 TL,"{""deger"": 500.0, ""birim"": ""TRY""}",0.83,"it ödül kazanır. Kampanya koşulları sağlandığında kazanılan ⟪500 TL⟫ tutarındaki nakit ödül,",,,
hayat_finans-f99e5ff0e127-p016,0,hayat_finans,ODUL_MIKTARI,25.000 TL,"{""deger"": 25000.0, ""birim"": ""TRY""}",0.83,Davet kodu ile arkadaşını getiren kişiler toplamda maksimum ⟪25.000 TL⟫ kazanım sağlayabilir.,,,
hayat_finans-f99e5ff0e127-p018,0,hayat_finans,ODUL_MIKTARI,500 TL,"{""deger"": 500.0, ""birim"": ""TRY""}",0.83,"ddede belirtilen şekilde sağlandığında, her Biz Kart başına ⟪500 TL⟫ nakit ödül Biz Kart'ın bağlı olduğu hesaplara yatırılır.",,,
hayat_finans-a62cb4567cd4-p019,0,hayat_finans,ODUL_MIKTARI,300 TL,"{""deger"": 300.0, ""birim"": ""TRY""}",0.83,samınca kazanılabilecek maksimum nakit ödül tutarı toplamda ⟪300 TL⟫’dir.,,,
hayat_finans-8b671a148aff-p000,0,hayat_finans,ODUL_MIKTARI,1.000 TL’ye Varan,"{""deger"": 1000.0, ""birim"": ""TRY"", ""sinir"": ""ust""}",0.83,Biz Kart ile Yemek Harcamalarına ⟪1.000 TL’ye Varan⟫ Nakit İade!,,,
hayat_finans-8b671a148aff-p001,0,hayat_finans,ODUL_MIKTARI,100 TL,"{""deger"": 100.0, ""birim"": ""TRY""}",0.83,"dar nakit iade kazanın. Kampanya kapsamında günlük en fazla ⟪100 TL⟫,",,,
hayat_finans-8b671a148aff-p002,0,hayat_finans,ODUL_MIKTARI,1.000 TL’ye kadar,"{""deger"": 1000.0, ""birim"": ""TRY"", ""sinir"": ""ust""}",0.83,aylık toplamda ise ⟪1.000 TL’ye kadar⟫ nakit iade,,,
hayat_finans-8b671a148aff-p008,0,hayat_finans,ODUL_MIKTARI,100 TL,"{""deger"": 100.0, ""birim"": ""TRY""}",0.83,"emek sektöründe yapılan harcamaların %10’u, günlük en fazla ⟪100 TL⟫, aylık en fazla 1.000 TL’ye kadar nakit iade hakkı kazanıla",,,
hayat_finans-8b671a148aff-p008,1,hayat_finans,ODUL_MIKTARI,1.000 TL’ye kadar,"{""deger"": 1000.0, ""birim"": ""TRY"", ""sinir"": ""ust""}",0.83,"harcamaların %10’u, günlük en fazla 100 TL, aylık en fazla ⟪1.000 TL’ye kadar⟫ nakit iade hakkı kazanılabilir.",,,
hayat_finans-689d52235da1-p012,0,hayat_finans,ODUL_MIKTARI,2.000 TL,"{""deger"": 2000.0, ""birim"": ""TRY""}",0.83,⟪2.000 TL⟫ nakit ödül yatırılır ve SMS ile bilgi verilir.,,,
hayat_finans-689d52235da1-p015,0,hayat_finans,ODUL_MIKTARI,2.000 TL,"{""deger"": 2000.0, ""birim"": ""TRY""}",0.83,"kampanya koşullarını sağlaması halinde, kişi başı maksimum ⟪2.000 TL⟫, toplamda 5 kişi için maksimum 10.000 TL nakit ödül kazanab",,,
hayat_finans-689d52235da1-p015,1,hayat_finans,ODUL_MIKTARI,10.000 TL,"{""deger"": 10000.0, ""birim"": ""TRY""}",0.83,"kişi başı maksimum 2.000 TL, toplamda 5 kişi için maksimum ⟪10.000 TL⟫ nakit ödül kazanabilir.",,,
hayat_finans-689d52235da1-p016,0,hayat_finans,ODUL_MIKTARI,10.000 TL,"{""deger"": 10000.0, ""birim"": ""TRY""}",0.83,"Kampanya dönemi içerisinde, davet eden kişinin maksimum ⟪10.000 TL⟫ nakit ödül kazanabilmesi için Hayat Finans müşterisi olmuş",,,
hayat_finans-689d52235da1-p020,0,hayat_finans,ODUL_MIKTARI,100 TL,"{""deger"": 100.0, ""birim"": ""TRY""}",0.83,"ılacak nakit ödül harcama tutarının %20’si, günlük maksimum ⟪100 TL⟫ olup toplam 500 TL ile sınırlıdır.",,,
hayat_finans-689d52235da1-p020,1,hayat_finans,ODUL_MIKTARI,500 TL,"{""deger"": 500.0, ""birim"": ""TRY""}",0.83,"arcama tutarının %20’si, günlük maksimum 100 TL olup toplam ⟪500 TL⟫ ile sınırlıdır.",,,
hayat_finans-7f49b22fb7b2-p019,0,hayat_finans,ODUL_MIKTARI,300 TL,"{""deger"": 300.0, ""birim"": ""TRY""}",0.83,samınca kazanılabilecek maksimum nakit ödül tutarı toplamda ⟪300 TL⟫’dir.,,,
hayat_finans-819f56b9d0d4-p006,0,hayat_finans,ODUL_MIKTARI,1.000 TL’ye Varan,"{""deger"": 1000.0, ""birim"": ""TRY"", ""sinir"": ""ust""}",0.83,mleri Hayat FX'te Biz Kart Biz Kart ile Yemek Harcamalarına ⟪1.000 TL’ye Varan⟫ Nakit İade!,,,
hayat_finans-9b3ac05674c6-p009,0,hayat_finans,HARCAMA_ESIGI,1.000 TL,"{""deger"": 1000.0, ""birim"": ""TRY""}",0.8,veya para kuruluşundan Hayat Finans hesabınıza gelen en az ⟪1.000 TL⟫ tutarlı EFT veya FAST transferlerinde nakit ödül kazanırsın,,,
hayat_finans-9b3ac05674c6-p010,0,hayat_finans,ODUL_MIKTARI,1.000 TL,"{""deger"": 1000.0, ""birim"": ""TRY""}",0.83,em tutarının 0.1%’i kadar nakit ödül kazanılır. Örneğin her ⟪1.000 TL⟫’lik işlemde 1 TL kazanırsınız.,,,
hayat_finans-9b3ac05674c6-p010,1,hayat_finans,ODUL_MIKTARI,1 TL,"{""deger"": 1.0, ""birim"": ""TRY""}",0.83,adar nakit ödül kazanılır. Örneğin her 1.000 TL’lik işlemde ⟪1 TL⟫ kazanırsınız.,,,
hayat_finans-9b3ac05674c6-p014,0,hayat_finans,ODUL_MIKTARI,10 TL,"{""deger"": 10.0, ""birim"": ""TRY""}",0.83,"en fazla ⟪10 TL⟫ ’dir. Koşulların sağlanması halinde ödül,",,,
hayat_finans-9b3ac05674c6-p023,0,hayat_finans,ODUL_MIKTARI,20 TL,"{""deger"": 20.0, ""birim"": ""TRY""}",0.83,Ödül Talimatsız ödenen faturalarda fatura başına en fazla ⟪20 TL⟫ ödül kazanılır. Fatura tutarı 20 TL’den küçükse fatura tuta,,,
hayat_finans-9b3ac05674c6-p023,1,hayat_finans,ODUL_MIKTARI,20 TL,"{""deger"": 20.0, ""birim"": ""TRY""}",0.83,fatura başına en fazla 20 TL ödül kazanılır. Fatura tutarı ⟪20 TL⟫’den küçükse fatura tutarı kadar nakit ödül kazanılır.,,,
hayat_finans-9b3ac05674c6-p024,0,hayat_finans,ODUL_MIKTARI,30 TL,"{""deger"": 30.0, ""birim"": ""TRY""}",0.83,Talimatlı ödenen faturalarda fatura başına en fazla ⟪30 TL⟫ nakit ödül kazanılır. Fatura tutarı 30 TL’den küçükse fatur,,,
hayat_finans-9b3ac05674c6-p024,1,hayat_finans,ODUL_MIKTARI,30 TL,"{""deger"": 30.0, ""birim"": ""TRY""}",0.83,a başına en fazla 30 TL nakit ödül kazanılır. Fatura tutarı ⟪30 TL⟫’den küçükse fatura tutarı kadar nakit ödül kazanılır.,,,
hayat_finans-9b3ac05674c6-p025,0,hayat_finans,ODUL_MIKTARI,100 TL,"{""deger"": 100.0, ""birim"": ""TRY""}",0.83,ilk kez otomatik olarak ödenmesi durumunda ilk ödemeye özel ⟪100 TL⟫ nakit ödül kazanılır. Fatura tutarının 100 TL’den düşük olm,,,
hayat_finans-9b3ac05674c6-p025,1,hayat_finans,ODUL_MIKTARI,100 TL,"{""deger"": 100.0, ""birim"": ""TRY""}",0.83,"ödemeye özel 100 TL nakit ödül kazanılır. Fatura tutarının ⟪100 TL⟫’den düşük olması halinde, fatura tutarı kadar nakit ödül ka",,,
hayat_finans-9b3ac05674c6-p031,0,hayat_finans,ODUL_MIKTARI,1.000 TL,"{""deger"": 1000.0, ""birim"": ""TRY""}",0.83,kazanılır. Örneğin her ⟪1.000 TL⟫’lik işlemde 1 TL kazanırsınız.,,,
hayat_finans-9b3ac05674c6-p031,1,hayat_finans,ODUL_MIKTARI,1 TL,"{""deger"": 1.0, ""birim"": ""TRY""}",0.83,kazanılır. Örneğin her 1.000 TL’lik işlemde ⟪1 TL⟫ kazanırsınız.,,,
hayat_finans-9b3ac05674c6-p032,0,hayat_finans,ODUL_MIKTARI,200 TL,"{""deger"": 200.0, ""birim"": ""TRY""}",0.83,Aylık kazanılabilecek maksimum nakit ödül ⟪200 TL⟫’dir.,,,
hayat_finans-9b3ac05674c6-p037,0,hayat_finans,ODUL_MIKTARI,1.000 TL,"{""deger"": 1000.0, ""birim"": ""TRY""}",0.83,cama tutarının %1’i tutarında nakit ödül kazanılır. Örneğin ⟪1.000 TL⟫ banka kartı harcamanızda 10 TL nakit ödül kazanırsınız.,,,
hayat_finans-9b3ac05674c6-p037,1,hayat_finans,ODUL_MIKTARI,10 TL,"{""deger"": 10.0, ""birim"": ""TRY""}",0.83,t ödül kazanılır. Örneğin 1.000 TL banka kartı harcamanızda ⟪10 TL⟫ nakit ödül kazanırsınız.,,,
hayat_finans-9b3ac05674c6-p038,0,hayat_finans,ODUL_MIKTARI,10 TL,"{""deger"": 10.0, ""birim"": ""TRY""}",0.83,İşlem başına kazanılabilecek maksimum nakit iade tutarı ⟪10 TL⟫’dir.,,,
hayat_finans-9b3ac05674c6-p039,0,hayat_finans,ODUL_MIKTARI,100 TL,"{""deger"": 100.0, ""birim"": ""TRY""}",0.83,Aylık maksimum 10 harcama işleminden maksiumum ⟪100 TL⟫ nakit ödül,,,
hayat_finans-9b3ac05674c6-p050,0,hayat_finans,ODUL_MIKTARI,20 TL,"{""deger"": 20.0, ""birim"": ""TRY""}",0.83,Ödül Başvuru başına ⟪20 TL⟫ nakit ödül verilir.,,,
hayat_finans-9b3ac05674c6-p053,0,hayat_finans,ODUL_MIKTARI,100 TL,"{""deger"": 100.0, ""birim"": ""TRY""}",0.83,"⟪100 TL⟫ ’dir. Koşulların sağlanması halinde ödül, başvurudan",,,
hayat_finans-9b3ac05674c6-p065,0,hayat_finans,ODUL_MIKTARI,100 TL'ye varan,"{""deger"": 100.0, ""birim"": ""TRY"", ""sinir"": ""ust""}",0.83,Hayat Finans'tan ilk kez otomatik ödenen faturada ⟪100 TL'ye varan⟫ ilk ödeme ödülü.,,,
hayat_finans-9b3ac05674c6-p068,0,hayat_finans,ODUL_MIKTARI,200 TL,"{""deger"": 200.0, ""birim"": ""TRY""}",0.83,"İşlem tutarının %0,1'i kadar ödül. Ayda en fazla ⟪200 TL⟫.",,,
hayat_finans-cf63a4ace2aa-p002,0,hayat_finans,KAMPANYA_SURESI,07.06.2013,"{""tarih"": ""2013-06-07""}",0.82,Kira Sertifikası (Sukuk) Nedir? ⟪07.06.2013⟫ tarihli 28670 sayılı Resmi Gazete’de yayımlanan (III-61.1),,,
hayat_finans-cf63a4ace2aa-p016,0,hayat_finans,HARCAMA_ESIGI,5.000.000 TL,"{""deger"": 5000000.0, ""birim"": ""TRY""}",0.8,ılacak olan piyasada son 1 yıl içinde 3 aylık dönemde en az ⟪5.000.000 TL⟫ hacminde ve en az 10 adet işlem gerçekleştirilmiş olması.,,,
hayat_finans-249295a1fe00-p029,0,hayat_finans,KAMPANYA_SURESI,25.10.2024,"{""tarih"": ""2024-10-25""}",0.82,"TEFAS Uygulama Esasları değişiklikleri, Bankamız ⟪25.10.2024⟫ tarih ve 481 no.lu Yönetim Kurulu toplantısında onaylanmışt",,,
hayat_finans-249295a1fe00-p030,0,hayat_finans,KAMPANYA_SURESI,03.03.2025,"{""tarih"": ""2025-03-03""}",0.82,"Bahse konu değişiklikler, ⟪03.03.2025⟫ tarihinde uygulamaya alınacak olup, ileri valörlü fonlarda",,,
hayat_finans-249295a1fe00-p030,1,hayat_finans,HARCAMA_ESIGI,100 TL,"{""deger"": 100.0, ""birim"": ""TRY""}",0.8,"a alınacak olup, ileri valörlü fonlarda asgari işlem tutarı ⟪100 TL⟫ (Yüz Türk Lirası) olarak uygulanacaktır. Aynı tarih itibarı",,,
hayat_finans-249295a1fe00-p032,0,hayat_finans,HARCAMA_ESIGI,1 TL,"{""deger"": 1.0, ""birim"": ""TRY""}",0.8,"satım yaparken işlem yaptığınız yatırım fonu için alt limit ⟪1 TL⟫, 1 EUR ve 1 USD'dir.",,,
hayat_finans-798643f9b664-p020,0,hayat_finans,FINANSMAN_TUTARI,5.000 TL,"{""deger"": 5000.0, ""birim"": ""TRY""}",0.8,"ası çocuklarınız için Banka tarafından belirlenen üst limit ⟪5.000 TL⟫ olup, bu yaş grubu üzerinde 1.000.000 TL’dir.",,,
hayat_finans-798643f9b664-p020,1,hayat_finans,FINANSMAN_TUTARI,1.000.000 TL,"{""deger"": 1000000.0, ""birim"": ""TRY""}",0.8,"n belirlenen üst limit 5.000 TL olup, bu yaş grubu üzerinde ⟪1.000.000 TL⟫’dir.",,,
hayat_finans-50a235114726-p013,0,hayat_finans,ALISVERIS_PUANI,6.800 puan,"{""deger"": 6800.0, ""birim"": ""TRY""}",0.88,nin (Magnificent 7) sırtında yükseldi. Endeks 2.050 puandan ⟪6.800 puan⟫ seviyelerine tırmandı.,,,
hayat_finans-60759acc7a1f-p012,0,hayat_finans,FINANSMAN_TUTARI,2.500 TL'ye kadar,"{""deger"": 2500.0, ""birim"": ""TRY"", ""sinir"": ""ust""}",0.88,"astercard Tüzel Kredi Kartı, Temassız Ödeme özelliği sunar. ⟪2.500 TL'ye kadar⟫ olan tüm ödemelerinizi, şifre kullanmadan Temassız Ödeme il",,,
hayat_finans-530a449684aa-p009,0,hayat_finans,FINANSMAN_TUTARI,2.500 TL'ye kadar,"{""deger"": 2500.0, ""birim"": ""TRY"", ""sinir"": ""ust""}",0.88,"nans TROY Tüzel Kredi Kartı, Temassız Ödeme özelliği sunar. ⟪2.500 TL'ye kadar⟫ olan tüm ödemelerinizi, şifre kullanmadan Temassız Ödeme il",,,
hayat_finans-306543d577f7-p006,0,hayat_finans,FINANSMAN_TUTARI,50.000 TL,"{""deger"": 50000.0, ""birim"": ""TRY""}",0.8,dir? Sahip olabileceğiniz maksimum kredi (finansman) limiti ⟪50.000 TL⟫’dir.,,,
hayat_finans-306543d577f7-p010,0,hayat_finans,HARCAMA_ESIGI,500 TL,"{""deger"": 500.0, ""birim"": ""TRY""}",0.8,Harcama yapabileceğiniz minimum tutar ⟪500 TL⟫’dir.,,,
hayat_finans-306543d577f7-p039,0,hayat_finans,FINANSMAN_TUTARI,20.000 TL’ye kadar,"{""deger"": 20000.0, ""birim"": ""TRY"", ""sinir"": ""ust""}",0.88,"Finansmanın maksimum vadesi 18 aydır. ⟪20.000 TL’ye kadar⟫ cep telefonu alımları 12, 20.000 TL üzeri cep telefonu alım",,,
hayat_finans-306543d577f7-p039,1,hayat_finans,FINANSMAN_TUTARI,20.000 TL,"{""deger"": 20000.0, ""birim"": ""TRY""}",0.8,"desi 18 aydır. 20.000 TL’ye kadar cep telefonu alımları 12, ⟪20.000 TL⟫ üzeri cep telefonu alımları 3, bilgisayar alımları 12, tabl",,,
hayat_finans-306543d577f7-p040,0,hayat_finans,FINANSMAN_TUTARI,125.000 TL’ye kadar,"{""deger"": 125000.0, ""birim"": ""TRY"", ""sinir"": ""ust""}",0.88,"Finansman tutarının ⟪125.000 TL’ye kadar⟫ olması durumunda en fazla 36 ay, 125.000- 250.000 TL arasın",,,
hayat_finans-306543d577f7-p040,1,hayat_finans,VADE_SURESI,36 ay,"{""deger"": 36, ""birim"": ""ay""}",0.85,"man tutarının 125.000 TL’ye kadar olması durumunda en fazla ⟪36 ay⟫, 125.000- 250.000 TL arasında en fazla 24 ay, 250.000 TL’de",,,
hayat_finans-306543d577f7-p040,2,hayat_finans,FINANSMAN_TUTARI,250.000 TL,"{""deger"": 250000.0, ""birim"": ""TRY""}",0.8,"5.000 TL’ye kadar olması durumunda en fazla 36 ay, 125.000- ⟪250.000 TL⟫ arasında en fazla 24 ay, 250.000 TL’den fazla olması durumu",,,
hayat_finans-bba7225fe395-p004,0,hayat_finans,FINANSMAN_TUTARI,600.000TL,"{""deger"": 600000.0, ""birim"": ""TRY""}",0.8,Eğitim finansmanı üst limiti ⟪600.000TL⟫’dir.,,,
hayat_finans-edb7ee7a829e-p022,0,hayat_finans,MASRAF_DURUMU,ücretsiz,"{""metin"": ""ücretsiz""}",0.7,Hayat Finans Banka Kartı ⟪ücretsiz⟫dir. Kartınızı yurt dışında katılım bankacılığı kurallarına,,,
hayat_finans-04eebfd5e8c7-p004,0,hayat_finans,KAR_PAYLASIM_ORANI,%80,"{""musteri"": 80.0, ""banka"": 20.0, ""birim"": ""yuzde""}",0.88,Altın Derecesi: ⟪%80⟫ kâr paylaşım oranı* Gümüş Derecesi:,,,
hayat_finans-04eebfd5e8c7-p005,0,hayat_finans,KAR_PAYLASIM_ORANI,%60,"{""musteri"": 60.0, ""banka"": 40.0, ""birim"": ""yuzde""}",0.88,⟪%60⟫ kâr paylaşım oranı* Bronz Derecesi: %40 kâr paylaşım oranı*,,,
hayat_finans-04eebfd5e8c7-p005,1,hayat_finans,KAR_PAYLASIM_ORANI,%40,"{""musteri"": 40.0, ""banka"": 60.0, ""birim"": ""yuzde""}",0.88,%60 kâr paylaşım oranı* Bronz Derecesi: ⟪%40⟫ kâr paylaşım oranı*,,,
hayat_finans-04eebfd5e8c7-p007,0,hayat_finans,KAMPANYA_SURESI,08.10.2026,"{""tarih"": ""2026-10-08""}",0.82,"*Fiyatlama kampanya bitiş tarihi ⟪08.10.2026⟫ olup, Hayat Finans kampanya süresi boyunca şartları değişti",,,
hayat_finans-04eebfd5e8c7-p010,0,hayat_finans,HARCAMA_ESIGI,10.000 TL,"{""deger"": 10000.0, ""birim"": ""TRY""}",0.8,"✓ Minimum ⟪10.000 TL⟫ ile Hemen Başlayın Avantajlı Günlük Hesap,",,,
hayat_finans-04eebfd5e8c7-p011,0,hayat_finans,HARCAMA_ESIGI,10.000 TL,"{""deger"": 10000.0, ""birim"": ""TRY""}",0.8,minimum ⟪10.000 TL⟫ ile açılabilir. Daha yüksek bakiyelerde kazancınız otomatik,,,
hayat_finans-04eebfd5e8c7-p020,0,hayat_finans,ODUL_MIKTARI,10.000 TL,"{""deger"": 10000.0, ""birim"": ""TRY""}",0.83,"vade seçenekleri ile günlük getiri elde etme imkanı sağlar. ⟪10.000 TL⟫ gibi bir yatırımla, günlük kazancınızı artırabilir ve tasar",,,
hayat_finans-04eebfd5e8c7-p026,0,hayat_finans,KAR_PAYLASIM_ORANI,%80,"{""musteri"": 80.0, ""banka"": 20.0, ""birim"": ""yuzde""}",0.88,e konumlandırılır. Avantajlı Günlük Hesap’ta Altın derecesi ⟪%80⟫ kâr paylaşım oranından faydalanır. Kullanım sıklığı ve işle,,,
hayat_finans-04eebfd5e8c7-p029,0,hayat_finans,FINANSMAN_TUTARI,19.999 TL,"{""deger"": 19999.0, ""birim"": ""TRY""}",0.8,TL Cari Hesap+ Finansman 0-⟪19.999 TL⟫ 20.000-84.999 TL,,,
hayat_finans-04eebfd5e8c7-p029,1,hayat_finans,FINANSMAN_TUTARI,84.999 TL,"{""deger"": 84999.0, ""birim"": ""TRY""}",0.8,TL Cari Hesap+ Finansman 0-19.999 TL 20.000-⟪84.999 TL⟫,,,
hayat_finans-04eebfd5e8c7-p033,0,hayat_finans,HARCAMA_ESIGI,10.000 TL,"{""deger"": 10000.0, ""birim"": ""TRY""}",0.8,"Minimum hesap açılış limiti ⟪10.000 TL⟫ olup, üst limit 1.000.000 TL’dir.",,,
hayat_finans-04eebfd5e8c7-p033,1,hayat_finans,FINANSMAN_TUTARI,1.000.000 TL,"{""deger"": 1000000.0, ""birim"": ""TRY""}",0.8,"Minimum hesap açılış limiti 10.000 TL olup, üst limit ⟪1.000.000 TL⟫’dir.",,,
hayat_finans-04eebfd5e8c7-p040,0,hayat_finans,HARCAMA_ESIGI,85.000 TL,"{""deger"": 85000.0, ""birim"": ""TRY""}",0.8,yatırım fonu veya finansman risk tutarınızın toplamı en az ⟪85.000 TL⟫ olmalıdır.,,,
hayat_finans-04eebfd5e8c7-p043,0,hayat_finans,HARCAMA_ESIGI,20.000 TL,"{""deger"": 20000.0, ""birim"": ""TRY""}",0.8,yatırım fonu veya finansman risk tutarınızın toplamı en az ⟪20.000 TL⟫ olmalıdır.,,,
hayat_finans-8230fc99e9e5-p005,0,hayat_finans,KAR_PAYLASIM_ORANI,%99,"{""musteri"": 99.0, ""banka"": 1.0, ""birim"": ""yuzde""}",0.88,t hesaplara göre daha yüksek bir oranla başlar ilk açılışta ⟪%99⟫ kâr paylaşım oranı avantajı sunar.,,,
hayat_finans-8230fc99e9e5-p009,0,hayat_finans,KAR_PAYLASIM_ORANI,%99,"{""musteri"": 99.0, ""banka"": 1.0, ""birim"": ""yuzde""}",0.88,"Herkes başlangıçta Altın derecesi avantajıyla başlar ve ⟪%99⟫ oranında kâr paylaşım oranı elde eder. Ürün kullanımınıza,",,,
hayat_finans-8230fc99e9e5-p010,0,hayat_finans,KAR_PAYLASIM_ORANI,%99,"{""musteri"": 99.0, ""banka"": 1.0, ""birim"": ""yuzde""}",0.88,Altın Derecesi: ⟪%99⟫ kâr paylaşım oranı* Gümüş Derecesi:,,,
hayat_finans-8230fc99e9e5-p011,0,hayat_finans,KAR_PAYLASIM_ORANI,%95,"{""musteri"": 95.0, ""banka"": 5.0, ""birim"": ""yuzde""}",0.88,⟪%95⟫ kâr paylaşım oranı* Bronz Derecesi: %90 kâr paylaşım oranı*,,,
hayat_finans-8230fc99e9e5-p011,1,hayat_finans,KAR_PAYLASIM_ORANI,%90,"{""musteri"": 90.0, ""banka"": 10.0, ""birim"": ""yuzde""}",0.88,%95 kâr paylaşım oranı* Bronz Derecesi: ⟪%90⟫ kâr paylaşım oranı*,,,
hayat_finans-8230fc99e9e5-p012,0,hayat_finans,KAMPANYA_SURESI,08.10.2026,"{""tarih"": ""2026-10-08""}",0.82,"Fiyatlama kampanya bitiş tarihi ⟪08.10.2026⟫ olup, Hayat Finans kampanya süresi boyunca şartları değişti",,,
hayat_finans-8230fc99e9e5-p014,0,hayat_finans,KAR_PAYLASIM_ORANI,%99,"{""musteri"": 99.0, ""banka"": 1.0, ""birim"": ""yuzde""}",0.88,Altın derecesi avantajıyla başlar ve ⟪%99⟫ oranında kâr paylaşım oranı elde eder.,,,
hayat_finans-8230fc99e9e5-p028,0,hayat_finans,KAR_PAYLASIM_ORANI,%99,"{""musteri"": 99.0, ""banka"": 1.0, ""birim"": ""yuzde""}",0.88,'ta herkes başlangıçta Altın derecesi avantajıyla başlar ve ⟪%99⟫ kâr paylaşım oranı alır. Hesabınızı aktif tutarak dereceniz,,,
hayat_finans-8230fc99e9e5-p035,0,hayat_finans,FINANSMAN_TUTARI,19.999 TL,"{""deger"": 19999.0, ""birim"": ""TRY""}",0.8,TL Cari Hesap+ Finansman 0-⟪19.999 TL⟫ 20.000-84.999 TL,,,
hayat_finans-8230fc99e9e5-p035,1,hayat_finans,FINANSMAN_TUTARI,84.999 TL,"{""deger"": 84999.0, ""birim"": ""TRY""}",0.8,TL Cari Hesap+ Finansman 0-19.999 TL 20.000-⟪84.999 TL⟫,,,
hayat_finans-8230fc99e9e5-p042,0,hayat_finans,KAR_PAYLASIM_ORANI,%99,"{""musteri"": 99.0, ""banka"": 1.0, ""birim"": ""yuzde""}",0.88,"⟪%99⟫ kâr paylaşım oranından faydalanır. Bu oran, sadece hoş geld",,,
hayat_finans-8230fc99e9e5-p049,0,hayat_finans,KAR_PAYLASIM_ORANI,%99,"{""musteri"": 99.0, ""banka"": 1.0, ""birim"": ""yuzde""}",0.88,Altın derecesi ile başlar ve ⟪%99⟫ kâr paylaşımı oranından yararlanır. Yani küçük birikimlerle,,,
hayat_finans-8230fc99e9e5-p052,0,hayat_finans,HARCAMA_ESIGI,85.000 TL,"{""deger"": 85000.0, ""birim"": ""TRY""}",0.8,yatırım fonu veya finansman risk tutarınızın toplamı en az ⟪85.000 TL⟫ olmalıdır.,,,
hayat_finans-8230fc99e9e5-p055,0,hayat_finans,HARCAMA_ESIGI,20.000 TL,"{""deger"": 20000.0, ""birim"": ""TRY""}",0.8,yatırım fonu veya finansman risk tutarınızın toplamı en az ⟪20.000 TL⟫ olmalıdır.,,,
hayat_finans-8230fc99e9e5-p058,0,hayat_finans,HARCAMA_ESIGI,50.000 TL,"{""deger"": 50000.0, ""birim"": ""TRY""}",0.8,"Hesap açılışı için minimum tutar ⟪50.000 TL⟫, maksimum tutar ise 2.000.000 TL’dir.",,,
hayat_finans-8230fc99e9e5-p058,1,hayat_finans,HARCAMA_ESIGI,2.000.000 TL,"{""deger"": 2000000.0, ""birim"": ""TRY""}",0.8,"ap açılışı için minimum tutar 50.000 TL, maksimum tutar ise ⟪2.000.000 TL⟫’dir.",,,
hayat_finans-8230fc99e9e5-p065,0,hayat_finans,KAR_PAYLASIM_ORANI,%99,"{""musteri"": 99.0, ""banka"": 1.0, ""birim"": ""yuzde""}",0.88,"Örneğin, 99 kâr paylaşım oranı, vade sonunda oluşan kârın ⟪%99⟫'unun müşteriye, %1'inin ise bankaya aktarılacağını ifade ed",,,
hayat_finans-8230fc99e9e5-p070,0,hayat_finans,ODUL_MIKTARI,50.000 TL,"{""deger"": 50000.0, ""birim"": ""TRY""}",0.83,"Evet, ⟪50.000 TL⟫ üzerinden kalmak kaydıyla para çekimi yapılabilir. Vade son",,,
hayat_finans-8230fc99e9e5-p071,0,hayat_finans,ODUL_MIKTARI,50.000 TL,"{""deger"": 50000.0, ""birim"": ""TRY""}",0.83,⟪50.000 TL⟫'nin altında kalacak şekilde para çekimi yapıldığında hesap,,,
hayat_finans-51c6a4fe122d-p013,0,hayat_finans,VADE_SURESI,1 ay,"{""deger"": 1, ""birim"": ""ay""}",0.85,"tılım hesaplarının özellikleri: • Belirli vadelerle açılır (⟪1 ay⟫, 3 ay, 6 ay, 1 yıl vb.)",,,
hayat_finans-51c6a4fe122d-p013,1,hayat_finans,VADE_SURESI,3 ay,"{""deger"": 3, ""birim"": ""ay""}",0.85,"hesaplarının özellikleri: • Belirli vadelerle açılır (1 ay, ⟪3 ay⟫, 6 ay, 1 yıl vb.)",,,
hayat_finans-51c6a4fe122d-p013,2,hayat_finans,VADE_SURESI,6 ay,"{""deger"": 6, ""birim"": ""ay""}",0.85,"arının özellikleri: • Belirli vadelerle açılır (1 ay, 3 ay, ⟪6 ay⟫, 1 yıl vb.)",,,
hayat_finans-51c6a4fe122d-p013,3,hayat_finans,VADE_SURESI,1 yıl,"{""deger"": 12, ""birim"": ""ay""}",0.8,"özellikleri: • Belirli vadelerle açılır (1 ay, 3 ay, 6 ay, ⟪1 yıl⟫ vb.)",,,
hayat_finans-6a5e186a3a42-p002,0,hayat_finans,VADE_SURESI,3 ay,"{""deger"": 3, ""birim"": ""ay""}",0.85,"Özellikleri Katılma Hesabı'nızı 7 günden başlayan vadelerle ⟪3 ay⟫, 6 ay ve 12 ay vadeli olarak açabilirsiniz.",,,
hayat_finans-6a5e186a3a42-p002,1,hayat_finans,VADE_SURESI,6 ay,"{""deger"": 6, ""birim"": ""ay""}",0.85,"kleri Katılma Hesabı'nızı 7 günden başlayan vadelerle 3 ay, ⟪6 ay⟫ ve 12 ay vadeli olarak açabilirsiniz.",,,
hayat_finans-6a5e186a3a42-p002,2,hayat_finans,VADE_SURESI,12 ay,"{""deger"": 12, ""birim"": ""ay""}",0.85,"tılma Hesabı'nızı 7 günden başlayan vadelerle 3 ay, 6 ay ve ⟪12 ay⟫ vadeli olarak açabilirsiniz.",,,
hayat_finans-6a5e186a3a42-p003,0,hayat_finans,HARCAMA_ESIGI,1.000 TL,"{""deger"": 1000.0, ""birim"": ""TRY""}",0.8,nda seçtiğiniz hesap türüne uygun olarak hesabınıza minimum ⟪1.000 TL⟫ ve 250 USD/EUR yatırmanız gerekir.,,,
hayat_finans-6a5e186a3a42-p010,0,hayat_finans,HARCAMA_ESIGI,1.000 TL,"{""deger"": 1000.0, ""birim"": ""TRY""}",0.8,Aylık 1 Yıllık 1 Yıldan Uzun Asgari Hesap Açılış Bakiyesi: ⟪1.000 TL⟫*,,,
hayat_finans-6a5e186a3a42-p025,0,hayat_finans,HARCAMA_ESIGI,1.000 TL,"{""deger"": 1000.0, ""birim"": ""TRY""}",0.8,Katılma Hesabı açılış alt limiti ⟪1.000 TL⟫ ve 250 USD/EUR'dir.,,,
hayat_finans-f855143a362d-p017,0,hayat_finans,MASRAF_DURUMU,ücretsiz,"{""metin"": ""ücretsiz""}",0.7,para çekme ve yatırma işlemlerinizi Hayat Finans kartınızla ⟪ücretsiz⟫ yapabilirsiniz.,,,
hayat_finans-82a21e2c26d9-p000,0,hayat_finans,HEDEF_KITLE,KOBİ’lerin,"{""metin"": ""kobi̇’lerin""}",0.85,"Ölçek Değil, Etki: ⟪KOBİ’lerin⟫ Ekonomideki Gerçek Gücü",,,
hayat_finans-82a21e2c26d9-p002,0,hayat_finans,HEDEF_KITLE,KOBİ’lerin,"{""metin"": ""kobi̇’lerin""}",0.85,"Ölçek Değil, Etki: ⟪KOBİ’lerin⟫ Ekonomideki Gerçek Gücü",,,
hayat_finans-82a21e2c26d9-p003,0,hayat_finans,HEDEF_KITLE,KOBİ,"{""metin"": ""kobi̇""}",0.85,estek veren Hayat Finans olarak coşkuyla kutladığımız Dünya ⟪KOBİ⟫ Günü bizlere KOBİ’lere nasıl baktığımızı yeniden düşünmek i,,,
hayat_finans-82a21e2c26d9-p003,1,hayat_finans,HEDEF_KITLE,KOBİ’lere,"{""metin"": ""kobi̇’lere""}",0.85,Finans olarak coşkuyla kutladığımız Dünya KOBİ Günü bizlere ⟪KOBİ’lere⟫ nasıl baktığımızı yeniden düşünmek için önemli bir fırsat s,,,
hayat_finans-82a21e2c26d9-p004,0,hayat_finans,HEDEF_KITLE,KOBİ’ler,"{""metin"": ""kobi̇’ler""}",0.85,⟪KOBİ’ler⟫ ölçekleriyle tanımlanıyor. Küçük ve orta büyüklükte işletme,,,
hayat_finans-82a21e2c26d9-p004,1,hayat_finans,HEDEF_KITLE,KOBİ’lerin,"{""metin"": ""kobi̇’lerin""}",0.85,"ta büyüklükte işletmeler diyoruz. Oysa bugünün ekonomisinde ⟪KOBİ’lerin⟫ asıl belirleyici özelliği ölçekleri değil hızları, esneklik",,,
hayat_finans-82a21e2c26d9-p005,0,hayat_finans,HEDEF_KITLE,KOBİ’ler,"{""metin"": ""kobi̇’ler""}",0.85,"⟪KOBİ’ler⟫, bir ülke ekonomisinin dağıtık üretim zekâsıdır. Yerel kalk",,,
hayat_finans-82a21e2c26d9-p005,1,hayat_finans,HEDEF_KITLE,KOBİ’lerin,"{""metin"": ""kobi̇’lerin""}",0.85,ururlar. Bir ekonominin ne kadar dayanıklı olduğunu da yine ⟪KOBİ’lerin⟫ gücü belirler.,,,
hayat_finans-82a21e2c26d9-p006,0,hayat_finans,HEDEF_KITLE,KOBİ’lerden,"{""metin"": ""kobi̇’lerden""}",0.85,Ekonominin ana gövdesi ⟪KOBİ’lerden⟫ oluşuyor,,,
hayat_finans-82a21e2c26d9-p007,0,hayat_finans,HEDEF_KITLE,KOBİ,"{""metin"": ""kobi̇""}",0.85,et sektörlerinde faaliyet gösteren 3 milyon 928 bin girişim ⟪KOBİ⟫ sınıfında yer alıyor. KOBİ’ler toplam girişim sayısının %99,,,
hayat_finans-82a21e2c26d9-p007,1,hayat_finans,HEDEF_KITLE,KOBİ’ler,"{""metin"": ""kobi̇’ler""}",0.85,"österen 3 milyon 928 bin girişim KOBİ sınıfında yer alıyor. ⟪KOBİ’ler⟫ toplam girişim sayısının %99,6’sını, istihdamın %68,5’ini v",,,
hayat_finans-82a21e2c26d9-p008,0,hayat_finans,HEDEF_KITLE,KOBİ’lerden,"{""metin"": ""kobi̇’lerden""}",0.85,". Başka bir ifadeyle, Türkiye ekonomisinin ana gövdesi ⟪KOBİ’lerden⟫ oluşuyor.",,,
hayat_finans-82a21e2c26d9-p010,0,hayat_finans,HEDEF_KITLE,KOBİ’lerin,"{""metin"": ""kobi̇’lerin""}",0.85,"yonlarca yeni işe ihtiyaç duyulacağı öngörülen bir dünyada, ⟪KOBİ’lerin⟫ gelişimi yalnızca bir ekonomik politika başlığı değil refah",,,
hayat_finans-82a21e2c26d9-p013,0,hayat_finans,HEDEF_KITLE,KOBİ’si,"{""metin"": ""kobi̇’si""}",0.85,"Bugünün ⟪KOBİ’si⟫ için zaman, sermaye kadar değerlidir. Bir teminat mektubunu",,,
hayat_finans-82a21e2c26d9-p014,0,hayat_finans,HEDEF_KITLE,KOBİ,"{""metin"": ""kobi̇""}",0.85,Bu nedenle ⟪KOBİ⟫ finansmanına bakışımızı da değiştirmemiz gerekiyor. Finansm,,,
hayat_finans-82a21e2c26d9-p019,0,hayat_finans,HEDEF_KITLE,KOBİ’nin,"{""metin"": ""kobi̇’nin""}",0.85,Dolayısıyla ⟪KOBİ’nin⟫ finansal gerçekliği de değişiyor. Bugünün işletmesi sadece,,,
hayat_finans-82a21e2c26d9-p019,1,hayat_finans,HEDEF_KITLE,KOBİ,"{""metin"": ""kobi̇""}",0.85,"işletmenin finansal sağlığına dair güçlü sinyaller taşıyor. ⟪KOBİ⟫ dostu bankacılık bu sinyalleri doğru okuyabilen, anlamlandı",,,
hayat_finans-82a21e2c26d9-p020,0,hayat_finans,HEDEF_KITLE,KOBİ’ye,"{""metin"": ""kobi̇’ye""}",0.85,“⟪KOBİ’ye⟫ Hayat” oluyoruz Hayat Finans olarak bizim tüzel bankacılığa,,,
hayat_finans-82a21e2c26d9-p020,1,hayat_finans,HEDEF_KITLE,KOBİ’ye,"{""metin"": ""kobi̇’ye""}",0.85,"üzel bankacılığa bakışımız tam da bu noktada şekilleniyor. “⟪KOBİ’ye⟫ Hayat” bakışıyla işletmelerin nakit akışından tahsilatına,",,,
hayat_finans-82a21e2c26d9-p022,0,hayat_finans,HEDEF_KITLE,KOBİ’ler,"{""metin"": ""kobi̇’ler""}",0.85,inansal kapsayıcılık açısından da büyük bir fırsat sunuyor. ⟪KOBİ’ler⟫ arasında finansmana erişimde en çok zorlanan gruplar genell,,,
hayat_finans-82a21e2c26d9-p023,0,hayat_finans,HEDEF_KITLE,KOBİ’ye,"{""metin"": ""kobi̇’ye""}",0.85,"ayıcı ve şeffaf yaklaşımla tüzel bankacılığı dönüştürüyor, “⟪KOBİ’ye⟫ Hayat” oluyoruz.",,,
hayat_finans-82a21e2c26d9-p024,0,hayat_finans,HEDEF_KITLE,KOBİ’ler,"{""metin"": ""kobi̇’ler""}",0.85,⟪KOBİ’ler⟫ için yeni bir eşik Bugün KOBİ’ler için yeni bir eşikteyiz.,,,
hayat_finans-82a21e2c26d9-p024,1,hayat_finans,HEDEF_KITLE,KOBİ’ler,"{""metin"": ""kobi̇’ler""}",0.85,"KOBİ’ler için yeni bir eşik Bugün ⟪KOBİ’ler⟫ için yeni bir eşikteyiz. Bir yanda yüksek rekabet, maliyet",,,
hayat_finans-82a21e2c26d9-p025,0,hayat_finans,HEDEF_KITLE,KOBİ’leri,"{""metin"": ""kobi̇’leri""}",0.85,"Bu hızlı değişim ⟪KOBİ’leri⟫ de “ölçek” değil, “etki” meselesi olarak görmemiz gereken y",,,
hayat_finans-82a21e2c26d9-p026,0,hayat_finans,HEDEF_KITLE,KOBİ’lerin,"{""metin"": ""kobi̇’lerin""}",0.85,Bu bilinçle Hayat Finans olarak ⟪KOBİ’lerin⟫ her adımlarında yanlarında yer almaya devam edeceğiz. 27 Ha,,,
hayat_finans-82a21e2c26d9-p026,1,hayat_finans,HEDEF_KITLE,KOBİ,"{""metin"": ""kobi̇""}",0.85,ında yanlarında yer almaya devam edeceğiz. 27 Haziran Dünya ⟪KOBİ⟫ Günü kutlu olsun!,,,
hayat_finans-82a21e2c26d9-p027,0,hayat_finans,HEDEF_KITLE,KOBİ'ye,"{""metin"": ""kobi̇'ye""}",0.85,⟪KOBİ'ye⟫ Hayat,,,
kuveyt_turk-9a4c822ace07-p019,0,kuveyt_turk,KAMPANYA_SURESI,09.07.2025,"{""tarih"": ""2025-07-09""}",0.82,⟪09.07.2025⟫ tarihinden itibaren açılan ve vadesi yenilenen hesaplar,,,
kuveyt_turk-1208d74801d9-p000,0,kuveyt_turk,ODUL_MIKTARI,250.000 TL,"{""deger"": 250000.0, ""birim"": ""TRY""}",0.83,rcamasına toplamda 1000 TL indirim kazanın! Ayrıca 50.000 – ⟪250.000 TL⟫ arasındaki ilk alışverişlerinizde 3 ay vade farksız taksitl,,,
kuveyt_turk-b0edd42b36f6-p004,0,kuveyt_turk,ALISVERIS_PUANI,60.000 Mil,"{""deger"": 60000.0, ""birim"": ""TRY""}",0.88,yapacağınız yurt dışı kargo harcamalarında yıl sonuna kadar ⟪60.000 Mil⟫ kazanma fırsatı sizi bekliyor!,,,
kuveyt_turk-b0edd42b36f6-p007,2,kuveyt_turk,ODUL_MIKTARI,2.000 TL,"{""deger"": 2000.0, ""birim"": ""TRY""}",0.83,"yapacağınız her 1.000 TL ve üzeri harcamanızda %5, toplamda ⟪2.000 TL⟫ indirim kazanın!",,,
kuveyt_turk-b0edd42b36f6-p013,1,kuveyt_turk,ODUL_MIKTARI,100 TL,"{""deger"": 100.0, ""birim"": ""TRY""}",0.83,"a kadar her ay 2.000 TL ve üzeri akaryakıt harcamalarınızda ⟪100 TL⟫, toplamda 600 TL Altın Puan kazanma fırsatı sizi bekliyor!",,,
kuveyt_turk-b0edd42b36f6-p013,2,kuveyt_turk,ODUL_MIKTARI,600 TL,"{""deger"": 600.0, ""birim"": ""TRY""}",0.83,"000 TL ve üzeri akaryakıt harcamalarınızda 100 TL, toplamda ⟪600 TL⟫ Altın Puan kazanma fırsatı sizi bekliyor!",,,
kuveyt_turk-b0edd42b36f6-p018,0,kuveyt_turk,ALISVERIS_PUANI,4.000 Mil,"{""deger"": 4000.0, ""birim"": ""TRY""}",0.88,Miles&Smiles Business Kart QR Ödeme ile Ekstra ⟪4.000 Mil⟫!,,,
kuveyt_turk-b0edd42b36f6-p020,1,kuveyt_turk,ALISVERIS_PUANI,4.000 Mil,"{""deger"": 4000.0, ""birim"": ""TRY""}",0.88,"her 5.000 TL ve üzeri harcamalarda %5 ekstra mil, toplamda ⟪4.000 Mil⟫ kazanın!",,,
kuveyt_turk-b0edd42b36f6-p022,0,kuveyt_turk,ALISVERIS_PUANI,2.000 Mil,"{""deger"": 2000.0, ""birim"": ""TRY""}",0.88,Akaryakıt Harcamalarınıza Her Ay Ekstra ⟪2.000 Mil⟫'e Varan Fırsat!,,,
kuveyt_turk-b0edd42b36f6-p023,1,kuveyt_turk,ALISVERIS_PUANI,2.000 Mil,"{""deger"": 2000.0, ""birim"": ""TRY""}",0.88,"000 TL ve üzeri akaryakıt harcamalarınızda ekstra %5, aylık ⟪2.000 Mil⟫’e varan kazanç sizi bekliyor!",,,
kuveyt_turk-b0edd42b36f6-p025,0,kuveyt_turk,ALISVERIS_PUANI,2.000 Mil,"{""deger"": 2000.0, ""birim"": ""TRY""}",0.88,E-Ticaret Harcamalarınıza Her Ay Ekstra ⟪2.000 Mil⟫'e Varan Fırsat!,,,
kuveyt_turk-b0edd42b36f6-p026,1,kuveyt_turk,ALISVERIS_PUANI,2.000 Mil,"{""deger"": 2000.0, ""birim"": ""TRY""}",0.88,"000 TL ve üzeri e-ticaret harcamalarınızda ekstra %5, aylık ⟪2.000 Mil⟫’e varan kazanç sizi bekliyor!",,,
kuveyt_turk-b5cb2ca0d03e-p005,2,kuveyt_turk,ODUL_MIKTARI,1.000 TL,"{""deger"": 1000.0, ""birim"": ""TRY""}",0.83,"sit avantajından yararlanabilir, Halalbooking’e kaydolurken ⟪1.000 TL⟫ değerinde indirim kazanabilirsiniz.",,,
kuveyt_turk-2f4f3a7d6264-p005,0,kuveyt_turk,ODUL_MIKTARI,5.000 TL,"{""deger"": 5000.0, ""birim"": ""TRY""}",0.83,Kampanya kapsamında tek işlemde maksimum ⟪5.000 TL⟫ indirim kazanılabilir.,,,
kuveyt_turk-0751c2d90a2b-p004,0,kuveyt_turk,MASRAF_DURUMU,Ücretsiz,"{""metin"": ""ücretsiz""}",0.7,"çerisindeki Kart işlemleri – Dönem İçi İşlemler menüsünden ""⟪Ücretsiz⟫ Taksitlendir"" butonuyla vade farksız 2 ile 5 taksit arasınd",,,
kuveyt_turk-b6f9f5e72db2-p003,0,kuveyt_turk,MASRAF_DURUMU,Ücretsiz,"{""metin"": ""ücretsiz""}",0.7,"çerisindeki Kart işlemleri – Dönem İçi İşlemler menüsünden ""⟪Ücretsiz⟫ Taksitlendir"" butonuyla vade farksız 2 ile 5 taksit arasınd",,,
kuveyt_turk-bcd8184de720-p000,2,kuveyt_turk,ODUL_MIKTARI,200 TL,"{""deger"": 200.0, ""birim"": ""TRY""}",0.83,"tek seferde yapacağınız 1.000 TL ve üzeri alışverişlerinize ⟪200 TL⟫, toplamda 3.000 TL'ye varan indirim kazanabilirsiniz.",,,
kuveyt_turk-bcd8184de720-p000,3,kuveyt_turk,ODUL_MIKTARI,3.000 TL'ye varan,"{""deger"": 3000.0, ""birim"": ""TRY"", ""sinir"": ""ust""}",0.83,"ağınız 1.000 TL ve üzeri alışverişlerinize 200 TL, toplamda ⟪3.000 TL'ye varan⟫ indirim kazanabilirsiniz.",,,
kuveyt_turk-bcd8184de720-p001,2,kuveyt_turk,ODUL_MIKTARI,200 TL,"{""deger"": 200.0, ""birim"": ""TRY""}",0.83,"tek seferde yapacağınız 1.000 TL ve üzeri alışverişlerinize ⟪200 TL⟫, toplamda 3.000 TL'ye varan indirim kazanabilirsiniz.",,,
kuveyt_turk-bcd8184de720-p001,3,kuveyt_turk,ODUL_MIKTARI,3.000 TL'ye varan,"{""deger"": 3000.0, ""birim"": ""TRY"", ""sinir"": ""ust""}",0.83,"ağınız 1.000 TL ve üzeri alışverişlerinize 200 TL, toplamda ⟪3.000 TL'ye varan⟫ indirim kazanabilirsiniz.",,,
kuveyt_turk-bcd8184de720-p007,0,kuveyt_turk,ODUL_MIKTARI,1.000 TL,"{""deger"": 1000.0, ""birim"": ""TRY""}",0.83,"Ayda en fazla ⟪1.000 TL⟫, kampanya boyunca toplam 3.000 TL indirim kazanılır.",,,
kuveyt_turk-bcd8184de720-p007,1,kuveyt_turk,ODUL_MIKTARI,3.000 TL,"{""deger"": 3000.0, ""birim"": ""TRY""}",0.83,"Ayda en fazla 1.000 TL, kampanya boyunca toplam ⟪3.000 TL⟫ indirim kazanılır.",,,
kuveyt_turk-f7ad3ea3b31a-p000,0,kuveyt_turk,KAMPANYA_SURESI,01.06.2026,"{""tarih"": ""2026-06-01""}",0.82,Kampanya Koşulları Kampanya kapsamında ⟪01.06.2026⟫ ile 31.08.2026 tarihleri arasında Borsa İstanbul pay senedi,,,
kuveyt_turk-f7ad3ea3b31a-p000,1,kuveyt_turk,KAMPANYA_SURESI,31.08.2026,"{""tarih"": ""2026-08-31""}",0.82,Kampanya Koşulları Kampanya kapsamında 01.06.2026 ile ⟪31.08.2026⟫ tarihleri arasında Borsa İstanbul pay senedi işlemlerine yö,,,
kuveyt_turk-f7ad3ea3b31a-p000,3,kuveyt_turk,HARCAMA_ESIGI,1.000.000 TL,"{""deger"": 1000000.0, ""birim"": ""TRY""}",0.8,terisi olanlardan; kampanya katılım formunu doldurup asgari ⟪1.000.000 TL⟫ tutarında pay senedi işlem hacmi (alım-satım) gerçekleştire,,,
kuveyt_turk-f7ad3ea3b31a-p002,0,kuveyt_turk,ALISVERIS_PUANI,10.000 Mil,"{""deger"": 10000.0, ""birim"": ""TRY""}",0.88,⟪10.000 Mil⟫ tanımlanmak suretiyle hediye edilecektir.,,,
kuveyt_turk-f7ad3ea3b31a-p004,0,kuveyt_turk,KAMPANYA_SURESI,31.08.2026,"{""tarih"": ""2026-08-31""}",0.82,ürününe en geç ⟪31.08.2026⟫ tarihi itibarıyla sahip olmaları gerekmektedir.,,,
kuveyt_turk-aef9b19c905f-p000,0,kuveyt_turk,HEDEF_KITLE,KOBİ’lere,"{""metin"": ""kobi̇’lere""}",0.85,"Araç Finansmanı Onaylanan ⟪KOBİ’lere⟫ HGS Kampanyası ile yeni araç almayı düşünen, araç finansman",,,
kuveyt_turk-aef9b19c905f-p000,1,kuveyt_turk,HEDEF_KITLE,KOBİ,"{""metin"": ""kobi̇""}",0.85,hazırda aracı olup yenileme/daha üst modele geçmeyi düşünen ⟪KOBİ⟫ müşterilerimize araç finansmanları onaylanması durumunda üc,,,
kuveyt_turk-aef9b19c905f-p001,0,kuveyt_turk,HEDEF_KITLE,KOBİ,"{""metin"": ""kobi̇""}",0.85,"Kampanya Detayları Kampanya, ⟪KOBİ⟫ müşterilerimizin araç finansmanı onaylanması durumunda geçe",,,
kuveyt_turk-aef9b19c905f-p002,0,kuveyt_turk,KAMPANYA_SURESI,17.07.2026,"{""tarih"": ""2026-07-17""}",0.82,"Kampanya, ⟪17.07.2026⟫ tarihinden sonra araç finansmanı onaylanan",,,
kuveyt_turk-aef9b19c905f-p003,0,kuveyt_turk,HEDEF_KITLE,KOBİ,"{""metin"": ""kobi̇""}",0.85,⟪KOBİ⟫ müşterilerimiz için geçerlidir. Müşterilerimiz ücretsiz HGS,,,
kuveyt_turk-aef9b19c905f-p007,0,kuveyt_turk,HEDEF_KITLE,KOBİ,"{""metin"": ""kobi̇""}",0.85,⟪KOBİ⟫ müşterilerimize özeldir. Kampanya tarihine kadar geçerlidir,,,
kuveyt_turk-24f507c051df-p000,2,kuveyt_turk,ODUL_MIKTARI,1.000 TL,"{""deger"": 1000.0, ""birim"": ""TRY""}",0.83,"sit avantajından yararlanabilir, Halalbooking’e kaydolurken ⟪1.000 TL⟫ değerinde indirim kazanabilirsiniz.",,,
kuveyt_turk-fb41ef94c583-p003,0,kuveyt_turk,MASRAF_DURUMU,Ücretsiz,"{""metin"": ""ücretsiz""}",0.7,"çerisindeki Kart işlemleri – Dönem İçi İşlemler menüsünden ""⟪Ücretsiz⟫ Taksitlendir"" butonuyla vade farksız 2 ile 5 taksit arasınd",,,
kuveyt_turk-674da0b75ca1-p000,0,kuveyt_turk,ALISVERIS_PUANI,10.000 Mil,"{""deger"": 10000.0, ""birim"": ""TRY""}",0.88,"mile dönüşüyor. Harcamalarınızdan her ay %10, ayda maksimum ⟪10.000 Mil⟫ kazanarak yıl sonuna kadar 60.000 Mil kazanma fırsatını yak",,,
kuveyt_turk-674da0b75ca1-p000,1,kuveyt_turk,ALISVERIS_PUANI,60.000 Mil,"{""deger"": 60000.0, ""birim"": ""TRY""}",0.88,"ay %10, ayda maksimum 10.000 Mil kazanarak yıl sonuna kadar ⟪60.000 Mil⟫ kazanma fırsatını yakalayabilirsiniz. Üstelik ilk defa Navl",,,
kuveyt_turk-674da0b75ca1-p009,0,kuveyt_turk,ODUL_MIKTARI,1.200 TL,"{""deger"": 1200.0, ""birim"": ""TRY""}",0.83,Ödül Miktarı 1.İşlem ⟪1.200 TL⟫ 120 Mil 2.İşlem,,,
kuveyt_turk-674da0b75ca1-p009,1,kuveyt_turk,ALISVERIS_PUANI,120 Mil,"{""deger"": 120.0, ""birim"": ""TRY""}",0.88,Ödül Miktarı 1.İşlem 1.200 TL ⟪120 Mil⟫ 2.İşlem,,,
kuveyt_turk-674da0b75ca1-p010,0,kuveyt_turk,ALISVERIS_PUANI,680 Mil,"{""deger"": 680.0, ""birim"": ""TRY""}",0.88,6.800 TL ⟪680 Mil⟫ 3.İşlem 34.000 TL 3400 Mil,,,
kuveyt_turk-a1936b77f5a3-p001,0,kuveyt_turk,HEDEF_KITLE,KOBİ'lere,"{""metin"": ""kobi̇'lere""}",0.85,tıklayınız. Kampanya Detayları ⟪KOBİ'lere⟫ özel Proemtia Sağlam Bayi Kart ile,,,
kuveyt_turk-a1936b77f5a3-p007,0,kuveyt_turk,MASRAF_DURUMU,ücretsiz,"{""metin"": ""ücretsiz""}",0.7,ve ⟪ücretsiz⟫ sahip olabilirsiniz. Proemtia Sağlam Bayi Kart ile,,,
kuveyt_turk-a1936b77f5a3-p013,0,kuveyt_turk,ODUL_MIKTARI,10.000 TL,"{""deger"": 10000.0, ""birim"": ""TRY""}",0.83,en fazla ⟪10.000 TL⟫ nakit iade kazanabilir.,,,
kuveyt_turk-a1936b77f5a3-p015,0,kuveyt_turk,HEDEF_KITLE,KOBİ,"{""metin"": ""kobi̇""}",0.85,⟪KOBİ⟫ müşterilerine özeldir. Kampanyadan faydalanılabilmesi için,,,
kuveyt_turk-42c817df7c5a-p006,0,kuveyt_turk,KAMPANYA_SURESI,15.09.2026,"{""tarih"": ""2026-09-15""}",0.82,KUVEYTTUR Umre: KUVEYTUMRE Kampanya ⟪15.09.2026⟫ tarihine kadar geçerlidir.,,,
kuveyt_turk-e84abb83f41a-p003,0,kuveyt_turk,ALISVERIS_PUANI,4.000 Mil,"{""deger"": 4000.0, ""birim"": ""TRY""}",0.88,"her harcamanızda ekstra %5, toplamda ⟪4.000 Mil⟫",,,
kuveyt_turk-e84abb83f41a-p007,0,kuveyt_turk,ALISVERIS_PUANI,4.000 TL Mil,"{""deger"": 4000.0, ""birim"": ""TRY""}",0.88,Kampanyadan maksimum kazanım ⟪4.000 TL Mil⟫’dir.,,,
kuveyt_turk-43cf1d1f0926-p000,0,kuveyt_turk,HARCAMA_ESIGI,2.000 TL,"{""deger"": 2000.0, ""birim"": ""TRY""}",0.8,"Kuveyt Türk Mobil 'den aylık minimum ⟪2.000 TL⟫’lik Pratik BES ürünü sözleşmesi yapıp, ödemesini Kuveyt Tür",,,
kuveyt_turk-d9064acda8bd-p000,0,kuveyt_turk,HEDEF_KITLE,KOBİ,"{""metin"": ""kobi̇""}",0.85,"pazaryerlerinden satış yapan Esnaf, Şahıs Firması, Çiftçi, ⟪KOBİ⟫ ve Tüzel Kişiliklerin tamamı kampanyadan faydalanabilir. Ge",,,
kuveyt_turk-d9064acda8bd-p002,1,kuveyt_turk,ODUL_MIKTARI,10.000 TL,"{""deger"": 10000.0, ""birim"": ""TRY""}",0.83,ni bankamıza yönlendiren satıcılar Sağlam Business Kart ile ⟪10.000 TL⟫ - 250.000 TL arası yapacağı ilk harcamaya vade farksız 3 ta,,,
kuveyt_turk-d9064acda8bd-p002,2,kuveyt_turk,ODUL_MIKTARI,250.000 TL,"{""deger"": 250000.0, ""birim"": ""TRY""}",0.83,yönlendiren satıcılar Sağlam Business Kart ile 10.000 TL - ⟪250.000 TL⟫ arası yapacağı ilk harcamaya vade farksız 3 taksit avantajı,,,
kuveyt_turk-d9064acda8bd-p003,0,kuveyt_turk,KAMPANYA_SURESI,31.01.2026,"{""tarih"": ""2026-01-31""}",0.82,Kampanya Koşulları Nelerdir? ⟪31.01.2026⟫ tarihi ve öncesinde bankamıza pazaryeri hak edişi ödemesi y,,,
kuveyt_turk-d9064acda8bd-p003,1,kuveyt_turk,KAMPANYA_SURESI,01.02.2026,"{""tarih"": ""2026-02-01""}",0.82,e bankamıza pazaryeri hak edişi ödemesi yönlendirmemiş olup ⟪01.02.2026⟫ tarihinden sonra kampanya süresi boyunca toplamda 150.000 T,,,
kuveyt_turk-d9064acda8bd-p007,1,kuveyt_turk,ODUL_MIKTARI,150.000 TL,"{""deger"": 150000.0, ""birim"": ""TRY""}",0.83,ikleri ayı takip eden ay Sağlam Business Kart ile 10.000 TL-⟪150.000 TL⟫ arası yapacakları ilk harcamalarında vade farksız 3 taksit,,,
kuveyt_turk-d9064acda8bd-p011,0,kuveyt_turk,ODUL_MIKTARI,150.000 TL,"{""deger"": 150000.0, ""birim"": ""TRY""}",0.83,Ödül hak edişi için aylık toplamda ⟪150.000 TL⟫ pazar yeri hak ediş ödemesi yönlendirme kontrolü aranacaktı,,,
kuveyt_turk-d9064acda8bd-p014,0,kuveyt_turk,HEDEF_KITLE,KOBİ'ler,"{""metin"": ""kobi̇'ler""}",0.85,l Şartları Kampanyadan Tüzel ve Şahıs Firması olan Esnaf ve ⟪KOBİ'ler⟫ faydalanabilir. Bireysel müşteriler kampanyadan faydalanama,,,
kuveyt_turk-99574cafd3bc-p004,0,kuveyt_turk,ALISVERIS_PUANI,5.000 Mil,"{""deger"": 5000.0, ""birim"": ""TRY""}",0.88,"ekstra %5 , aylık maksimum ⟪5.000 Mil⟫ kazanma fırsatı sizi bekliyor.",,,
kuveyt_turk-99574cafd3bc-p007,0,kuveyt_turk,ALISVERIS_PUANI,5.000 Mil,"{""deger"": 5000.0, ""birim"": ""TRY""}",0.88,Kampanyadan maksimum kazanım tutarı ⟪5.000 Mil⟫'dir.,,,
kuveyt_turk-d0be9d27b81e-p004,0,kuveyt_turk,ALISVERIS_PUANI,2.000 Mil,"{""deger"": 2000.0, ""birim"": ""TRY""}",0.88,"ekstra %5 , aylık maksimum ⟪2.000 Mil⟫ kazanma fırsatı sizi bekliyor.",,,
kuveyt_turk-d0be9d27b81e-p007,0,kuveyt_turk,ALISVERIS_PUANI,2.000 Mil,"{""deger"": 2000.0, ""birim"": ""TRY""}",0.88,Kampanyadan maksimum kazanım tutarı ⟪2.000 Mil⟫'dir.,,,
kuveyt_turk-2edf97841165-p004,0,kuveyt_turk,ALISVERIS_PUANI,2.000 Mil,"{""deger"": 2000.0, ""birim"": ""TRY""}",0.88,"ekstra %5 , aylık maksimum ⟪2.000 Mil⟫ kazanma fırsatı sizi bekliyor.",,,
kuveyt_turk-2edf97841165-p007,0,kuveyt_turk,ALISVERIS_PUANI,2.000 Mil,"{""deger"": 2000.0, ""birim"": ""TRY""}",0.88,Kampanyadan maksimum kazanım tutarı ⟪2.000 Mil⟫'dir.,,,
kuveyt_turk-27d40e2e0e9e-p005,0,kuveyt_turk,ODUL_MIKTARI,2.000 TL,"{""deger"": 2000.0, ""birim"": ""TRY""}",0.83,Kampanyadan maksimum kazanım ⟪2.000 TL⟫ indirimdir.,,,
kuveyt_turk-99196bcc2780-p004,0,kuveyt_turk,ALISVERIS_PUANI,2.000 Mil,"{""deger"": 2000.0, ""birim"": ""TRY""}",0.88,"ekstra %5 , aylık maksimum ⟪2.000 Mil⟫ kazanma fırsatı sizi bekliyor.",,,
kuveyt_turk-99196bcc2780-p007,0,kuveyt_turk,ALISVERIS_PUANI,2.000 Mil,"{""deger"": 2000.0, ""birim"": ""TRY""}",0.88,Kampanyadan maksimum kazanım tutarı ⟪2.000 Mil⟫'dir.,,,
kuveyt_turk-c87f5745489e-p004,0,kuveyt_turk,ALISVERIS_PUANI,5.000 Mil,"{""deger"": 5000.0, ""birim"": ""TRY""}",0.88,"ekstra %5 , aylık maksimum ⟪5.000 Mil⟫ kazanma fırsatı sizi bekliyor.",,,
kuveyt_turk-c87f5745489e-p007,0,kuveyt_turk,ALISVERIS_PUANI,5.000 Mil,"{""deger"": 5000.0, ""birim"": ""TRY""}",0.88,Kampanyadan maksimum kazanım tutarı ⟪5.000 Mil⟫'dir.,,,
kuveyt_turk-e29499462e0c-p002,0,kuveyt_turk,ODUL_MIKTARI,4.000 TL,"{""deger"": 4000.0, ""birim"": ""TRY""}",0.83,toplamda ⟪4.000 TL⟫ Altın Puan kazandırıyor!,,,
kuveyt_turk-e29499462e0c-p006,0,kuveyt_turk,ODUL_MIKTARI,4.000 TL,"{""deger"": 4000.0, ""birim"": ""TRY""}",0.83,dahil değildir. Kampanyadan maksimum kazanım ⟪4.000 TL⟫ Altın Puan'dır.,,,
kuveyt_turk-12f827344e00-p005,0,kuveyt_turk,MASRAF_DURUMU,Ücretsiz,"{""metin"": ""ücretsiz""}",0.7,"çerisindeki Kart işlemleri – Dönem İçi İşlemler menüsünden “⟪Ücretsiz⟫ Taksitlendir"" butonuyla vade farksız 2 ile 5 taksit arasınd",,,
kuveyt_turk-8047dc8c0755-p002,0,kuveyt_turk,KAMPANYA_SURESI,31.12.2026,"{""tarih"": ""2026-12-31""}",0.82,Kampanya ⟪31.12.2026⟫ tarihine kadar geçerlidir.,,,
kuveyt_turk-8047dc8c0755-p014,0,kuveyt_turk,HARCAMA_ESIGI,300 TL,"{""deger"": 300.0, ""birim"": ""TRY""}",0.8,işlemlere taksit yapılabilmesi için minimum harcama tutarı ⟪300 TL⟫’dir.,,,
kuveyt_turk-8047dc8c0755-p015,0,kuveyt_turk,ODUL_MIKTARI,300 TL,"{""deger"": 300.0, ""birim"": ""TRY""}",0.83,⟪300 TL⟫ altındaki işlemler tek çekim olarak gerçekleşir.,,,
kuveyt_turk-9c48e3294832-p002,0,kuveyt_turk,ODUL_MIKTARI,100 TL,"{""deger"": 100.0, ""birim"": ""TRY""}",0.83,⟪100 TL⟫ toplamda 600 TL Altın Puan kazandırıyor!,,,
kuveyt_turk-9c48e3294832-p002,1,kuveyt_turk,ODUL_MIKTARI,600 TL,"{""deger"": 600.0, ""birim"": ""TRY""}",0.83,100 TL toplamda ⟪600 TL⟫ Altın Puan kazandırıyor!,,,
kuveyt_turk-9c48e3294832-p006,0,kuveyt_turk,ODUL_MIKTARI,600 TL,"{""deger"": 600.0, ""birim"": ""TRY""}",0.83,anımı müşteri bazlıdır. Kampanyadan maksimum kazanım tutarı ⟪600 TL⟫ Altın Puan’dır.,,,
kuveyt_turk-9706c8215fe2-p010,0,kuveyt_turk,VADE_SURESI,3 ay,"{""deger"": 3, ""birim"": ""ay""}",0.85,tıklayabilirsiniz. •⟪3 ay⟫ vadeli 10.000 TL’lik başvuru için örnek ödeme planı: Aylık,,,
kuveyt_turk-a6660bcbc926-p001,0,kuveyt_turk,ODUL_MIKTARI,750 TL,"{""deger"": 750.0, ""birim"": ""TRY""}",0.83,"Davet Kodunla Gel, Memnuniyet Anketine Katıl, ⟪750 TL⟫ Kazan!",,,
kuveyt_turk-a6660bcbc926-p002,0,kuveyt_turk,ODUL_MIKTARI,750 TL,"{""deger"": 750.0, ""birim"": ""TRY""}",0.83,u ile Müşteri Olup Memnuniyet Anketine Katılanlara Toplamda ⟪750 TL⟫ Hediye!,,,
kuveyt_turk-a6660bcbc926-p004,0,kuveyt_turk,ODUL_MIKTARI,5.000 TL'ye Varan,"{""deger"": 5000.0, ""birim"": ""TRY"", ""sinir"": ""ust""}",0.83,Yakınlarını Kuveyt Türk'e Davet Et Toplamda ⟪5.000 TL'ye Varan⟫ Hediye Kazan!,,,
kuveyt_turk-a6660bcbc926-p006,0,kuveyt_turk,ALISVERIS_PUANI,10.000 Mil,"{""deger"": 10000.0, ""birim"": ""TRY""}",0.88,Yeni Kuveyt Türk Mobil Müşterilerine ⟪10.000 Mil⟫'e Varan Fırsat!,,,
kuveyt_turk-a6660bcbc926-p007,1,kuveyt_turk,ALISVERIS_PUANI,10.000 Mil,"{""deger"": 10000.0, ""birim"": ""TRY""}",0.88,uveyt Türk kredi kartınız ile 1.000 TL ve üzeri harcamanıza ⟪10.000 Mil⟫’e varan hediye!,,,
kuveyt_turk-a6660bcbc926-p009,0,kuveyt_turk,ODUL_MIKTARI,7.250 TL,"{""deger"": 7250.0, ""birim"": ""TRY""}",0.83,Mobilden Kuveyt Türklü Olanlara Toplamda ⟪7.250 TL⟫ Hediye!,,,
kuveyt_turk-a6660bcbc926-p010,0,kuveyt_turk,ODUL_MIKTARI,7.250 TL,"{""deger"": 7250.0, ""birim"": ""TRY""}",0.83,Mobilden Kuveyt Türklü Olun Toplamda ⟪7.250 TL⟫ Kazanın!,,,
kuveyt_turk-a6660bcbc926-p015,0,kuveyt_turk,ODUL_MIKTARI,13.500 TL,"{""deger"": 13500.0, ""birim"": ""TRY""}",0.83,Kuveyt Türk Kampüs’e Gelenlere Toplamda ⟪13.500 TL⟫ Hediye!,,,
kuveyt_turk-a6660bcbc926-p016,0,kuveyt_turk,ODUL_MIKTARI,13.500 TL,"{""deger"": 13500.0, ""birim"": ""TRY""}",0.83,maları ve ilk E-Ticaret harcaması kampanyalarından toplamda ⟪13.500 TL⟫ Hediye!,,,
kuveyt_turk-a6660bcbc926-p025,2,kuveyt_turk,ODUL_MIKTARI,1.000 TL,"{""deger"": 1000.0, ""birim"": ""TRY""}",0.83,"sit avantajından yararlanabilir, Halalbooking’e kaydolurken ⟪1.000 TL⟫ değerinde indirim kazanabilirsiniz.",,,
kuveyt_turk-1c8ae40f9593-p004,0,kuveyt_turk,ALISVERIS_PUANI,60.000 Mil,"{""deger"": 60000.0, ""birim"": ""TRY""}",0.88,yapacağınız yurt dışı kargo harcamalarında yıl sonuna kadar ⟪60.000 Mil⟫ kazanma fırsatı sizi bekliyor!,,,
kuveyt_turk-1c8ae40f9593-p007,2,kuveyt_turk,ODUL_MIKTARI,2.000 TL,"{""deger"": 2000.0, ""birim"": ""TRY""}",0.83,"yapacağınız her 1.000 TL ve üzeri harcamanızda %5, toplamda ⟪2.000 TL⟫ indirim kazanın!",,,
kuveyt_turk-1c8ae40f9593-p013,1,kuveyt_turk,ODUL_MIKTARI,100 TL,"{""deger"": 100.0, ""birim"": ""TRY""}",0.83,"a kadar her ay 2.000 TL ve üzeri akaryakıt harcamalarınızda ⟪100 TL⟫, toplamda 600 TL Altın Puan kazanma fırsatı sizi bekliyor!",,,
kuveyt_turk-1c8ae40f9593-p013,2,kuveyt_turk,ODUL_MIKTARI,600 TL,"{""deger"": 600.0, ""birim"": ""TRY""}",0.83,"000 TL ve üzeri akaryakıt harcamalarınızda 100 TL, toplamda ⟪600 TL⟫ Altın Puan kazanma fırsatı sizi bekliyor!",,,
kuveyt_turk-1c8ae40f9593-p021,0,kuveyt_turk,ALISVERIS_PUANI,4.000 Mil,"{""deger"": 4000.0, ""birim"": ""TRY""}",0.88,Miles&Smiles Business Kart QR Ödeme ile Ekstra ⟪4.000 Mil⟫!,,,
kuveyt_turk-1c8ae40f9593-p023,1,kuveyt_turk,ALISVERIS_PUANI,4.000 Mil,"{""deger"": 4000.0, ""birim"": ""TRY""}",0.88,"her 5.000 TL ve üzeri harcamalarda %5 ekstra mil, toplamda ⟪4.000 Mil⟫ kazanın!",,,
kuveyt_turk-1c8ae40f9593-p025,0,kuveyt_turk,ALISVERIS_PUANI,2.000 Mil,"{""deger"": 2000.0, ""birim"": ""TRY""}",0.88,Akaryakıt Harcamalarınıza Her Ay Ekstra ⟪2.000 Mil⟫'e Varan Fırsat!,,,
kuveyt_turk-1c8ae40f9593-p026,1,kuveyt_turk,ALISVERIS_PUANI,2.000 Mil,"{""deger"": 2000.0, ""birim"": ""TRY""}",0.88,"000 TL ve üzeri akaryakıt harcamalarınızda ekstra %5, aylık ⟪2.000 Mil⟫’e varan kazanç sizi bekliyor!",,,
kuveyt_turk-678e19564a7c-p008,0,kuveyt_turk,HEDEF_KITLE,KOBİ’ler,"{""metin"": ""kobi̇’ler""}",0.85,"Net İhracatçı niteliğindeki ⟪KOBİ’ler⟫, dış ticaret işlemlerinde ihtiyaç duydukları ürün ve hizmet",,,
kuveyt_turk-678e19564a7c-p010,0,kuveyt_turk,HEDEF_KITLE,KOBİ’lere,"{""metin"": ""kobi̇’lere""}",0.85,Araç Finansmanı Onaylanan ⟪KOBİ’lere⟫ HGS Kampanyası,,,
kuveyt_turk-678e19564a7c-p011,0,kuveyt_turk,HEDEF_KITLE,KOBİ’lere,"{""metin"": ""kobi̇’lere""}",0.85,"İşine güç katan ⟪KOBİ’lere⟫, HGS hediyesi Kuveyt Türk’ten!",,,
kuveyt_turk-678e19564a7c-p013,0,kuveyt_turk,HEDEF_KITLE,KOBİ'lere,"{""metin"": ""kobi̇'lere""}",0.85,Kuveyt Türk'ten E-Ticaret Yapan ⟪KOBİ'lere⟫ %75’e Varan Kargo İndirimi,,,
tom_bank-55c4b4dac7d9-p013,0,tom_bank,FINANSMAN_TUTARI,100.000 TL,"{""deger"": 100000.0, ""birim"": ""TRY""}",0.8,den fazla özel okul harcamasının taksitlendirilmesi halinde ⟪100.000 TL⟫’nin üzerindeki harcamalar seçilen paket koşulunun üst limit,,,
tom_bank-55c4b4dac7d9-p029,0,tom_bank,ODUL_MIKTARI,9 TL,"{""deger"": 9.0, ""birim"": ""TRY""}",0.83,"HADİ Gold ücretli midir? Hadi Gold, ⟪9 TL⟫ karşılığında sana özel kampanyalardan yararlanıp, kazanç sa",,,
tom_bank-4f5c37fe8eec-p013,0,tom_bank,MASRAF_DURUMU,ücretsiz,"{""metin"": ""ücretsiz""}",0.7,"Sen de hemen ömür boyu ⟪ücretsiz⟫ Hadi Kredi Kartına başvur, harcadıkça kazanmaya başla!",,,
tom_bank-d711b543637a-p025,0,tom_bank,FINANSMAN_TUTARI,50.000 TL’ye kadar,"{""deger"": 50000.0, ""birim"": ""TRY"", ""sinir"": ""ust""}",0.88,Çalışma şekline göre Hadi Kredi Kartı borcun için ⟪50.000 TL’ye kadar⟫ güvence sağlanır.,,,
tom_bank-da74c29da555-p005,0,tom_bank,FINANSMAN_TUTARI,1.000 TL,"{""deger"": 1000.0, ""birim"": ""TRY""}",0.8,⟪1.000 TL⟫ ile 200.000 TL arasında kredi kullanabilirsiniz.,,,
tom_bank-da74c29da555-p005,1,tom_bank,FINANSMAN_TUTARI,200.000 TL,"{""deger"": 200000.0, ""birim"": ""TRY""}",0.8,1.000 TL ile ⟪200.000 TL⟫ arasında kredi kullanabilirsiniz.,,,
tom_bank-b59fb03904a7-p030,1,tom_bank,FINANSMAN_TUTARI,1.500 TL,"{""deger"": 1500.0, ""birim"": ""TRY""}",0.8,"a, tek seferde yapılabilecek maksimum temassız işlem limiti ⟪1.500 TL⟫’den 2.500 TL’ye yükseltilmiştir.",,,
tom_bank-b59fb03904a7-p030,2,tom_bank,FINANSMAN_TUTARI,2.500 TL,"{""deger"": 2500.0, ""birim"": ""TRY""}",0.8,e yapılabilecek maksimum temassız işlem limiti 1.500 TL’den ⟪2.500 TL⟫’ye yükseltilmiştir.,,,
tom_bank-b59fb03904a7-p034,1,tom_bank,FINANSMAN_TUTARI,1.500 TL,"{""deger"": 1500.0, ""birim"": ""TRY""}",0.8,"a, tek seferde yapılabilecek maksimum temassız işlem limiti ⟪1.500 TL⟫’den 2.500 TL’ye yükseltilmiştir.",,,
tom_bank-b59fb03904a7-p034,2,tom_bank,FINANSMAN_TUTARI,2.500 TL,"{""deger"": 2500.0, ""birim"": ""TRY""}",0.8,e yapılabilecek maksimum temassız işlem limiti 1.500 TL’den ⟪2.500 TL⟫’ye yükseltilmiştir.,,,
tom_bank-b59fb03904a7-p035,0,tom_bank,MASRAF_DURUMU,ücretsiz,"{""metin"": ""ücretsiz""}",0.7,"HADİ Sanal Kart HADİ uygulaması üzerinden ⟪ücretsiz⟫ bir şekilde sanal kartını oluşturabilir, tüm internet alşve",,,
tom_bank-63c06a2dc9b0-p005,0,tom_bank,HARCAMA_ESIGI,7.500 TL,"{""deger"": 7500.0, ""birim"": ""TRY""}",0.8,Alt Limit Üst Limit ⟪7.500 TL⟫ 35.000 TL 50.000 TL,,,
tom_bank-63c06a2dc9b0-p005,1,tom_bank,HARCAMA_ESIGI,35.000 TL,"{""deger"": 35000.0, ""birim"": ""TRY""}",0.8,Alt Limit Üst Limit 7.500 TL ⟪35.000 TL⟫ 50.000 TL,,,
tom_bank-63c06a2dc9b0-p005,2,tom_bank,HARCAMA_ESIGI,50.000 TL,"{""deger"": 50000.0, ""birim"": ""TRY""}",0.8,Alt Limit Üst Limit 7.500 TL 35.000 TL ⟪50.000 TL⟫,,,
tom_bank-63c06a2dc9b0-p007,0,tom_bank,ODUL_MIKTARI,2.750.000 TL,"{""deger"": 2750000.0, ""birim"": ""TRY""}",0.83,"⟪2.750.000 TL⟫ 5.000.000 TL Getiri tutarı, gün sonundaki Günlük Kazandıran",,,
tom_bank-63c06a2dc9b0-p007,1,tom_bank,ODUL_MIKTARI,5.000.000 TL,"{""deger"": 5000000.0, ""birim"": ""TRY""}",0.83,"2.750.000 TL ⟪5.000.000 TL⟫ Getiri tutarı, gün sonundaki Günlük Kazandıran Hesabındaki",,,
tom_bank-63c06a2dc9b0-p028,0,tom_bank,HARCAMA_ESIGI,5.000 TL,"{""deger"": 5000.0, ""birim"": ""TRY""}",0.8,"ap toplamının, Günlük Kazandıran Hesap açılış alt limitinin ⟪5.000 TL⟫ altına düşmemesi koşulu aranacaktır. Dilersen, alt limit tu",,,
tom_bank-5c7f9e5d8164-p009,1,tom_bank,FINANSMAN_TUTARI,2.000 TL,"{""deger"": 2000.0, ""birim"": ""TRY""}",0.8,5 Eylül 2025'te Açılan ⟪2.000 TL⟫ Aylık %4.99 Kâr Oranı 12 ay Vadeli Taksitli Kredi İçin Örne,,,
tom_bank-5c7f9e5d8164-p010,1,tom_bank,FINANSMAN_TUTARI,2.000 TL,"{""deger"": 2000.0, ""birim"": ""TRY""}",0.8,5 Eylül 2025'te Açılan ⟪2.000 TL⟫ Aylık %4.99 Kâr Oranı 12 ay Vadeli Taksitli Kredi İçin Örne,,,
tom_bank-5c7f9e5d8164-p031,0,tom_bank,FINANSMAN_TUTARI,2.000 TL,"{""deger"": 2000.0, ""birim"": ""TRY""}",0.8,⟪2.000 TL⟫ tutarındaki Taksitli Alışveriş Kredisi Örnek Maliyet Tablos,,,
tom_bank-5c7f9e5d8164-p036,0,tom_bank,FINANSMAN_TUTARI,"2.951,08 TL","{""deger"": 2951.08, ""birim"": ""TRY""}",0.8,"11,50 TL ⟪2.951,08 TL⟫ *Banka kredi değerlendirme politikaları ve yasal kredi taks",,,
tom_bank-79805404e1d9-p016,0,tom_bank,FINANSMAN_TUTARI,1.000 TL,"{""deger"": 1000.0, ""birim"": ""TRY""}",0.8,"şini aylık %3,99’dan başlayan kar oranlarıyla yapabilirsin. ⟪1.000 TL⟫ baz alınarak 60 gün sonra ödemeli oluşturulan yukarıdaki Ve",,,
emlak_katilim-1dc4d6626254-p001,0,emlak_katilim,ODUL_MIKTARI,500 TL’ye varan,"{""deger"": 500.0, ""birim"": ""TRY"", ""sinir"": ""ust""}",0.83,"müşteri olanlar, ilk harcamalarının yarısı kadar, toplamda ⟪500 TL’ye varan⟫ nakit iade kazanıyor.",,,
emlak_katilim-1dc4d6626254-p003,2,emlak_katilim,ODUL_MIKTARI,500 TL’ye varan,"{""deger"": 500.0, ""birim"": ""TRY"", ""sinir"": ""ust""}",0.83,r gerçekleştirecekleri ilk harcamanın yarısı kadar toplamda ⟪500 TL’ye varan⟫ nakit iade kazanacaktır.,,,
emlak_katilim-1dc4d6626254-p007,0,emlak_katilim,ODUL_MIKTARI,500 TL,"{""deger"": 500.0, ""birim"": ""TRY""}",0.83,Kampanya müşteri bazındadır ve her müşteri en fazla ⟪500 TL⟫ nakit iade kazanabilir.,,,
emlak_katilim-5c451b4c074a-p004,0,emlak_katilim,KAMPANYA_SURESI,31.12.2026,"{""tarih"": ""2026-12-31""}",0.82,"Kampanya Koşulları Kampanya, ⟪31.12.2026⟫ tarihine kadar geçerlidir.",,,
emlak_katilim-e941e17ff154-p006,0,emlak_katilim,ALISVERIS_PUANI,2.000 TL ParafPara,"{""deger"": 2000.0, ""birim"": ""TRY""}",0.88,DETAYLI BİLGİ Uçak Bileti Harcamalarınıza ⟪2.000 TL ParafPara⟫!,,,
emlak_katilim-e941e17ff154-p007,0,emlak_katilim,ALISVERIS_PUANI,3.500 TL'ye varan ParafPara,"{""deger"": 3500.0, ""birim"": ""TRY"", ""sinir"": ""ust""}",0.88,DETAYLI BİLGİ Seyahat Alışverişlerinize ⟪3.500 TL'ye varan ParafPara⟫!,,,
emlak_katilim-e941e17ff154-p008,0,emlak_katilim,ALISVERIS_PUANI,400 TL ParafPara,"{""deger"": 400.0, ""birim"": ""TRY""}",0.88,DETAYLI BİLGİ Akaryakıt Harcamalarınıza ⟪400 TL ParafPara⟫!,,,
emlak_katilim-e941e17ff154-p009,0,emlak_katilim,ALISVERIS_PUANI,200 TL ParafPara,"{""deger"": 200.0, ""birim"": ""TRY""}",0.88,ETAYLI BİLGİ Elektrikli Araç Şarj İstasyonu Harcamalarınıza ⟪200 TL ParafPara⟫!,,,
emlak_katilim-e941e17ff154-p010,0,emlak_katilim,ALISVERIS_PUANI,5.000 TL'ye varan ParafPara,"{""deger"": 5000.0, ""birim"": ""TRY"", ""sinir"": ""ust""}",0.88,DETAYLI BİLGİ Beyaz Eşya ve Elektronik Alışverişlerinize ⟪5.000 TL'ye varan ParafPara⟫!,,,
emlak_katilim-e941e17ff154-p011,0,emlak_katilim,ALISVERIS_PUANI,1.250 TL'ye Varan ParafPara,"{""deger"": 1250.0, ""birim"": ""TRY"", ""sinir"": ""ust""}",0.88,"LI BİLGİ Mobilya, Dekorasyon ve Yapı Marketi Alışverişinize ⟪1.250 TL'ye Varan ParafPara⟫!",,,
emlak_katilim-e941e17ff154-p012,0,emlak_katilim,ALISVERIS_PUANI,800 TL ParafPara,"{""deger"": 800.0, ""birim"": ""TRY""}",0.88,DETAYLI BİLGİ Market Alışverişlerinize ⟪800 TL ParafPara⟫ Hediye!,,,
emlak_katilim-e941e17ff154-p013,0,emlak_katilim,ALISVERIS_PUANI,2.000 TL ParafPara,"{""deger"": 2000.0, ""birim"": ""TRY""}",0.88,DETAYLI BİLGİ Market Alışverişlerinize ⟪2.000 TL ParafPara⟫ Hediye!,,,
emlak_katilim-e941e17ff154-p014,0,emlak_katilim,ALISVERIS_PUANI,1.300 TL ParafPara,"{""deger"": 1300.0, ""birim"": ""TRY""}",0.88,DETAYLI BİLGİ Giyim ve Kozmetik Alışverişlerinize ⟪1.300 TL ParafPara⟫!,,,
emlak_katilim-e941e17ff154-p015,0,emlak_katilim,ALISVERIS_PUANI,2.500 TL ParafPara,"{""deger"": 2500.0, ""birim"": ""TRY""}",0.88,DETAYLI BİLGİ Giyim ve Kozmetik Alışverişlerinize ⟪2.500 TL ParafPara⟫!,,,
emlak_katilim-e941e17ff154-p016,0,emlak_katilim,ALISVERIS_PUANI,2.000 TL'ye varan ParafPara,"{""deger"": 2000.0, ""birim"": ""TRY"", ""sinir"": ""ust""}",0.88,DETAYLI BİLGİ Paraf ile Seçili E-Ticaret Alışverişlerinize ⟪2.000 TL'ye varan ParafPara⟫!,,,
emlak_katilim-e941e17ff154-p017,0,emlak_katilim,ALISVERIS_PUANI,1.500 TL'ye varan ParafPara,"{""deger"": 1500.0, ""birim"": ""TRY"", ""sinir"": ""ust""}",0.88,DETAYLI BİLGİ Paraf ile Seçili E-Ticaret Alışverişlerinize ⟪1.500 TL'ye varan ParafPara⟫!,,,
emlak_katilim-e941e17ff154-p023,1,emlak_katilim,ALISVERIS_PUANI,6.000 TL’ye varan ParafPara,"{""deger"": 6000.0, ""birim"": ""TRY"", ""sinir"": ""ust""}",0.88,LI BİLGİ Metatechtr’de Peşin Fiyatına 9 aya varan taksit ve ⟪6.000 TL’ye varan ParafPara⟫!,,,
emlak_katilim-e941e17ff154-p024,0,emlak_katilim,ALISVERIS_PUANI,2.000 TL ParafPara,"{""deger"": 2000.0, ""birim"": ""TRY""}",0.88,DETAYLI BİLGİ Paraf ile Damat Tween’de ⟪2.000 TL ParafPara⟫!,,,
emlak_katilim-e941e17ff154-p025,0,emlak_katilim,ALISVERIS_PUANI,1.000 TL ParafPara,"{""deger"": 1000.0, ""birim"": ""TRY""}",0.88,DETAYLI BİLGİ Paraf ile DS Damat’ta ⟪1.000 TL ParafPara⟫!,,,
emlak_katilim-e941e17ff154-p026,0,emlak_katilim,ALISVERIS_PUANI,1.000 TL ParafPara,"{""deger"": 1000.0, ""birim"": ""TRY""}",0.88,DETAYLI BİLGİ Paraf ile ADV mağazalarında ⟪1.000 TL ParafPara⟫,,,
emlak_katilim-87b3dbefd8ab-p004,0,emlak_katilim,KAMPANYA_SURESI,31.12.2026,"{""tarih"": ""2026-12-31""}",0.82,"Kampanya, ⟪31.12.2026⟫ tarihine kadar alınacak etkinlik biletlerinde geçerlidir.",,,
emlak_katilim-9758d96b3f2d-p003,0,emlak_katilim,KAMPANYA_SURESI,31.12.2026,"{""tarih"": ""2026-12-31""}",0.82,"Kampanya Koşulları Kampanya, ⟪31.12.2026⟫ tarihine kadar yapılacak harcamalarda ve 31.01.2027 teslim",,,
emlak_katilim-9758d96b3f2d-p003,1,emlak_katilim,KAMPANYA_SURESI,31.01.2027,"{""tarih"": ""2027-01-31""}",0.82,"mpanya, 31.12.2026 tarihine kadar yapılacak harcamalarda ve ⟪31.01.2027⟫ teslim tarihli araç kiralamalarda geçerlidir.",,,
emlak_katilim-7a6942e48007-p000,0,emlak_katilim,ALISVERIS_PUANI,1.000 TL ParafPara,"{""deger"": 1000.0, ""birim"": ""TRY""}",0.88,Paraf ile DS Damat’ta ⟪1.000 TL ParafPara⟫!,,,
emlak_katilim-7a6942e48007-p005,2,emlak_katilim,ALISVERIS_PUANI,1.000 TL ParafPara,"{""deger"": 1000.0, ""birim"": ""TRY""}",0.88,dan tek seferde yapılacak 20.000 TL ve üzeri ilk alışverişe ⟪1.000 TL ParafPara⟫ verilecektir.,,,
emlak_katilim-7a6942e48007-p006,0,emlak_katilim,ALISVERIS_PUANI,1.000 TL ParafPara,"{""deger"": 1000.0, ""birim"": ""TRY""}",0.88,Kampanya dönemi boyunca bir müşteri sadece bir kez ⟪1.000 TL ParafPara⟫ kazanabilecektir.,,,
emlak_katilim-b1b9c7b89e5e-p005,0,emlak_katilim,ALISVERIS_PUANI,5 puan,"{""deger"": 5.0, ""birim"": ""TRY""}",0.88,: Tüm bireysel finansman taleplerinde liste fiyatlarımızdan ⟪5 puan⟫ indirim ile finansman kullanabileceklerdir.,,,
emlak_katilim-b1b9c7b89e5e-p007,0,emlak_katilim,MASRAF_DURUMU,ücretsiz,"{""metin"": ""ücretsiz""}",0.7,zdan Havale-EFT-FAST (EFT Mesaj ücreti Hariç) işlemlerinizi ⟪ücretsiz⟫ olarak gerçekleştirebileceklerdir.,,,
emlak_katilim-63bca4dc681f-p003,0,emlak_katilim,ODUL_MIKTARI,00 TL,"{""deger"": 0.0, ""birim"": ""TRY""}",0.83,⟪00 TL⟫ indirime hak kazanmak için; kargo bedeli hariç sepet tutarı,,,
emlak_katilim-63bca4dc681f-p006,0,emlak_katilim,ODUL_MIKTARI,200 TL,"{""deger"": 200.0, ""birim"": ""TRY""}",0.83,⟪200 TL⟫ indirime hak kazanmak için; kargo bedeli hariç sepet tutarı,,,
emlak_katilim-9f610d9e8e64-p003,0,emlak_katilim,ODUL_MIKTARI,200 TL,"{""deger"": 200.0, ""birim"": ""TRY""}",0.83,⟪200 TL⟫ indirime hak kazanmak için; kargo bedeli hariç sepet tutarı,,,
emlak_katilim-9f610d9e8e64-p013,0,emlak_katilim,ODUL_MIKTARI,200 TL,"{""deger"": 200.0, ""birim"": ""TRY""}",0.83,"⟪200 TL⟫ indirime hak kazanabilmek için, kargo bedeli hariç sepet tu",,,
emlak_katilim-f7ad9853ddf7-p000,0,emlak_katilim,ALISVERIS_PUANI,2.000 TL ParafPara,"{""deger"": 2000.0, ""birim"": ""TRY""}",0.88,Paraf ile Damat Tween’de ⟪2.000 TL ParafPara⟫!,,,
emlak_katilim-f7ad9853ddf7-p005,2,emlak_katilim,ALISVERIS_PUANI,2.000 TL ParafPara,"{""deger"": 2000.0, ""birim"": ""TRY""}",0.88,dan tek seferde yapılacak 30.000 TL ve üzeri ilk alışverişe ⟪2.000 TL ParafPara⟫ verilecektir.,,,
emlak_katilim-f7ad9853ddf7-p006,0,emlak_katilim,ALISVERIS_PUANI,2.000 TL ParafPara,"{""deger"": 2000.0, ""birim"": ""TRY""}",0.88,Kampanya dönemi boyunca bir müşteri sadece bir kez ⟪2.000 TL ParafPara⟫ kazanabilecektir.,,,
emlak_katilim-c439e9abc615-p000,0,emlak_katilim,ALISVERIS_PUANI,400 TL ParafPara,"{""deger"": 400.0, ""birim"": ""TRY""}",0.88,Akaryakıt Harcamalarınıza ⟪400 TL ParafPara⟫!,,,
emlak_katilim-c439e9abc615-p006,1,emlak_katilim,ALISVERIS_PUANI,400 TL ParafPara,"{""deger"": 400.0, ""birim"": ""TRY""}",0.88,"eri ikinci ve dördüncü akaryakıt harcamasına 200 TL, toplam ⟪400 TL ParafPara⟫ verilecektir.",,,
emlak_katilim-c439e9abc615-p007,0,emlak_katilim,ALISVERIS_PUANI,400 TL ParafPara,"{""deger"": 400.0, ""birim"": ""TRY""}",0.88,"lup, bir müşteri kampanyaya bir kez katılabilir ve en fazla ⟪400 TL ParafPara⟫ kazanabilir.",,,
emlak_katilim-6ad8956d6c3e-p000,0,emlak_katilim,ALISVERIS_PUANI,2.000 TL ParafPara,"{""deger"": 2000.0, ""birim"": ""TRY""}",0.88,Uçak Bileti Harcamalarınıza ⟪2.000 TL ParafPara⟫!,,,
emlak_katilim-6ad8956d6c3e-p006,1,emlak_katilim,ALISVERIS_PUANI,2.000 TL ParafPara,"{""deger"": 2000.0, ""birim"": ""TRY""}",0.88,"k harcamaya 1.000 TL, 50.000 TL ve üzerindeki ilk harcamaya ⟪2.000 TL ParafPara⟫ verilecektir.",,,
emlak_katilim-6ad8956d6c3e-p007,0,emlak_katilim,ODUL_MIKTARI,400 TL,"{""deger"": 400.0, ""birim"": ""TRY""}",0.83,"adan bir defa yararlanabilir ve ilk alışveriş tutarına göre ⟪400 TL⟫, 1.000 TL ya da 2.000 TL ParafPara tutarından sadece birini",,,
emlak_katilim-6ad8956d6c3e-p007,1,emlak_katilim,ODUL_MIKTARI,1.000 TL,"{""deger"": 1000.0, ""birim"": ""TRY""}",0.83,"defa yararlanabilir ve ilk alışveriş tutarına göre 400 TL, ⟪1.000 TL⟫ ya da 2.000 TL ParafPara tutarından sadece birini kazanabil",,,
emlak_katilim-6ad8956d6c3e-p007,2,emlak_katilim,ALISVERIS_PUANI,2.000 TL ParafPara,"{""deger"": 2000.0, ""birim"": ""TRY""}",0.88,"bilir ve ilk alışveriş tutarına göre 400 TL, 1.000 TL ya da ⟪2.000 TL ParafPara⟫ tutarından sadece birini kazanabilir.",,,
emlak_katilim-c3870a2314fb-p000,0,emlak_katilim,ALISVERIS_PUANI,1.000 TL ParafPara,"{""deger"": 1000.0, ""birim"": ""TRY""}",0.88,Paraf ile ADV mağazalarında ⟪1.000 TL ParafPara⟫,,,
emlak_katilim-c3870a2314fb-p001,0,emlak_katilim,ALISVERIS_PUANI,1.000 TL ParafPara,"{""deger"": 1000.0, ""birim"": ""TRY""}",0.88,Paraf ile ADV Mağazalarında ⟪1.000 TL ParafPara⟫,,,
emlak_katilim-c3870a2314fb-p006,2,emlak_katilim,ALISVERIS_PUANI,1.000 TL ParafPara,"{""deger"": 1000.0, ""birim"": ""TRY""}",0.88,dan tek seferde yapılacak 10.000 TL ve üzeri ilk alışverişe ⟪1.000 TL ParafPara⟫ verilecektir.,,,
emlak_katilim-c3870a2314fb-p007,0,emlak_katilim,ALISVERIS_PUANI,1.000 TL ParafPara,"{""deger"": 1000.0, ""birim"": ""TRY""}",0.88,Kampanya dönemi boyunca bir müşteri sadece bir kez ⟪1.000 TL ParafPara⟫ kazanabilecektir.,,,
emlak_katilim-76c1fa2dba8f-p000,0,emlak_katilim,ALISVERIS_PUANI,800 TL ParafPara,"{""deger"": 800.0, ""birim"": ""TRY""}",0.88,Market Alışverişlerinize ⟪800 TL ParafPara⟫ Hediye!,,,
emlak_katilim-76c1fa2dba8f-p006,1,emlak_katilim,ALISVERIS_PUANI,700 TL ParafPara,"{""deger"": 700.0, ""birim"": ""TRY""}",0.88,"cak 7.500 TL ve üzeri her market harcamasına 350 TL, toplam ⟪700 TL ParafPara⟫ verilecektir. Üstelik mobil/QR ile ödemelerinize özel 7.500",,,
emlak_katilim-76c1fa2dba8f-p006,3,emlak_katilim,ALISVERIS_PUANI,800 TL ParafPara,"{""deger"": 800.0, ""birim"": ""TRY""}",0.88,"ze özel 7.500 TL ve üzeri her işleme ekstra 50 TL, toplamda ⟪800 TL ParafPara⟫ verilecektir.",,,
emlak_katilim-76c1fa2dba8f-p007,0,emlak_katilim,ALISVERIS_PUANI,800 TL ParafPara,"{""deger"": 800.0, ""birim"": ""TRY""}",0.88,"lup, bir müşteri kampanyaya bir kez katılabilir ve en fazla ⟪800 TL ParafPara⟫ kazanabilir.",,,
emlak_katilim-ee88d7a99db3-p000,0,emlak_katilim,ALISVERIS_PUANI,2.000 TL ParafPara,"{""deger"": 2000.0, ""birim"": ""TRY""}",0.88,Market Alışverişlerinize ⟪2.000 TL ParafPara⟫ Hediye!,,,
emlak_katilim-ee88d7a99db3-p006,1,emlak_katilim,ALISVERIS_PUANI,1.500 TL ParafPara,"{""deger"": 1500.0, ""birim"": ""TRY""}",0.88,"cak 2.500 TL ve üzeri her market harcamasına 150 TL, toplam ⟪1.500 TL ParafPara⟫ verilecektir. Üstelik mobil/QR ile ödemelerinize özel 2.500",,,
emlak_katilim-ee88d7a99db3-p006,3,emlak_katilim,ODUL_MIKTARI,50 TL,"{""deger"": 50.0, ""birim"": ""TRY""}",0.83,"ile ödemelerinize özel 2.500 TL ve üzeri her işleme ekstra ⟪50 TL⟫, toplamda 2.000 TL ParafPara kazanılabilecektir.",,,
emlak_katilim-ee88d7a99db3-p006,4,emlak_katilim,ALISVERIS_PUANI,2.000 TL ParafPara,"{""deger"": 2000.0, ""birim"": ""TRY""}",0.88,"ze özel 2.500 TL ve üzeri her işleme ekstra 50 TL, toplamda ⟪2.000 TL ParafPara⟫ kazanılabilecektir.",,,
emlak_katilim-ee88d7a99db3-p007,0,emlak_katilim,ALISVERIS_PUANI,2.000 TL ParafPara,"{""deger"": 2000.0, ""birim"": ""TRY""}",0.88,"lup, bir müşteri kampanyaya bir kez katılabilir ve en fazla ⟪2.000 TL ParafPara⟫ kazanabilir.",,,
emlak_katilim-13aa33af2240-p004,1,emlak_katilim,KAMPANYA_SURESI,31.12.2026,"{""tarih"": ""2026-12-31""}",0.82,nya Koşulları Liste fiyatı üzerinden %35 indirim kampanyası ⟪31.12.2026⟫ tarihine kadar Türkiye’deki tüm Enterprise ofislerinde onli,,,
emlak_katilim-93a97ac59bf2-p007,0,emlak_katilim,KAMPANYA_SURESI,31.12.2026,"{""tarih"": ""2026-12-31""}",0.82,Kampanya ⟪31.12.2026⟫ tarihine kadar geçerlidir.,,,
emlak_katilim-2f954d00a22b-p000,0,emlak_katilim,ALISVERIS_PUANI,3.500 TL'ye varan ParafPara,"{""deger"": 3500.0, ""birim"": ""TRY"", ""sinir"": ""ust""}",0.88,Seyahat Alışverişlerinize ⟪3.500 TL'ye varan ParafPara⟫!,,,
emlak_katilim-2f954d00a22b-p006,0,emlak_katilim,ALISVERIS_PUANI,3.500 TL ParafPara,"{""deger"": 3500.0, ""birim"": ""TRY""}",0.88,"aşan harcamanıza 1.750 TL, 150.000 TL'ye ulaşan harcamanıza ⟪3.500 TL ParafPara⟫ verilecektir.",,,
emlak_katilim-2f954d00a22b-p007,0,emlak_katilim,ALISVERIS_PUANI,3.500 TL ParafPara,"{""deger"": 3500.0, ""birim"": ""TRY""}",0.88,"lup, bir müşteri kampanyaya bir kez katılabilir ve en fazla ⟪3.500 TL ParafPara⟫ kazanabilir.",,,
emlak_katilim-dcf8fa7728be-p000,0,emlak_katilim,ALISVERIS_PUANI,2.500 TL ParafPara,"{""deger"": 2500.0, ""birim"": ""TRY""}",0.88,Giyim ve Kozmetik Alışverişlerinize ⟪2.500 TL ParafPara⟫!,,,
emlak_katilim-dcf8fa7728be-p005,1,emlak_katilim,ALISVERIS_PUANI,2.000 TL ParafPara,"{""deger"": 2000.0, ""birim"": ""TRY""}",0.88,"im, kozmetik, optik ve saat alışverişinize 200 TL, toplamda ⟪2.000 TL ParafPara⟫ verilecektir. Üstelik mobil/QR ile ödemelerinize özel 3.000",,,
emlak_katilim-dcf8fa7728be-p005,3,emlak_katilim,ODUL_MIKTARI,50 TL,"{""deger"": 50.0, ""birim"": ""TRY""}",0.83,"ile ödemelerinize özel 3.000 TL ve üzeri her işleme ekstra ⟪50 TL⟫, toplamda 2.500 TL ParafPara kazanılabilecektir.",,,
emlak_katilim-dcf8fa7728be-p005,4,emlak_katilim,ALISVERIS_PUANI,2.500 TL ParafPara,"{""deger"": 2500.0, ""birim"": ""TRY""}",0.88,"ze özel 3.000 TL ve üzeri her işleme ekstra 50 TL, toplamda ⟪2.500 TL ParafPara⟫ kazanılabilecektir.",,,
emlak_katilim-dcf8fa7728be-p006,0,emlak_katilim,ALISVERIS_PUANI,2.500 TL ParafPara,"{""deger"": 2500.0, ""birim"": ""TRY""}",0.88,"lup, bir müşteri kampanyaya bir kez katılabilir ve en fazla ⟪2.500 TL ParafPara⟫ kazanabilir.",,,
emlak_katilim-2e75b250edf1-p000,0,emlak_katilim,ALISVERIS_PUANI,1.300 TL ParafPara,"{""deger"": 1300.0, ""birim"": ""TRY""}",0.88,Giyim ve Kozmetik Alışverişlerinize ⟪1.300 TL ParafPara⟫!,,,
emlak_katilim-2e75b250edf1-p005,1,emlak_katilim,ALISVERIS_PUANI,1.250 TL ParafPara,"{""deger"": 1250.0, ""birim"": ""TRY""}",0.88,"ilk harcamaya 800 TL, 25.000 TL ve üzerindeki ilk harcamaya ⟪1.250 TL ParafPara⟫ verilecektir.Üstelik mobil/QR ile ödemelerinize özel ilk ha",,,
emlak_katilim-2e75b250edf1-p005,2,emlak_katilim,ODUL_MIKTARI,50 TL,"{""deger"": 50.0, ""birim"": ""TRY""}",0.83,"gi baremde işlem yapılırsa o baremdeki ödül tutarına ekstra ⟪50 TL⟫, toplamda 1.300 TL ParafPara kazanılabilecektir.",,,
emlak_katilim-2e75b250edf1-p005,3,emlak_katilim,ALISVERIS_PUANI,1.300 TL ParafPara,"{""deger"": 1300.0, ""birim"": ""TRY""}",0.88,"yapılırsa o baremdeki ödül tutarına ekstra 50 TL, toplamda ⟪1.300 TL ParafPara⟫ kazanılabilecektir.",,,
emlak_katilim-2e75b250edf1-p006,0,emlak_katilim,ALISVERIS_PUANI,1.300 TL ParafPara,"{""deger"": 1300.0, ""birim"": ""TRY""}",0.88,"lup, bir müşteri kampanyaya bir kez katılabilir ve en fazla ⟪1.300 TL ParafPara⟫ kazanabilir.",,,
emlak_katilim-6b8409c01352-p000,0,emlak_katilim,ALISVERIS_PUANI,200 TL ParafPara,"{""deger"": 200.0, ""birim"": ""TRY""}",0.88,Elektrikli Araç Şarj İstasyonu Harcamalarınıza ⟪200 TL ParafPara⟫!,,,
emlak_katilim-6b8409c01352-p001,0,emlak_katilim,ALISVERIS_PUANI,200 TL’ye Varan ParafPara,"{""deger"": 200.0, ""birim"": ""TRY"", ""sinir"": ""ust""}",0.88,Elektrikli Araç Şarj İstasyonu Harcamalarınıza ⟪200 TL’ye Varan ParafPara⟫!,,,
emlak_katilim-6b8409c01352-p007,1,emlak_katilim,ALISVERIS_PUANI,200 TL ParafPara,"{""deger"": 200.0, ""birim"": ""TRY""}",0.88,"k seferde yapılacak 250 TL ve üzeri harcamaya 50 TL, toplam ⟪200 TL ParafPara⟫ verilecektir.",,,
emlak_katilim-6b8409c01352-p008,0,emlak_katilim,ALISVERIS_PUANI,200 TL ParafPara,"{""deger"": 200.0, ""birim"": ""TRY""}",0.88,"lup, bir müşteri kampanyaya bir kez katılabilir ve en fazla ⟪200 TL ParafPara⟫ kazanabilir.",,,
emlak_katilim-269333f83868-p000,0,emlak_katilim,ALISVERIS_PUANI,5.000 TL'ye varan ParafPara,"{""deger"": 5000.0, ""birim"": ""TRY"", ""sinir"": ""ust""}",0.88,Beyaz Eşya ve Elektronik Alışverişlerinize ⟪5.000 TL'ye varan ParafPara⟫!,,,
emlak_katilim-269333f83868-p006,1,emlak_katilim,ALISVERIS_PUANI,5.000 TL ParafPara,"{""deger"": 5000.0, ""birim"": ""TRY""}",0.88,"i ilk harcamaya 3.500 TL, 150.000 TL ve üzeri ilk harcamaya ⟪5.000 TL ParafPara⟫ verilecektir.",,,
emlak_katilim-269333f83868-p007,0,emlak_katilim,ODUL_MIKTARI,750 TL,"{""deger"": 750.0, ""birim"": ""TRY""}",0.83,"adan bir defa yararlanabilir ve ilk alışveriş tutarına göre ⟪750 TL⟫, 1.500 TL, 3.500 ya da 5.000 TL ParafPara tutarından sadece",,,
emlak_katilim-269333f83868-p007,1,emlak_katilim,ODUL_MIKTARI,1.500 TL,"{""deger"": 1500.0, ""birim"": ""TRY""}",0.83,"defa yararlanabilir ve ilk alışveriş tutarına göre 750 TL, ⟪1.500 TL⟫, 3.500 ya da 5.000 TL ParafPara tutarından sadece birini ka",,,
emlak_katilim-269333f83868-p007,2,emlak_katilim,ALISVERIS_PUANI,5.000 TL ParafPara,"{""deger"": 5000.0, ""birim"": ""TRY""}",0.88,"e ilk alışveriş tutarına göre 750 TL, 1.500 TL, 3.500 ya da ⟪5.000 TL ParafPara⟫ tutarından sadece birini kazanabilir.",,,
emlak_katilim-472184ccb487-p000,0,emlak_katilim,ALISVERIS_PUANI,2.000 TL'ye varan ParafPara,"{""deger"": 2000.0, ""birim"": ""TRY"", ""sinir"": ""ust""}",0.88,Paraf ile Seçili E-Ticaret Alışverişlerinize ⟪2.000 TL'ye varan ParafPara⟫!,,,
emlak_katilim-472184ccb487-p006,1,emlak_katilim,ALISVERIS_PUANI,2.000 TL ParafPara,"{""deger"": 2000.0, ""birim"": ""TRY""}",0.88,"her 3.000 TL ve üzeri harcamaya 200 TL, toplamda ⟪2.000 TL ParafPara⟫",,,
emlak_katilim-472184ccb487-p008,0,emlak_katilim,ODUL_MIKTARI,2.000 TL,"{""deger"": 2000.0, ""birim"": ""TRY""}",0.83,müşterinin kampanya boyunca kazanabileceği ParafPara tutarı ⟪2.000 TL⟫ ile sınırlı olacaktır.,,,
emlak_katilim-3232273d80ea-p000,0,emlak_katilim,ALISVERIS_PUANI,1.500 TL'ye varan ParafPara,"{""deger"": 1500.0, ""birim"": ""TRY"", ""sinir"": ""ust""}",0.88,Paraf ile Seçili E-Ticaret Alışverişlerinize ⟪1.500 TL'ye varan ParafPara⟫!,,,
emlak_katilim-3232273d80ea-p006,1,emlak_katilim,ALISVERIS_PUANI,1.500 TL ParafPara,"{""deger"": 1500.0, ""birim"": ""TRY""}",0.88,30.000 TL ve üzeri ilk taksitli harcamaya ⟪1.500 TL ParafPara⟫,,,
emlak_katilim-3232273d80ea-p008,0,emlak_katilim,ALISVERIS_PUANI,1.500 TL ParafPara,"{""deger"": 1500.0, ""birim"": ""TRY""}",0.88,Bir müşteri kampanyadan bir defa yararlanabilir ve en fazla ⟪1.500 TL ParafPara⟫ kazanabilir.,,,
emlak_katilim-2e1682cfd166-p000,1,emlak_katilim,ALISVERIS_PUANI,6.000 TL’ye varan ParafPara,"{""deger"": 6000.0, ""birim"": ""TRY"", ""sinir"": ""ust""}",0.88,Metatechtr’de Peşin Fiyatına 9 aya varan taksit ve ⟪6.000 TL’ye varan ParafPara⟫!,,,
emlak_katilim-2e1682cfd166-p002,1,emlak_katilim,ALISVERIS_PUANI,6.000 TL ParafPara,"{""deger"": 6000.0, ""birim"": ""TRY""}",0.88,asında ise 3.000 TL; 100.000 TL ve üzeri alışverişinize ise ⟪6.000 TL ParafPara⟫ verilecektir.,,,
emlak_katilim-2e1682cfd166-p006,0,emlak_katilim,ALISVERIS_PUANI,6.000 TL ParafPara,"{""deger"": 6000.0, ""birim"": ""TRY""}",0.88,an ilk işlemi ile sadece bir kez yararlanabilir ve en fazla ⟪6.000 TL ParafPara⟫ kazanabilir.,,,
emlak_katilim-b67e1818be4d-p000,0,emlak_katilim,ALISVERIS_PUANI,1.250 TL'ye Varan ParafPara,"{""deger"": 1250.0, ""birim"": ""TRY"", ""sinir"": ""ust""}",0.88,"Mobilya, Dekorasyon ve Yapı Marketi Alışverişinize ⟪1.250 TL'ye Varan ParafPara⟫!",,,
emlak_katilim-b67e1818be4d-p005,1,emlak_katilim,ALISVERIS_PUANI,1.250 TL ParafPara,"{""deger"": 1250.0, ""birim"": ""TRY""}",0.88,"amaya 750 TL, 30.000 ile 74.999 TL arasındaki ilk harcamaya ⟪1.250 TL ParafPara⟫ verilecektir.",,,
emlak_katilim-b67e1818be4d-p006,0,emlak_katilim,ODUL_MIKTARI,750 TL,"{""deger"": 750.0, ""birim"": ""TRY""}",0.83,adan bir defa yararlanabilir ve ilk alışveriş tutarına göre ⟪750 TL⟫ ya da 1.250 TL ParafPara tutarından sadece birini kazanabil,,,
emlak_katilim-b67e1818be4d-p006,1,emlak_katilim,ALISVERIS_PUANI,1.250 TL ParafPara,"{""deger"": 1250.0, ""birim"": ""TRY""}",0.88,yararlanabilir ve ilk alışveriş tutarına göre 750 TL ya da ⟪1.250 TL ParafPara⟫ tutarından sadece birini kazanabilir.,,,
emlak_katilim-b67e1818be4d-p007,0,emlak_katilim,ALISVERIS_PUANI,1.250 TL ParafPara,"{""deger"": 1250.0, ""birim"": ""TRY""}",0.88,kampanyadan bir defa yararlanabilir ve kampanyadan en fazla ⟪1.250 TL ParafPara⟫ kazanabilir.,,,
emlak_katilim-764b7e38e82c-p008,0,emlak_katilim,VADE_SURESI,12 ay,"{""deger"": 12, ""birim"": ""ay""}",0.85,Finansman vadesi azami ⟪12 ay⟫ olarak uygulanmaktadır.,,,
turkiye_finans-8d5e15b03370-p009,0,turkiye_finans,HEDEF_KITLE,Kobi,"{""metin"": ""kobi""}",0.85,Bireysel ⟪Kobi⟫ Bireysel Finansman Desteği,,,
turkiye_finans-8d5e15b03370-p012,0,turkiye_finans,VADE_SURESI,12 ay,"{""deger"": 12, ""birim"": ""ay""}",0.85,Azami Oran Açıklama Güncelleme Tarihi Vade: 0-⟪12 ay⟫,,,
turkiye_finans-8d5e15b03370-p013,0,turkiye_finans,VADE_SURESI,24 ay,"{""deger"": 24, ""birim"": ""ay""}",0.85,Vade: 13-⟪24 ay⟫ Vade: 25-36 ay Vade: 37-48 ay,,,
turkiye_finans-8d5e15b03370-p013,1,turkiye_finans,VADE_SURESI,36 ay,"{""deger"": 36, ""birim"": ""ay""}",0.85,Vade: 13-24 ay Vade: 25-⟪36 ay⟫ Vade: 37-48 ay,,,
turkiye_finans-8d5e15b03370-p013,2,turkiye_finans,VADE_SURESI,48 ay,"{""deger"": 48, ""birim"": ""ay""}",0.85,Vade: 13-24 ay Vade: 25-36 ay Vade: 37-⟪48 ay⟫,,,
turkiye_finans-8d5e15b03370-p014,0,turkiye_finans,VADE_SURESI,60 ay,"{""deger"": 60, ""birim"": ""ay""}",0.85,Vade: 49-⟪60 ay⟫ Tahsis Ücreti Finansman Tahsis Ücreti hesaplamasına %15 BSM,,,
turkiye_finans-8d5e15b03370-p015,0,turkiye_finans,TAHSIS_UCRETI,17.568 TL,"{""deger"": 17568.0, ""birim"": ""TRY""}",0.85,Ekspertiz (Değerleme) Ücreti ⟪17.568 TL⟫ Her Ekspertiz işleminin maliyeti kadar müşteriden tahsilat,,,
turkiye_finans-8d5e15b03370-p021,0,turkiye_finans,VADE_SURESI,12 ay,"{""deger"": 12, ""birim"": ""ay""}",0.85,Azami Oran Açıklama Güncelleme Tarihi Vade: 0-⟪12 ay⟫,,,
turkiye_finans-8d5e15b03370-p022,0,turkiye_finans,VADE_SURESI,24 ay,"{""deger"": 24, ""birim"": ""ay""}",0.85,Vade: 13-⟪24 ay⟫ Vade: 25-36 ay Vade: 37-48 ay,,,
turkiye_finans-8d5e15b03370-p022,1,turkiye_finans,VADE_SURESI,36 ay,"{""deger"": 36, ""birim"": ""ay""}",0.85,Vade: 13-24 ay Vade: 25-⟪36 ay⟫ Vade: 37-48 ay,,,
turkiye_finans-8d5e15b03370-p022,2,turkiye_finans,VADE_SURESI,48 ay,"{""deger"": 48, ""birim"": ""ay""}",0.85,Vade: 13-24 ay Vade: 25-36 ay Vade: 37-⟪48 ay⟫,,,
turkiye_finans-8d5e15b03370-p023,0,turkiye_finans,VADE_SURESI,60 ay,"{""deger"": 60, ""birim"": ""ay""}",0.85,Vade: 49-⟪60 ay⟫ Vade: 61-72 ay Vade: 73-84 ay,,,
turkiye_finans-8d5e15b03370-p023,1,turkiye_finans,VADE_SURESI,72 ay,"{""deger"": 72, ""birim"": ""ay""}",0.85,Vade: 49-60 ay Vade: 61-⟪72 ay⟫ Vade: 73-84 ay,,,
turkiye_finans-8d5e15b03370-p023,2,turkiye_finans,VADE_SURESI,84 ay,"{""deger"": 84, ""birim"": ""ay""}",0.85,Vade: 49-60 ay Vade: 61-72 ay Vade: 73-⟪84 ay⟫,,,
turkiye_finans-8d5e15b03370-p025,0,turkiye_finans,TAHSIS_UCRETI,17.949 TL,"{""deger"": 17949.0, ""birim"": ""TRY""}",0.85,Ekspertiz (Değerleme) Ücreti ⟪17.949 TL⟫ Her Ekspertiz işleminin maliyeti kadar müşteriden tahsilat,,,
turkiye_finans-8d5e15b03370-p031,0,turkiye_finans,VADE_SURESI,12 ay,"{""deger"": 12, ""birim"": ""ay""}",0.85,Azami Oran Açıklama Güncelleme Tarihi Vade: 0-⟪12 ay⟫,,,
turkiye_finans-8d5e15b03370-p032,0,turkiye_finans,VADE_SURESI,24 ay,"{""deger"": 24, ""birim"": ""ay""}",0.85,Vade: 13-⟪24 ay⟫ Vade: 25-36 ay Vade: 37-48 ay,,,
turkiye_finans-8d5e15b03370-p032,1,turkiye_finans,VADE_SURESI,36 ay,"{""deger"": 36, ""birim"": ""ay""}",0.85,Vade: 13-24 ay Vade: 25-⟪36 ay⟫ Vade: 37-48 ay,,,
turkiye_finans-8d5e15b03370-p032,2,turkiye_finans,VADE_SURESI,48 ay,"{""deger"": 48, ""birim"": ""ay""}",0.85,Vade: 13-24 ay Vade: 25-36 ay Vade: 37-⟪48 ay⟫,,,
turkiye_finans-8d5e15b03370-p033,0,turkiye_finans,VADE_SURESI,60 ay,"{""deger"": 60, ""birim"": ""ay""}",0.85,Vade: 49-⟪60 ay⟫ Vade: 61-72 ay Vade: 73-84 ay,,,
turkiye_finans-8d5e15b03370-p033,1,turkiye_finans,VADE_SURESI,72 ay,"{""deger"": 72, ""birim"": ""ay""}",0.85,Vade: 49-60 ay Vade: 61-⟪72 ay⟫ Vade: 73-84 ay,,,
turkiye_finans-8d5e15b03370-p033,2,turkiye_finans,VADE_SURESI,84 ay,"{""deger"": 84, ""birim"": ""ay""}",0.85,Vade: 49-60 ay Vade: 61-72 ay Vade: 73-⟪84 ay⟫,,,
turkiye_finans-8d5e15b03370-p034,0,turkiye_finans,VADE_SURESI,96 ay,"{""deger"": 96, ""birim"": ""ay""}",0.85,Vade: 85-⟪96 ay⟫ Vade: 97-108 ay Vade: 109-120 ay,,,
turkiye_finans-8d5e15b03370-p034,1,turkiye_finans,VADE_SURESI,108 ay,"{""deger"": 108, ""birim"": ""ay""}",0.85,Vade: 85-96 ay Vade: 97-⟪108 ay⟫ Vade: 109-120 ay,,,
turkiye_finans-8d5e15b03370-p034,2,turkiye_finans,VADE_SURESI,120 ay,"{""deger"": 120, ""birim"": ""ay""}",0.85,Vade: 85-96 ay Vade: 97-108 ay Vade: 109-⟪120 ay⟫,,,
turkiye_finans-8d5e15b03370-p036,0,turkiye_finans,TAHSIS_UCRETI,16.500 TL,"{""deger"": 16500.0, ""birim"": ""TRY""}",0.85,Ekspertiz (Değerleme) Ücreti ⟪16.500 TL⟫ Her Ekspertiz işleminin maliyeti kadar müşteriden tahsilat,,,
turkiye_finans-8d5e15b03370-p042,0,turkiye_finans,VADE_SURESI,6 ay,"{""deger"": 6, ""birim"": ""ay""}",0.85,Azami Oran Açıklama Güncelleme Tarihi Vade: 0-⟪6 ay⟫,,,
turkiye_finans-8d5e15b03370-p043,0,turkiye_finans,VADE_SURESI,12 ay,"{""deger"": 12, ""birim"": ""ay""}",0.85,Vade: 7-⟪12 ay⟫ Vade: 13-24 ay Vade: 25-36 ay,,,
turkiye_finans-8d5e15b03370-p043,1,turkiye_finans,VADE_SURESI,24 ay,"{""deger"": 24, ""birim"": ""ay""}",0.85,Vade: 7-12 ay Vade: 13-⟪24 ay⟫ Vade: 25-36 ay,,,
turkiye_finans-8d5e15b03370-p043,2,turkiye_finans,VADE_SURESI,36 ay,"{""deger"": 36, ""birim"": ""ay""}",0.85,Vade: 7-12 ay Vade: 13-24 ay Vade: 25-⟪36 ay⟫,,,
turkiye_finans-8d5e15b03370-p047,0,turkiye_finans,VADE_SURESI,12 ay,"{""deger"": 12, ""birim"": ""ay""}",0.85,Açıklama Güncelleme Tarihi Vade: 0-⟪12 ay⟫ - Oran,,,
turkiye_finans-8d5e15b03370-p048,0,turkiye_finans,VADE_SURESI,24 ay,"{""deger"": 24, ""birim"": ""ay""}",0.85,Vade: 13-⟪24 ay⟫ - Oran Vade: 25-36 ay - Oran,,,
turkiye_finans-8d5e15b03370-p048,1,turkiye_finans,VADE_SURESI,36 ay,"{""deger"": 36, ""birim"": ""ay""}",0.85,Vade: 13-24 ay - Oran Vade: 25-⟪36 ay⟫ - Oran,,,
turkiye_finans-8d5e15b03370-p049,0,turkiye_finans,VADE_SURESI,48 ay,"{""deger"": 48, ""birim"": ""ay""}",0.85,Vade: 37-⟪48 ay⟫ - Oran Tahsis Ücreti Finansman Tahsis Ücreti hesaplamasına,,,
turkiye_finans-8d5e15b03370-p056,0,turkiye_finans,VADE_SURESI,12 ay,"{""deger"": 12, ""birim"": ""ay""}",0.85,Açıklama Güncelleme Tarihi Vade: 0-⟪12 ay⟫,,,
turkiye_finans-8d5e15b03370-p057,0,turkiye_finans,VADE_SURESI,24 ay,"{""deger"": 24, ""birim"": ""ay""}",0.85,Vade: 13-⟪24 ay⟫ Vade: 25-36 ay Vade: 37-48 ay,,,
turkiye_finans-8d5e15b03370-p057,1,turkiye_finans,VADE_SURESI,36 ay,"{""deger"": 36, ""birim"": ""ay""}",0.85,Vade: 13-24 ay Vade: 25-⟪36 ay⟫ Vade: 37-48 ay,,,
turkiye_finans-8d5e15b03370-p057,2,turkiye_finans,VADE_SURESI,48 ay,"{""deger"": 48, ""birim"": ""ay""}",0.85,Vade: 13-24 ay Vade: 25-36 ay Vade: 37-⟪48 ay⟫,,,
turkiye_finans-8d5e15b03370-p065,0,turkiye_finans,VADE_SURESI,12 ay,"{""deger"": 12, ""birim"": ""ay""}",0.85,Azami Oran Açıklama Güncelleme Tarihi Vade: 0-⟪12 ay⟫,,,
turkiye_finans-8d5e15b03370-p066,0,turkiye_finans,VADE_SURESI,24 ay,"{""deger"": 24, ""birim"": ""ay""}",0.85,Vade: 13-⟪24 ay⟫ Vade: 25-36 ay Vade: 37-48 ay,,,
turkiye_finans-8d5e15b03370-p066,1,turkiye_finans,VADE_SURESI,36 ay,"{""deger"": 36, ""birim"": ""ay""}",0.85,Vade: 13-24 ay Vade: 25-⟪36 ay⟫ Vade: 37-48 ay,,,
turkiye_finans-8d5e15b03370-p066,2,turkiye_finans,VADE_SURESI,48 ay,"{""deger"": 48, ""birim"": ""ay""}",0.85,Vade: 13-24 ay Vade: 25-36 ay Vade: 37-⟪48 ay⟫,,,
turkiye_finans-8d5e15b03370-p083,0,turkiye_finans,TAHSIS_UCRETI,87 TL,"{""deger"": 87.0, ""birim"": ""TRY""}",0.85,İşlem Ücreti 39.⟪87 TL⟫ 797.68 TL 0-8.300 TL'ye kadar sabit 39.87 TL,,,
turkiye_finans-8d5e15b03370-p083,1,turkiye_finans,TAHSIS_UCRETI,68 TL,"{""deger"": 68.0, ""birim"": ""TRY""}",0.85,İşlem Ücreti 39.87 TL 797.⟪68 TL⟫ 0-8.300 TL'ye kadar sabit 39.87 TL,,,
turkiye_finans-8d5e15b03370-p083,2,turkiye_finans,TAHSIS_UCRETI,8.300 TL,"{""deger"": 8300.0, ""birim"": ""TRY""}",0.85,İşlem Ücreti 39.87 TL 797.68 TL 0-⟪8.300 TL⟫'ye kadar sabit 39.87 TL,,,
turkiye_finans-8d5e15b03370-p083,3,turkiye_finans,TAHSIS_UCRETI,87 TL,"{""deger"": 87.0, ""birim"": ""TRY""}",0.85,şlem Ücreti 39.87 TL 797.68 TL 0-8.300 TL'ye kadar sabit 39.⟪87 TL⟫,,,
turkiye_finans-8d5e15b03370-p087,0,turkiye_finans,TAHSIS_UCRETI,97 TL,"{""deger"": 97.0, ""birim"": ""TRY""}",0.85,İşlem Ücreti 7.⟪97 TL⟫ 199.41 TL 0-8.300 TL'ye kadar sabit 7.97 TL,,,
turkiye_finans-8d5e15b03370-p087,1,turkiye_finans,TAHSIS_UCRETI,41 TL,"{""deger"": 41.0, ""birim"": ""TRY""}",0.85,İşlem Ücreti 7.97 TL 199.⟪41 TL⟫ 0-8.300 TL'ye kadar sabit 7.97 TL,,,
turkiye_finans-8d5e15b03370-p087,2,turkiye_finans,TAHSIS_UCRETI,8.300 TL,"{""deger"": 8300.0, ""birim"": ""TRY""}",0.85,İşlem Ücreti 7.97 TL 199.41 TL 0-⟪8.300 TL⟫'ye kadar sabit 7.97 TL,,,
turkiye_finans-8d5e15b03370-p087,3,turkiye_finans,TAHSIS_UCRETI,97 TL,"{""deger"": 97.0, ""birim"": ""TRY""}",0.85,İşlem Ücreti 7.97 TL 199.41 TL 0-8.300 TL'ye kadar sabit 7.⟪97 TL⟫,,,
turkiye_finans-8d5e15b03370-p092,0,turkiye_finans,TAHSIS_UCRETI,0 TL,"{""deger"": 0.0, ""birim"": ""TRY""}",0.85,İşlem Ücreti ⟪0 TL⟫ Çağrı Merkezi Masraf Asgari Tutar,,,
turkiye_finans-8d5e15b03370-p094,0,turkiye_finans,TAHSIS_UCRETI,87 TL,"{""deger"": 87.0, ""birim"": ""TRY""}",0.85,Güncelleme Tarihi İşlem Ücreti 39.⟪87 TL⟫ 797.68 TL,,,
turkiye_finans-8d5e15b03370-p094,1,turkiye_finans,TAHSIS_UCRETI,68 TL,"{""deger"": 68.0, ""birim"": ""TRY""}",0.85,Güncelleme Tarihi İşlem Ücreti 39.87 TL 797.⟪68 TL⟫,,,
turkiye_finans-8d5e15b03370-p099,0,turkiye_finans,TAHSIS_UCRETI,97 TL,"{""deger"": 97.0, ""birim"": ""TRY""}",0.85,Güncelleme Tarihi İşlem Ücreti 7.⟪97 TL⟫ 199.41 TL,,,
turkiye_finans-8d5e15b03370-p099,1,turkiye_finans,TAHSIS_UCRETI,41 TL,"{""deger"": 41.0, ""birim"": ""TRY""}",0.85,Güncelleme Tarihi İşlem Ücreti 7.97 TL 199.⟪41 TL⟫,,,
turkiye_finans-8d5e15b03370-p105,0,turkiye_finans,TAHSIS_UCRETI,0 TL,"{""deger"": 0.0, ""birim"": ""TRY""}",0.85,Güncelleme Tarihi İşlem Ücreti ⟪0 TL⟫ FAST (Fonların Anlık ve Sürekli Transferi),,,
turkiye_finans-8d5e15b03370-p113,0,turkiye_finans,TAHSIS_UCRETI,94 TL,"{""deger"": 94.0, ""birim"": ""TRY""}",0.85,Açıklama Güncelleme Tarihi İşlem Ücreti 19.⟪94 TL⟫,,,
turkiye_finans-8d5e15b03370-p118,0,turkiye_finans,TAHSIS_UCRETI,99 TL,"{""deger"": 99.0, ""birim"": ""TRY""}",0.85,İşlem Ücreti 3.⟪99 TL⟫ 99.71 TL 0-8.300 TL'ye kadar sabit 3.99 TL,,,
turkiye_finans-8d5e15b03370-p118,1,turkiye_finans,TAHSIS_UCRETI,71 TL,"{""deger"": 71.0, ""birim"": ""TRY""}",0.85,İşlem Ücreti 3.99 TL 99.⟪71 TL⟫ 0-8.300 TL'ye kadar sabit 3.99 TL,,,
turkiye_finans-8d5e15b03370-p118,2,turkiye_finans,TAHSIS_UCRETI,8.300 TL,"{""deger"": 8300.0, ""birim"": ""TRY""}",0.85,İşlem Ücreti 3.99 TL 99.71 TL 0-⟪8.300 TL⟫'ye kadar sabit 3.99 TL,,,
turkiye_finans-8d5e15b03370-p118,3,turkiye_finans,TAHSIS_UCRETI,99 TL,"{""deger"": 99.0, ""birim"": ""TRY""}",0.85,İşlem Ücreti 3.99 TL 99.71 TL 0-8.300 TL'ye kadar sabit 3.⟪99 TL⟫,,,
turkiye_finans-8d5e15b03370-p127,0,turkiye_finans,TAHSIS_UCRETI,94 TL,"{""deger"": 94.0, ""birim"": ""TRY""}",0.85,Güncelleme Tarihi İşlem Ücreti 19.⟪94 TL⟫ 398.84 TL,,,
turkiye_finans-8d5e15b03370-p127,1,turkiye_finans,TAHSIS_UCRETI,84 TL,"{""deger"": 84.0, ""birim"": ""TRY""}",0.85,Güncelleme Tarihi İşlem Ücreti 19.94 TL 398.⟪84 TL⟫,,,
turkiye_finans-8d5e15b03370-p132,0,turkiye_finans,TAHSIS_UCRETI,0 TL,"{""deger"": 0.0, ""birim"": ""TRY""}",0.85,İşlem Ücreti ⟪0 TL⟫ Çağrı Merkezi Masraf Asgari Tutar,,,
turkiye_finans-8d5e15b03370-p134,0,turkiye_finans,TAHSIS_UCRETI,94 TL,"{""deger"": 94.0, ""birim"": ""TRY""}",0.85,Güncelleme Tarihi İşlem Ücreti 19.⟪94 TL⟫ 398.84 TL,,,
turkiye_finans-8d5e15b03370-p134,1,turkiye_finans,TAHSIS_UCRETI,84 TL,"{""deger"": 84.0, ""birim"": ""TRY""}",0.85,Güncelleme Tarihi İşlem Ücreti 19.94 TL 398.⟪84 TL⟫,,,
turkiye_finans-8d5e15b03370-p139,0,turkiye_finans,TAHSIS_UCRETI,99 TL,"{""deger"": 99.0, ""birim"": ""TRY""}",0.85,Güncelleme Tarihi İşlem Ücreti 3.⟪99 TL⟫ 99.71 TL,,,
turkiye_finans-8d5e15b03370-p139,1,turkiye_finans,TAHSIS_UCRETI,71 TL,"{""deger"": 71.0, ""birim"": ""TRY""}",0.85,Güncelleme Tarihi İşlem Ücreti 3.99 TL 99.⟪71 TL⟫,,,
turkiye_finans-8d5e15b03370-p146,0,turkiye_finans,TAHSIS_UCRETI,0 TL,"{""deger"": 0.0, ""birim"": ""TRY""}",0.85,Güncelleme Tarihi İşlem Ücreti ⟪0 TL⟫ ATM Masraf,,,
turkiye_finans-8d5e15b03370-p198,0,turkiye_finans,ODUL_MIKTARI,20 TL,"{""deger"": 20.0, ""birim"": ""TRY""}",0.83,1.417.⟪20 TL⟫ BSMV dahildir. Happy Bonus Business Kart,,,
turkiye_finans-8d5e15b03370-p320,0,turkiye_finans,FINANSMAN_TUTARI,25.000 TL'ye kadar,"{""deger"": 25000.0, ""birim"": ""TRY"", ""sinir"": ""ust""}",0.88,"M'lerimizden (Yapı Kredi, Türkiye İş Bankası ve PTT) günlük ⟪25.000 TL'ye kadar⟫ para çekebilirsiniz. Bireysel Müşterilerimiz 10.000 TL, Ala",,,
turkiye_finans-8d5e15b03370-p365,0,turkiye_finans,KAMPANYA_SURESI,01.03.2021,"{""tarih"": ""2021-03-01""}",0.82,Açıklama Güncelleme Tarihi Finansman Erken Kapama Ücreti / (⟪01.03.2021⟫ Tarihinden Önce Kullandırılan Finansmanlarda),,,
turkiye_finans-8d5e15b03370-p369,0,turkiye_finans,KAMPANYA_SURESI,01.07.2024,"{""tarih"": ""2024-07-01""}",0.82,nansman Erken Kapama Ücreti – Sabit Kar Paylı Finansmanlar (⟪01.07.2024⟫ Tarihinden İtibaren Kullandırılan TL Finansmanlarda ve 01.0,,,
turkiye_finans-8d5e15b03370-p371,0,turkiye_finans,KAMPANYA_SURESI,06.01.2025,"{""tarih"": ""2025-01-06""}",0.82,nansman Erken Kapama Ücreti – Sabit Kar Paylı Finansmanlar (⟪06.01.2025⟫ Tarihinden İtibaren Kullandırılan Döviz Cinsi Finansmanlard,,,
turkiye_finans-8d5e15b03370-p487,0,turkiye_finans,FINANSMAN_TUTARI,25.000 TL'ye kadar,"{""deger"": 25000.0, ""birim"": ""TRY"", ""sinir"": ""ust""}",0.88,"M'lerimizden (Yapı Kredi, Türkiye İş Bankası ve PTT) günlük ⟪25.000 TL'ye kadar⟫ para çekebilirsiniz. Bireysel Müşterilerimiz 10.000 TL, Ala",,,
turkiye_finans-8d5e15b03370-p591,0,turkiye_finans,ODUL_MIKTARI,1.100 TL,"{""deger"": 1100.0, ""birim"": ""TRY""}",0.83,⟪1.100 TL⟫ BSMV hariçtir. Diğer Banka Çeki,,,
turkiye_finans-8d5e15b03370-p653,0,turkiye_finans,ODUL_MIKTARI,95 TL,"{""deger"": 95.0, ""birim"": ""TRY""}",0.83,Siftah Kart 1.554.⟪95 TL⟫ BSMV dahildir. Happy Bonus Business Kart Yıllık Üyelik Ücre,,,
turkiye_finans-8d5e15b03370-p656,0,turkiye_finans,ODUL_MIKTARI,95 TL,"{""deger"": 95.0, ""birim"": ""TRY""}",0.83,1.554.⟪95 TL⟫ BSMV dahildir. Happy Bonus Business Ek Kart Yıllık Üyelik Ü,,,
turkiye_finans-8d5e15b03370-p677,0,turkiye_finans,VADE_SURESI,12 Ay,"{""deger"": 12, ""birim"": ""ay""}",0.85,Azami Oran Açıklama Güncelleme Tarihi Vade 0-⟪12 Ay⟫ (12 ay dahil) TL,,,
turkiye_finans-8d5e15b03370-p677,1,turkiye_finans,VADE_SURESI,12 ay,"{""deger"": 12, ""birim"": ""ay""}",0.85,Azami Oran Açıklama Güncelleme Tarihi Vade 0-12 Ay (⟪12 ay⟫ dahil) TL,,,
turkiye_finans-8d5e15b03370-p678,0,turkiye_finans,VADE_SURESI,24 Ay,"{""deger"": 24, ""birim"": ""ay""}",0.85,Vade 12-⟪24 Ay⟫ TL Vade 24 Ay ve Üzeri TL Vade 0-12 Ay (12 ay dahil) USD&EU,,,
turkiye_finans-8d5e15b03370-p678,2,turkiye_finans,VADE_SURESI,12 Ay,"{""deger"": 12, ""birim"": ""ay""}",0.85,Vade 12-24 Ay TL Vade 24 Ay ve Üzeri TL Vade 0-⟪12 Ay⟫ (12 ay dahil) USD&EUR,,,
turkiye_finans-8d5e15b03370-p678,3,turkiye_finans,VADE_SURESI,12 ay,"{""deger"": 12, ""birim"": ""ay""}",0.85,Vade 12-24 Ay TL Vade 24 Ay ve Üzeri TL Vade 0-12 Ay (⟪12 ay⟫ dahil) USD&EUR,,,
turkiye_finans-8d5e15b03370-p679,0,turkiye_finans,VADE_SURESI,24 Ay,"{""deger"": 24, ""birim"": ""ay""}",0.85,Vade 12-⟪24 Ay⟫ USD&EUR Vade 24 Ay ve Üzeri USD&EUR,,,
turkiye_finans-8d5e15b03370-p682,0,turkiye_finans,VADE_SURESI,12 Ay,"{""deger"": 12, ""birim"": ""ay""}",0.85,Vade 0-⟪12 Ay⟫ (12 ay dahil) TL Vade 12-24 Ay TL,,,
turkiye_finans-8d5e15b03370-p682,1,turkiye_finans,VADE_SURESI,12 ay,"{""deger"": 12, ""birim"": ""ay""}",0.85,Vade 0-12 Ay (⟪12 ay⟫ dahil) TL Vade 12-24 Ay TL,,,
turkiye_finans-8d5e15b03370-p682,2,turkiye_finans,VADE_SURESI,24 Ay,"{""deger"": 24, ""birim"": ""ay""}",0.85,Vade 0-12 Ay (12 ay dahil) TL Vade 12-⟪24 Ay⟫ TL,,,
turkiye_finans-8d5e15b03370-p683,1,turkiye_finans,VADE_SURESI,12 Ay,"{""deger"": 12, ""birim"": ""ay""}",0.85,Vade 24 Ay ve Üzeri TL Vade 0-⟪12 Ay⟫ (12 ay dahil) USD&EUR,,,
turkiye_finans-8d5e15b03370-p683,2,turkiye_finans,VADE_SURESI,12 ay,"{""deger"": 12, ""birim"": ""ay""}",0.85,Vade 24 Ay ve Üzeri TL Vade 0-12 Ay (⟪12 ay⟫ dahil) USD&EUR,,,
turkiye_finans-8d5e15b03370-p684,0,turkiye_finans,VADE_SURESI,24 Ay,"{""deger"": 24, ""birim"": ""ay""}",0.85,Vade 12-⟪24 Ay⟫ USD&EUR Vade 24 Ay ve Üzeri USD&EUR,,,
turkiye_finans-8d5e15b03370-p687,0,turkiye_finans,VADE_SURESI,12 Ay,"{""deger"": 12, ""birim"": ""ay""}",0.85,Vade 0-⟪12 Ay⟫ (12 ay dahil) TL Vade 12-24 Ay TL,,,
turkiye_finans-8d5e15b03370-p687,1,turkiye_finans,VADE_SURESI,12 ay,"{""deger"": 12, ""birim"": ""ay""}",0.85,Vade 0-12 Ay (⟪12 ay⟫ dahil) TL Vade 12-24 Ay TL,,,
turkiye_finans-8d5e15b03370-p687,2,turkiye_finans,VADE_SURESI,24 Ay,"{""deger"": 24, ""birim"": ""ay""}",0.85,Vade 0-12 Ay (12 ay dahil) TL Vade 12-⟪24 Ay⟫ TL,,,
turkiye_finans-8d5e15b03370-p688,1,turkiye_finans,VADE_SURESI,12 Ay,"{""deger"": 12, ""birim"": ""ay""}",0.85,Vade 24 Ay ve Üzeri TL Vade 0-⟪12 Ay⟫ (12 ay dahil) USD&EUR,,,
turkiye_finans-8d5e15b03370-p688,2,turkiye_finans,VADE_SURESI,12 ay,"{""deger"": 12, ""birim"": ""ay""}",0.85,Vade 24 Ay ve Üzeri TL Vade 0-12 Ay (⟪12 ay⟫ dahil) USD&EUR,,,
turkiye_finans-8d5e15b03370-p689,0,turkiye_finans,VADE_SURESI,24 Ay,"{""deger"": 24, ""birim"": ""ay""}",0.85,Vade 12-⟪24 Ay⟫ USD&EUR Vade 24 Ay ve Üzeri USD&EUR,,,
turkiye_finans-8d5e15b03370-p692,0,turkiye_finans,VADE_SURESI,12 Ay,"{""deger"": 12, ""birim"": ""ay""}",0.85,Vade 0-⟪12 Ay⟫ (12 ay dahil) TL Vade 12-24 Ay TL,,,
turkiye_finans-8d5e15b03370-p692,1,turkiye_finans,VADE_SURESI,12 ay,"{""deger"": 12, ""birim"": ""ay""}",0.85,Vade 0-12 Ay (⟪12 ay⟫ dahil) TL Vade 12-24 Ay TL,,,
turkiye_finans-8d5e15b03370-p692,2,turkiye_finans,VADE_SURESI,24 Ay,"{""deger"": 24, ""birim"": ""ay""}",0.85,Vade 0-12 Ay (12 ay dahil) TL Vade 12-⟪24 Ay⟫ TL,,,
turkiye_finans-8d5e15b03370-p693,1,turkiye_finans,VADE_SURESI,12 Ay,"{""deger"": 12, ""birim"": ""ay""}",0.85,Vade 24 Ay ve Üzeri TL Vade 0-⟪12 Ay⟫ (12 ay dahil) USD&EUR,,,
turkiye_finans-8d5e15b03370-p693,2,turkiye_finans,VADE_SURESI,12 ay,"{""deger"": 12, ""birim"": ""ay""}",0.85,Vade 24 Ay ve Üzeri TL Vade 0-12 Ay (⟪12 ay⟫ dahil) USD&EUR,,,
turkiye_finans-8d5e15b03370-p694,0,turkiye_finans,VADE_SURESI,24 Ay,"{""deger"": 24, ""birim"": ""ay""}",0.85,Vade 12-⟪24 Ay⟫ USD&EUR Vade 24 Ay ve Üzeri USD&EUR,,,
turkiye_finans-8d5e15b03370-p697,0,turkiye_finans,VADE_SURESI,12 Ay,"{""deger"": 12, ""birim"": ""ay""}",0.85,Açıklama Güncelleme Tarihi Vade 0-⟪12 Ay⟫ (12 ay dahil) TL,,,
turkiye_finans-8d5e15b03370-p697,1,turkiye_finans,VADE_SURESI,12 ay,"{""deger"": 12, ""birim"": ""ay""}",0.85,Açıklama Güncelleme Tarihi Vade 0-12 Ay (⟪12 ay⟫ dahil) TL,,,
turkiye_finans-8d5e15b03370-p700,0,turkiye_finans,VADE_SURESI,12 Ay,"{""deger"": 12, ""birim"": ""ay""}",0.85,Azami Oran Açıklama Güncelleme Tarihi Vade 0-⟪12 Ay⟫ (12 ay dahil) TL,,,
turkiye_finans-8d5e15b03370-p700,1,turkiye_finans,VADE_SURESI,12 ay,"{""deger"": 12, ""birim"": ""ay""}",0.85,Azami Oran Açıklama Güncelleme Tarihi Vade 0-12 Ay (⟪12 ay⟫ dahil) TL,,,
turkiye_finans-8d5e15b03370-p701,0,turkiye_finans,VADE_SURESI,24 Ay,"{""deger"": 24, ""birim"": ""ay""}",0.85,Vade 12-⟪24 Ay⟫ TL Vade 24 Ay ve Üzeri TL Vade 0-12 Ay (12 ay dahil) USD&EU,,,
turkiye_finans-8d5e15b03370-p701,2,turkiye_finans,VADE_SURESI,12 Ay,"{""deger"": 12, ""birim"": ""ay""}",0.85,Vade 12-24 Ay TL Vade 24 Ay ve Üzeri TL Vade 0-⟪12 Ay⟫ (12 ay dahil) USD&EUR,,,
turkiye_finans-8d5e15b03370-p701,3,turkiye_finans,VADE_SURESI,12 ay,"{""deger"": 12, ""birim"": ""ay""}",0.85,Vade 12-24 Ay TL Vade 24 Ay ve Üzeri TL Vade 0-12 Ay (⟪12 ay⟫ dahil) USD&EUR,,,
turkiye_finans-8d5e15b03370-p702,0,turkiye_finans,VADE_SURESI,24 Ay,"{""deger"": 24, ""birim"": ""ay""}",0.85,Vade 12-⟪24 Ay⟫ USD&EUR Vade 24 ay ve Üzeri USD&EUR,,,
turkiye_finans-aaa57aeb4a4c-p010,0,turkiye_finans,VADE_SURESI,3 Ay,"{""deger"": 3, ""birim"": ""ay""}",0.85,⟪3 Ay⟫ (%) 6 Ay (%) 1 Yıl (%) 1 Yıldan Uzun Vade (%),,,
turkiye_finans-aaa57aeb4a4c-p010,1,turkiye_finans,VADE_SURESI,6 Ay,"{""deger"": 6, ""birim"": ""ay""}",0.85,3 Ay (%) ⟪6 Ay⟫ (%) 1 Yıl (%) 1 Yıldan Uzun Vade (%),,,
turkiye_finans-aaa57aeb4a4c-p010,2,turkiye_finans,VADE_SURESI,1 Yıl,"{""deger"": 12, ""birim"": ""ay""}",0.8,3 Ay (%) 6 Ay (%) ⟪1 Yıl⟫ (%) 1 Yıldan Uzun Vade (%),,,
turkiye_finans-aaa57aeb4a4c-p012,0,turkiye_finans,VADE_SURESI,1 Ay,"{""deger"": 1, ""birim"": ""ay""}",0.85,⟪1 Ay⟫ (%) 3 Ay (%) 6 Ay (%) 1 Yıl (%) 1 Yıldan Uzun Vade (%),,,
turkiye_finans-aaa57aeb4a4c-p012,1,turkiye_finans,VADE_SURESI,3 Ay,"{""deger"": 3, ""birim"": ""ay""}",0.85,1 Ay (%) ⟪3 Ay⟫ (%) 6 Ay (%) 1 Yıl (%) 1 Yıldan Uzun Vade (%),,,
turkiye_finans-aaa57aeb4a4c-p012,2,turkiye_finans,VADE_SURESI,6 Ay,"{""deger"": 6, ""birim"": ""ay""}",0.85,1 Ay (%) 3 Ay (%) ⟪6 Ay⟫ (%) 1 Yıl (%) 1 Yıldan Uzun Vade (%),,,
turkiye_finans-aaa57aeb4a4c-p012,3,turkiye_finans,VADE_SURESI,1 Yıl,"{""deger"": 12, ""birim"": ""ay""}",0.8,1 Ay (%) 3 Ay (%) 6 Ay (%) ⟪1 Yıl⟫ (%) 1 Yıldan Uzun Vade (%),,,
turkiye_finans-aaa57aeb4a4c-p014,0,turkiye_finans,VADE_SURESI,1 Yıl,"{""deger"": 12, ""birim"": ""ay""}",0.8,⟪1 Yıl⟫ (%) 1 Yıldan Uzun Vade (%) Tanışma Hesabı,,,
turkiye_finans-aaa57aeb4a4c-p015,0,turkiye_finans,VADE_SURESI,1 Ay,"{""deger"": 1, ""birim"": ""ay""}",0.85,⟪1 Ay⟫ (%) 3 Ay (%) 6 Ay (%) 1 Yıl (%) 1 Yıldan Uzun Vade (%),,,
turkiye_finans-aaa57aeb4a4c-p015,1,turkiye_finans,VADE_SURESI,3 Ay,"{""deger"": 3, ""birim"": ""ay""}",0.85,1 Ay (%) ⟪3 Ay⟫ (%) 6 Ay (%) 1 Yıl (%) 1 Yıldan Uzun Vade (%),,,
turkiye_finans-aaa57aeb4a4c-p015,2,turkiye_finans,VADE_SURESI,6 Ay,"{""deger"": 6, ""birim"": ""ay""}",0.85,1 Ay (%) 3 Ay (%) ⟪6 Ay⟫ (%) 1 Yıl (%) 1 Yıldan Uzun Vade (%),,,
turkiye_finans-aaa57aeb4a4c-p015,3,turkiye_finans,VADE_SURESI,1 Yıl,"{""deger"": 12, ""birim"": ""ay""}",0.8,1 Ay (%) 3 Ay (%) 6 Ay (%) ⟪1 Yıl⟫ (%) 1 Yıldan Uzun Vade (%),,,
turkiye_finans-aaa57aeb4a4c-p017,0,turkiye_finans,VADE_SURESI,1 Yıl,"{""deger"": 12, ""birim"": ""ay""}",0.8,⟪1 Yıl⟫ (%) 1 Yıldan Uzun Vade (%) Ara Dönem Kâr Payı Ödemeli Katıl,,,
turkiye_finans-aaa57aeb4a4c-p018,0,turkiye_finans,VADE_SURESI,1 Ay,"{""deger"": 1, ""birim"": ""ay""}",0.85,⟪1 Ay⟫ (%) 3 Ay (%) 6 Ay (%) 1 Yıl (%) 1 Yıldan Uzun Vade (%),,,
turkiye_finans-aaa57aeb4a4c-p018,1,turkiye_finans,VADE_SURESI,3 Ay,"{""deger"": 3, ""birim"": ""ay""}",0.85,1 Ay (%) ⟪3 Ay⟫ (%) 6 Ay (%) 1 Yıl (%) 1 Yıldan Uzun Vade (%),,,
turkiye_finans-aaa57aeb4a4c-p018,2,turkiye_finans,VADE_SURESI,6 Ay,"{""deger"": 6, ""birim"": ""ay""}",0.85,1 Ay (%) 3 Ay (%) ⟪6 Ay⟫ (%) 1 Yıl (%) 1 Yıldan Uzun Vade (%),,,
turkiye_finans-aaa57aeb4a4c-p018,3,turkiye_finans,VADE_SURESI,1 Yıl,"{""deger"": 12, ""birim"": ""ay""}",0.8,1 Ay (%) 3 Ay (%) 6 Ay (%) ⟪1 Yıl⟫ (%) 1 Yıldan Uzun Vade (%),,,
turkiye_finans-aaa57aeb4a4c-p020,0,turkiye_finans,VADE_SURESI,1 Yıl,"{""deger"": 12, ""birim"": ""ay""}",0.8,⟪1 Yıl⟫ (%) 1 Yıldan Uzun Vade (%) Tanışma Hesabı,,,
turkiye_finans-aaa57aeb4a4c-p021,0,turkiye_finans,VADE_SURESI,1 Ay,"{""deger"": 1, ""birim"": ""ay""}",0.85,⟪1 Ay⟫ (%) 3 Ay (%) 6 Ay (%) 1 Yıl (%) 1 Yıldan Uzun Vade (%),,,
turkiye_finans-aaa57aeb4a4c-p021,1,turkiye_finans,VADE_SURESI,3 Ay,"{""deger"": 3, ""birim"": ""ay""}",0.85,1 Ay (%) ⟪3 Ay⟫ (%) 6 Ay (%) 1 Yıl (%) 1 Yıldan Uzun Vade (%),,,
turkiye_finans-aaa57aeb4a4c-p021,2,turkiye_finans,VADE_SURESI,6 Ay,"{""deger"": 6, ""birim"": ""ay""}",0.85,1 Ay (%) 3 Ay (%) ⟪6 Ay⟫ (%) 1 Yıl (%) 1 Yıldan Uzun Vade (%),,,
turkiye_finans-aaa57aeb4a4c-p021,3,turkiye_finans,VADE_SURESI,1 Yıl,"{""deger"": 12, ""birim"": ""ay""}",0.8,1 Ay (%) 3 Ay (%) 6 Ay (%) ⟪1 Yıl⟫ (%) 1 Yıldan Uzun Vade (%),,,
turkiye_finans-aaa57aeb4a4c-p023,0,turkiye_finans,VADE_SURESI,1 Yıl,"{""deger"": 12, ""birim"": ""ay""}",0.8,⟪1 Yıl⟫ (%) 1 Yıldan Uzun Vade (%) Ara Dönem Kâr Payı Ödemeli Katıl,,,
turkiye_finans-aaa57aeb4a4c-p024,0,turkiye_finans,VADE_SURESI,1 Ay,"{""deger"": 1, ""birim"": ""ay""}",0.85,⟪1 Ay⟫ (%) 3 Ay (%) 6 Ay (%) 1 Yıl (%) 1 Yıldan Uzun Vade (%),,,
turkiye_finans-aaa57aeb4a4c-p024,1,turkiye_finans,VADE_SURESI,3 Ay,"{""deger"": 3, ""birim"": ""ay""}",0.85,1 Ay (%) ⟪3 Ay⟫ (%) 6 Ay (%) 1 Yıl (%) 1 Yıldan Uzun Vade (%),,,
turkiye_finans-aaa57aeb4a4c-p024,2,turkiye_finans,VADE_SURESI,6 Ay,"{""deger"": 6, ""birim"": ""ay""}",0.85,1 Ay (%) 3 Ay (%) ⟪6 Ay⟫ (%) 1 Yıl (%) 1 Yıldan Uzun Vade (%),,,
turkiye_finans-aaa57aeb4a4c-p024,3,turkiye_finans,VADE_SURESI,1 Yıl,"{""deger"": 12, ""birim"": ""ay""}",0.8,1 Ay (%) 3 Ay (%) 6 Ay (%) ⟪1 Yıl⟫ (%) 1 Yıldan Uzun Vade (%),,,
turkiye_finans-aaa57aeb4a4c-p026,0,turkiye_finans,VADE_SURESI,1 Yıl,"{""deger"": 12, ""birim"": ""ay""}",0.8,⟪1 Yıl⟫ (%) 1 Yıldan Uzun Vade (%) Tanışma Hesabı,,,
turkiye_finans-aaa57aeb4a4c-p027,0,turkiye_finans,VADE_SURESI,1 Ay,"{""deger"": 1, ""birim"": ""ay""}",0.85,⟪1 Ay⟫ (%) 3 Ay (%) 6 Ay (%) 1 Yıl (%) 1 Yıldan Uzun Vade (%),,,
turkiye_finans-aaa57aeb4a4c-p027,1,turkiye_finans,VADE_SURESI,3 Ay,"{""deger"": 3, ""birim"": ""ay""}",0.85,1 Ay (%) ⟪3 Ay⟫ (%) 6 Ay (%) 1 Yıl (%) 1 Yıldan Uzun Vade (%),,,
turkiye_finans-aaa57aeb4a4c-p027,2,turkiye_finans,VADE_SURESI,6 Ay,"{""deger"": 6, ""birim"": ""ay""}",0.85,1 Ay (%) 3 Ay (%) ⟪6 Ay⟫ (%) 1 Yıl (%) 1 Yıldan Uzun Vade (%),,,
turkiye_finans-aaa57aeb4a4c-p027,3,turkiye_finans,VADE_SURESI,1 Yıl,"{""deger"": 12, ""birim"": ""ay""}",0.8,1 Ay (%) 3 Ay (%) 6 Ay (%) ⟪1 Yıl⟫ (%) 1 Yıldan Uzun Vade (%),,,
turkiye_finans-aaa57aeb4a4c-p029,0,turkiye_finans,VADE_SURESI,1 Yıl,"{""deger"": 12, ""birim"": ""ay""}",0.8,⟪1 Yıl⟫ (%) 1 Yıldan Uzun Vade (%) 50 gr. Ara Dönem Kâr Payı Ödemel,,,
turkiye_finans-aaa57aeb4a4c-p030,0,turkiye_finans,VADE_SURESI,1 Ay,"{""deger"": 1, ""birim"": ""ay""}",0.85,⟪1 Ay⟫ (%) 3 Ay (%) 6 Ay (%) 1 Yıl (%) 1 Yıldan Uzun Vade (%),,,
turkiye_finans-aaa57aeb4a4c-p030,1,turkiye_finans,VADE_SURESI,3 Ay,"{""deger"": 3, ""birim"": ""ay""}",0.85,1 Ay (%) ⟪3 Ay⟫ (%) 6 Ay (%) 1 Yıl (%) 1 Yıldan Uzun Vade (%),,,
turkiye_finans-aaa57aeb4a4c-p030,2,turkiye_finans,VADE_SURESI,6 Ay,"{""deger"": 6, ""birim"": ""ay""}",0.85,1 Ay (%) 3 Ay (%) ⟪6 Ay⟫ (%) 1 Yıl (%) 1 Yıldan Uzun Vade (%),,,
turkiye_finans-aaa57aeb4a4c-p030,3,turkiye_finans,VADE_SURESI,1 Yıl,"{""deger"": 12, ""birim"": ""ay""}",0.8,1 Ay (%) 3 Ay (%) 6 Ay (%) ⟪1 Yıl⟫ (%) 1 Yıldan Uzun Vade (%),,,
turkiye_finans-aaa57aeb4a4c-p032,0,turkiye_finans,VADE_SURESI,1 Yıl,"{""deger"": 12, ""birim"": ""ay""}",0.8,⟪1 Yıl⟫ (%) 1 Yıldan Uzun Vade (%) 50 gr. Tanışma Hesabı,,,
turkiye_finans-aaa57aeb4a4c-p033,0,turkiye_finans,VADE_SURESI,1 Ay,"{""deger"": 1, ""birim"": ""ay""}",0.85,⟪1 Ay⟫ (%) 3 Ay (%) 6 Ay (%) 1 Yıl (%) 1 Yıldan Uzun Vade (%),,,
turkiye_finans-aaa57aeb4a4c-p033,1,turkiye_finans,VADE_SURESI,3 Ay,"{""deger"": 3, ""birim"": ""ay""}",0.85,1 Ay (%) ⟪3 Ay⟫ (%) 6 Ay (%) 1 Yıl (%) 1 Yıldan Uzun Vade (%),,,
turkiye_finans-aaa57aeb4a4c-p033,2,turkiye_finans,VADE_SURESI,6 Ay,"{""deger"": 6, ""birim"": ""ay""}",0.85,1 Ay (%) 3 Ay (%) ⟪6 Ay⟫ (%) 1 Yıl (%) 1 Yıldan Uzun Vade (%),,,
turkiye_finans-aaa57aeb4a4c-p033,3,turkiye_finans,VADE_SURESI,1 Yıl,"{""deger"": 12, ""birim"": ""ay""}",0.8,1 Ay (%) 3 Ay (%) 6 Ay (%) ⟪1 Yıl⟫ (%) 1 Yıldan Uzun Vade (%),,,
turkiye_finans-aaa57aeb4a4c-p035,0,turkiye_finans,VADE_SURESI,1 Yıl,"{""deger"": 12, ""birim"": ""ay""}",0.8,"⟪1 Yıl⟫ (%) 1 Yıldan Uzun Vade (%) 5,000 gr.",,,
turkiye_finans-aaa57aeb4a4c-p037,0,turkiye_finans,VADE_SURESI,1 Ay,"{""deger"": 1, ""birim"": ""ay""}",0.85,⟪1 Ay⟫ (%) 3 Ay (%) 6 Ay (%) 1 Yıl (%) 1 Yıldan Uzun Vade (%),,,
turkiye_finans-aaa57aeb4a4c-p037,1,turkiye_finans,VADE_SURESI,3 Ay,"{""deger"": 3, ""birim"": ""ay""}",0.85,1 Ay (%) ⟪3 Ay⟫ (%) 6 Ay (%) 1 Yıl (%) 1 Yıldan Uzun Vade (%),,,
turkiye_finans-aaa57aeb4a4c-p037,2,turkiye_finans,VADE_SURESI,6 Ay,"{""deger"": 6, ""birim"": ""ay""}",0.85,1 Ay (%) 3 Ay (%) ⟪6 Ay⟫ (%) 1 Yıl (%) 1 Yıldan Uzun Vade (%),,,
turkiye_finans-aaa57aeb4a4c-p037,3,turkiye_finans,VADE_SURESI,1 Yıl,"{""deger"": 12, ""birim"": ""ay""}",0.8,1 Ay (%) 3 Ay (%) 6 Ay (%) ⟪1 Yıl⟫ (%) 1 Yıldan Uzun Vade (%),,,
turkiye_finans-aaa57aeb4a4c-p039,0,turkiye_finans,VADE_SURESI,1 Yıl,"{""deger"": 12, ""birim"": ""ay""}",0.8,"⟪1 Yıl⟫ (%) 1 Yıldan Uzun Vade (%) 5,000 gr.",,,
turkiye_finans-aaa57aeb4a4c-p041,0,turkiye_finans,VADE_SURESI,1 Yıl,"{""deger"": 12, ""birim"": ""ay""}",0.8,⟪1 Yıl⟫ (%) 1 Yıldan Uzun Vade (%) 1 Ay = 31 Gün,,,
turkiye_finans-aaa57aeb4a4c-p041,1,turkiye_finans,VADE_SURESI,1 Ay,"{""deger"": 1, ""birim"": ""ay""}",0.85,1 Yıl (%) 1 Yıldan Uzun Vade (%) ⟪1 Ay⟫ = 31 Gün,,,
turkiye_finans-2bbe5ca21c31-p010,0,turkiye_finans,VADE_SURESI,3 Ay,"{""deger"": 3, ""birim"": ""ay""}",0.85,⟪3 Ay⟫ (%) 6 Ay (%) 1 Yıl (%) 1 Yıldan Uzun Vade (%),,,
turkiye_finans-2bbe5ca21c31-p010,1,turkiye_finans,VADE_SURESI,6 Ay,"{""deger"": 6, ""birim"": ""ay""}",0.85,3 Ay (%) ⟪6 Ay⟫ (%) 1 Yıl (%) 1 Yıldan Uzun Vade (%),,,
turkiye_finans-2bbe5ca21c31-p010,2,turkiye_finans,VADE_SURESI,1 Yıl,"{""deger"": 12, ""birim"": ""ay""}",0.8,3 Ay (%) 6 Ay (%) ⟪1 Yıl⟫ (%) 1 Yıldan Uzun Vade (%),,,
turkiye_finans-2bbe5ca21c31-p012,0,turkiye_finans,VADE_SURESI,1 Ay,"{""deger"": 1, ""birim"": ""ay""}",0.85,⟪1 Ay⟫ (%) 3 Ay (%) 6 Ay (%) 1 Yıl (%) 1 Yıldan Uzun Vade (%),,,
turkiye_finans-2bbe5ca21c31-p012,1,turkiye_finans,VADE_SURESI,3 Ay,"{""deger"": 3, ""birim"": ""ay""}",0.85,1 Ay (%) ⟪3 Ay⟫ (%) 6 Ay (%) 1 Yıl (%) 1 Yıldan Uzun Vade (%),,,
turkiye_finans-2bbe5ca21c31-p012,2,turkiye_finans,VADE_SURESI,6 Ay,"{""deger"": 6, ""birim"": ""ay""}",0.85,1 Ay (%) 3 Ay (%) ⟪6 Ay⟫ (%) 1 Yıl (%) 1 Yıldan Uzun Vade (%),,,
turkiye_finans-2bbe5ca21c31-p012,3,turkiye_finans,VADE_SURESI,1 Yıl,"{""deger"": 12, ""birim"": ""ay""}",0.8,1 Ay (%) 3 Ay (%) 6 Ay (%) ⟪1 Yıl⟫ (%) 1 Yıldan Uzun Vade (%),,,
turkiye_finans-2bbe5ca21c31-p014,0,turkiye_finans,VADE_SURESI,1 Yıl,"{""deger"": 12, ""birim"": ""ay""}",0.8,⟪1 Yıl⟫ (%) 1 Yıldan Uzun Vade (%) Tanışma Hesabı,,,
turkiye_finans-2bbe5ca21c31-p015,0,turkiye_finans,VADE_SURESI,1 Ay,"{""deger"": 1, ""birim"": ""ay""}",0.85,⟪1 Ay⟫ (%) 3 Ay (%) 6 Ay (%) 1 Yıl (%) 1 Yıldan Uzun Vade (%),,,
turkiye_finans-2bbe5ca21c31-p015,1,turkiye_finans,VADE_SURESI,3 Ay,"{""deger"": 3, ""birim"": ""ay""}",0.85,1 Ay (%) ⟪3 Ay⟫ (%) 6 Ay (%) 1 Yıl (%) 1 Yıldan Uzun Vade (%),,,
turkiye_finans-2bbe5ca21c31-p015,2,turkiye_finans,VADE_SURESI,6 Ay,"{""deger"": 6, ""birim"": ""ay""}",0.85,1 Ay (%) 3 Ay (%) ⟪6 Ay⟫ (%) 1 Yıl (%) 1 Yıldan Uzun Vade (%),,,
turkiye_finans-2bbe5ca21c31-p015,3,turkiye_finans,VADE_SURESI,1 Yıl,"{""deger"": 12, ""birim"": ""ay""}",0.8,1 Ay (%) 3 Ay (%) 6 Ay (%) ⟪1 Yıl⟫ (%) 1 Yıldan Uzun Vade (%),,,
turkiye_finans-2bbe5ca21c31-p017,0,turkiye_finans,VADE_SURESI,1 Yıl,"{""deger"": 12, ""birim"": ""ay""}",0.8,⟪1 Yıl⟫ (%) 1 Yıldan Uzun Vade (%) Ara Dönem Kâr Payı Ödemeli Katıl,,,
turkiye_finans-2bbe5ca21c31-p018,0,turkiye_finans,VADE_SURESI,1 Ay,"{""deger"": 1, ""birim"": ""ay""}",0.85,⟪1 Ay⟫ (%) 3 Ay (%) 6 Ay (%) 1 Yıl (%) 1 Yıldan Uzun Vade (%),,,
turkiye_finans-2bbe5ca21c31-p018,1,turkiye_finans,VADE_SURESI,3 Ay,"{""deger"": 3, ""birim"": ""ay""}",0.85,1 Ay (%) ⟪3 Ay⟫ (%) 6 Ay (%) 1 Yıl (%) 1 Yıldan Uzun Vade (%),,,
turkiye_finans-2bbe5ca21c31-p018,2,turkiye_finans,VADE_SURESI,6 Ay,"{""deger"": 6, ""birim"": ""ay""}",0.85,1 Ay (%) 3 Ay (%) ⟪6 Ay⟫ (%) 1 Yıl (%) 1 Yıldan Uzun Vade (%),,,
turkiye_finans-2bbe5ca21c31-p018,3,turkiye_finans,VADE_SURESI,1 Yıl,"{""deger"": 12, ""birim"": ""ay""}",0.8,1 Ay (%) 3 Ay (%) 6 Ay (%) ⟪1 Yıl⟫ (%) 1 Yıldan Uzun Vade (%),,,
turkiye_finans-2bbe5ca21c31-p020,0,turkiye_finans,VADE_SURESI,1 Yıl,"{""deger"": 12, ""birim"": ""ay""}",0.8,⟪1 Yıl⟫ (%) 1 Yıldan Uzun Vade (%) Tanışma Hesabı,,,
turkiye_finans-2bbe5ca21c31-p021,0,turkiye_finans,VADE_SURESI,1 Ay,"{""deger"": 1, ""birim"": ""ay""}",0.85,⟪1 Ay⟫ (%) 3 Ay (%) 6 Ay (%) 1 Yıl (%) 1 Yıldan Uzun Vade (%),,,
turkiye_finans-2bbe5ca21c31-p021,1,turkiye_finans,VADE_SURESI,3 Ay,"{""deger"": 3, ""birim"": ""ay""}",0.85,1 Ay (%) ⟪3 Ay⟫ (%) 6 Ay (%) 1 Yıl (%) 1 Yıldan Uzun Vade (%),,,
turkiye_finans-2bbe5ca21c31-p021,2,turkiye_finans,VADE_SURESI,6 Ay,"{""deger"": 6, ""birim"": ""ay""}",0.85,1 Ay (%) 3 Ay (%) ⟪6 Ay⟫ (%) 1 Yıl (%) 1 Yıldan Uzun Vade (%),,,
turkiye_finans-2bbe5ca21c31-p021,3,turkiye_finans,VADE_SURESI,1 Yıl,"{""deger"": 12, ""birim"": ""ay""}",0.8,1 Ay (%) 3 Ay (%) 6 Ay (%) ⟪1 Yıl⟫ (%) 1 Yıldan Uzun Vade (%),,,
turkiye_finans-2bbe5ca21c31-p023,0,turkiye_finans,VADE_SURESI,1 Yıl,"{""deger"": 12, ""birim"": ""ay""}",0.8,⟪1 Yıl⟫ (%) 1 Yıldan Uzun Vade (%) Ara Dönem Kâr Payı Ödemeli Katıl,,,
turkiye_finans-2bbe5ca21c31-p024,0,turkiye_finans,VADE_SURESI,1 Ay,"{""deger"": 1, ""birim"": ""ay""}",0.85,⟪1 Ay⟫ (%) 3 Ay (%) 6 Ay (%) 1 Yıl (%) 1 Yıldan Uzun Vade (%),,,
turkiye_finans-2bbe5ca21c31-p024,1,turkiye_finans,VADE_SURESI,3 Ay,"{""deger"": 3, ""birim"": ""ay""}",0.85,1 Ay (%) ⟪3 Ay⟫ (%) 6 Ay (%) 1 Yıl (%) 1 Yıldan Uzun Vade (%),,,
turkiye_finans-2bbe5ca21c31-p024,2,turkiye_finans,VADE_SURESI,6 Ay,"{""deger"": 6, ""birim"": ""ay""}",0.85,1 Ay (%) 3 Ay (%) ⟪6 Ay⟫ (%) 1 Yıl (%) 1 Yıldan Uzun Vade (%),,,
turkiye_finans-2bbe5ca21c31-p024,3,turkiye_finans,VADE_SURESI,1 Yıl,"{""deger"": 12, ""birim"": ""ay""}",0.8,1 Ay (%) 3 Ay (%) 6 Ay (%) ⟪1 Yıl⟫ (%) 1 Yıldan Uzun Vade (%),,,
turkiye_finans-2bbe5ca21c31-p026,0,turkiye_finans,VADE_SURESI,1 Yıl,"{""deger"": 12, ""birim"": ""ay""}",0.8,⟪1 Yıl⟫ (%) 1 Yıldan Uzun Vade (%) Tanışma Hesabı,,,
turkiye_finans-2bbe5ca21c31-p027,0,turkiye_finans,VADE_SURESI,1 Ay,"{""deger"": 1, ""birim"": ""ay""}",0.85,⟪1 Ay⟫ (%) 3 Ay (%) 6 Ay (%) 1 Yıl (%) 1 Yıldan Uzun Vade (%),,,
turkiye_finans-2bbe5ca21c31-p027,1,turkiye_finans,VADE_SURESI,3 Ay,"{""deger"": 3, ""birim"": ""ay""}",0.85,1 Ay (%) ⟪3 Ay⟫ (%) 6 Ay (%) 1 Yıl (%) 1 Yıldan Uzun Vade (%),,,
turkiye_finans-2bbe5ca21c31-p027,2,turkiye_finans,VADE_SURESI,6 Ay,"{""deger"": 6, ""birim"": ""ay""}",0.85,1 Ay (%) 3 Ay (%) ⟪6 Ay⟫ (%) 1 Yıl (%) 1 Yıldan Uzun Vade (%),,,
turkiye_finans-2bbe5ca21c31-p027,3,turkiye_finans,VADE_SURESI,1 Yıl,"{""deger"": 12, ""birim"": ""ay""}",0.8,1 Ay (%) 3 Ay (%) 6 Ay (%) ⟪1 Yıl⟫ (%) 1 Yıldan Uzun Vade (%),,,
turkiye_finans-2bbe5ca21c31-p029,0,turkiye_finans,VADE_SURESI,1 Yıl,"{""deger"": 12, ""birim"": ""ay""}",0.8,⟪1 Yıl⟫ (%) 1 Yıldan Uzun Vade (%) 50 gr. Ara Dönem Kâr Payı Ödemel,,,
turkiye_finans-2bbe5ca21c31-p030,0,turkiye_finans,VADE_SURESI,1 Ay,"{""deger"": 1, ""birim"": ""ay""}",0.85,⟪1 Ay⟫ (%) 3 Ay (%) 6 Ay (%) 1 Yıl (%) 1 Yıldan Uzun Vade (%),,,
turkiye_finans-2bbe5ca21c31-p030,1,turkiye_finans,VADE_SURESI,3 Ay,"{""deger"": 3, ""birim"": ""ay""}",0.85,1 Ay (%) ⟪3 Ay⟫ (%) 6 Ay (%) 1 Yıl (%) 1 Yıldan Uzun Vade (%),,,
turkiye_finans-2bbe5ca21c31-p030,2,turkiye_finans,VADE_SURESI,6 Ay,"{""deger"": 6, ""birim"": ""ay""}",0.85,1 Ay (%) 3 Ay (%) ⟪6 Ay⟫ (%) 1 Yıl (%) 1 Yıldan Uzun Vade (%),,,
turkiye_finans-2bbe5ca21c31-p030,3,turkiye_finans,VADE_SURESI,1 Yıl,"{""deger"": 12, ""birim"": ""ay""}",0.8,1 Ay (%) 3 Ay (%) 6 Ay (%) ⟪1 Yıl⟫ (%) 1 Yıldan Uzun Vade (%),,,
turkiye_finans-2bbe5ca21c31-p032,0,turkiye_finans,VADE_SURESI,1 Yıl,"{""deger"": 12, ""birim"": ""ay""}",0.8,⟪1 Yıl⟫ (%) 1 Yıldan Uzun Vade (%) 50 gr. Tanışma Hesabı,,,
turkiye_finans-2bbe5ca21c31-p033,0,turkiye_finans,VADE_SURESI,1 Ay,"{""deger"": 1, ""birim"": ""ay""}",0.85,⟪1 Ay⟫ (%) 3 Ay (%) 6 Ay (%) 1 Yıl (%) 1 Yıldan Uzun Vade (%),,,
turkiye_finans-2bbe5ca21c31-p033,1,turkiye_finans,VADE_SURESI,3 Ay,"{""deger"": 3, ""birim"": ""ay""}",0.85,1 Ay (%) ⟪3 Ay⟫ (%) 6 Ay (%) 1 Yıl (%) 1 Yıldan Uzun Vade (%),,,
turkiye_finans-2bbe5ca21c31-p033,2,turkiye_finans,VADE_SURESI,6 Ay,"{""deger"": 6, ""birim"": ""ay""}",0.85,1 Ay (%) 3 Ay (%) ⟪6 Ay⟫ (%) 1 Yıl (%) 1 Yıldan Uzun Vade (%),,,
turkiye_finans-2bbe5ca21c31-p033,3,turkiye_finans,VADE_SURESI,1 Yıl,"{""deger"": 12, ""birim"": ""ay""}",0.8,1 Ay (%) 3 Ay (%) 6 Ay (%) ⟪1 Yıl⟫ (%) 1 Yıldan Uzun Vade (%),,,
turkiye_finans-2bbe5ca21c31-p035,0,turkiye_finans,VADE_SURESI,1 Yıl,"{""deger"": 12, ""birim"": ""ay""}",0.8,"⟪1 Yıl⟫ (%) 1 Yıldan Uzun Vade (%) 5,000 gr.",,,
turkiye_finans-2bbe5ca21c31-p037,0,turkiye_finans,VADE_SURESI,1 Ay,"{""deger"": 1, ""birim"": ""ay""}",0.85,⟪1 Ay⟫ (%) 3 Ay (%) 6 Ay (%) 1 Yıl (%) 1 Yıldan Uzun Vade (%),,,
turkiye_finans-2bbe5ca21c31-p037,1,turkiye_finans,VADE_SURESI,3 Ay,"{""deger"": 3, ""birim"": ""ay""}",0.85,1 Ay (%) ⟪3 Ay⟫ (%) 6 Ay (%) 1 Yıl (%) 1 Yıldan Uzun Vade (%),,,
turkiye_finans-2bbe5ca21c31-p037,2,turkiye_finans,VADE_SURESI,6 Ay,"{""deger"": 6, ""birim"": ""ay""}",0.85,1 Ay (%) 3 Ay (%) ⟪6 Ay⟫ (%) 1 Yıl (%) 1 Yıldan Uzun Vade (%),,,
turkiye_finans-2bbe5ca21c31-p037,3,turkiye_finans,VADE_SURESI,1 Yıl,"{""deger"": 12, ""birim"": ""ay""}",0.8,1 Ay (%) 3 Ay (%) 6 Ay (%) ⟪1 Yıl⟫ (%) 1 Yıldan Uzun Vade (%),,,
turkiye_finans-2bbe5ca21c31-p039,0,turkiye_finans,VADE_SURESI,1 Yıl,"{""deger"": 12, ""birim"": ""ay""}",0.8,"⟪1 Yıl⟫ (%) 1 Yıldan Uzun Vade (%) 5,000 gr.",,,
turkiye_finans-2bbe5ca21c31-p041,0,turkiye_finans,VADE_SURESI,1 Yıl,"{""deger"": 12, ""birim"": ""ay""}",0.8,⟪1 Yıl⟫ (%) 1 Yıldan Uzun Vade (%) 1 Ay = 31 Gün,,,
turkiye_finans-2bbe5ca21c31-p041,1,turkiye_finans,VADE_SURESI,1 Ay,"{""deger"": 1, ""birim"": ""ay""}",0.85,1 Yıl (%) 1 Yıldan Uzun Vade (%) ⟪1 Ay⟫ = 31 Gün,,,
turkiye_finans-c76873da3146-p005,0,turkiye_finans,VADE_SURESI,3 ay,"{""deger"": 3, ""birim"": ""ay""}",0.85,ndi çalışanlarımıza sunduğumuz sabit ve avantajlı oranlarla ⟪3 ay⟫ ertelemeli ihtiyaç finansmanı Türkiye Finans’ta!,,,
turkiye_finans-d622eabca63e-p012,1,turkiye_finans,VADE_SURESI,3 ay,"{""deger"": 3, ""birim"": ""ay""}",0.85,"korundan bağımsız tüm vadelerde sabit %4.09 kâr payı oranı, ⟪3 ay⟫ erteleme fırsatı ve yeni müşterilere özel dosya masrafsızlı",,,
turkiye_finans-d622eabca63e-p019,0,turkiye_finans,VADE_SURESI,3 Ay,"{""deger"": 3, ""birim"": ""ay""}",0.85,⟪3 Ay⟫ Ertelemeli Katılım Bankacılığına Uygun İhtiyaç Finansmanı F,,,
turkiye_finans-d622eabca63e-p019,1,turkiye_finans,FINANSMAN_TUTARI,1.000 TL'ye Varan,"{""deger"": 1000.0, ""birim"": ""TRY"", ""sinir"": ""ust""}",0.88,li Katılım Bankacılığına Uygun İhtiyaç Finansmanı Fırsatı + ⟪1.000 TL'ye Varan⟫ Bonus!,,,
turkiye_finans-d622eabca63e-p020,1,turkiye_finans,VADE_SURESI,3 ay,"{""deger"": 3, ""birim"": ""ay""}",0.85,"Bu kampanya ile %3,59'dan başlayan kar payı oranları ile ⟪3 ay⟫ öteleme fırsatından yararlanarak finansman kullanılabilir v",,,
turkiye_finans-d622eabca63e-p020,2,turkiye_finans,ODUL_MIKTARI,100 TL,"{""deger"": 100.0, ""birim"": ""TRY""}",0.83,ket ve giyim alışverişlerinde her 1.000 TL’lik alışverişine ⟪100 TL⟫ bonus kazanabilir.,,,
turkiye_finans-2c732c464a1c-p005,0,turkiye_finans,ODUL_MIKTARI,32.000TL’ye Varan,"{""deger"": 32000.0, ""birim"": ""TRY"", ""sinir"": ""ust""}",0.83,"Emeklilere ⟪32.000TL’ye Varan⟫ Nakit Promosyon, Bonus ve Ödül Türkiye Finans’ta!",,,
turkiye_finans-61501c09c2e6-p004,0,turkiye_finans,HEDEF_KITLE,KOBİ’lerimize,"{""metin"": ""kobi̇’lerimize""}",0.85,Diğer Kampanyalar Biten Kampanyalar Mobil’den Müşteri Olan ⟪KOBİ’lerimize⟫ Avantaj Paketi,,,
turkiye_finans-b70d68fa3eb2-p004,0,turkiye_finans,ODUL_MIKTARI,650 TL,"{""deger"": 650.0, ""birim"": ""TRY""}",0.83,"iten Kampanyalar BES ile Hem Yarınınıza Değer Katın, Hem de ⟪650 TL⟫ Bonus Kazanın!",,,
turkiye_finans-b70d68fa3eb2-p005,0,turkiye_finans,ODUL_MIKTARI,650 TL,"{""deger"": 650.0, ""birim"": ""TRY""}",0.83,zı kullanarak satın alacağınız her yeni BES sözleşmesi için ⟪650 TL⟫ bonus sizi bekliyor.,,,
turkiye_finans-0c0a8d736848-p018,0,turkiye_finans,HARCAMA_ESIGI,10.000 TL,"{""deger"": 10000.0, ""birim"": ""TRY""}",0.8,"Kampanyadan yararlanmak için hesap açılış tutarı minimum ⟪10.000 TL⟫, maksimum 10.000.000 TL olabilir.",,,
turkiye_finans-0c0a8d736848-p018,1,turkiye_finans,HARCAMA_ESIGI,10.000.000 TL,"{""deger"": 10000000.0, ""birim"": ""TRY""}",0.8,"lanmak için hesap açılış tutarı minimum 10.000 TL, maksimum ⟪10.000.000 TL⟫ olabilir.",,,
turkiye_finans-08056d9e30ce-p004,0,turkiye_finans,FINANSMAN_TUTARI,50.000 TL'ye Varan,"{""deger"": 50000.0, ""birim"": ""TRY"", ""sinir"": ""ust""}",0.88,"Biten Kampanyalar Mobilden Türkiye Finanslı Ol, Kâr Paysız ⟪50.000 TL'ye Varan⟫ İhtiyaç Finansmanını Kaçırma!",,,
turkiye_finans-08056d9e30ce-p005,1,turkiye_finans,FINANSMAN_TUTARI,50.000 TL'ye varan,"{""deger"": 50000.0, ""birim"": ""TRY"", ""sinir"": ""ust""}",0.88,Şimdi mobilden Türkiye Finanslı olanlar %0 kar payı ile ⟪50.000 TL'ye varan⟫ İhtiyaç Finansman ından yararlanıyor.,,,
turkiye_finans-08056d9e30ce-p006,0,turkiye_finans,ODUL_MIKTARI,4.000 TL'ye Varan,"{""deger"": 4000.0, ""birim"": ""TRY"", ""sinir"": ""ust""}",0.83,"Faturaları Unutun, ⟪4.000 TL'ye Varan⟫ Bonus Kazanın!",,,
turkiye_finans-08056d9e30ce-p007,0,turkiye_finans,ODUL_MIKTARI,4.000 TL’ye varan,"{""deger"": 4000.0, ""birim"": ""TRY"", ""sinir"": ""ust""}",0.83,apan ve otomatik fatura ödeme talimatı veren müşterilerimiz ⟪4.000 TL’ye varan⟫ bonus kazanıyor.,,,
turkiye_finans-08056d9e30ce-p009,0,turkiye_finans,ODUL_MIKTARI,11.000 TL’ye varan,"{""deger"": 11000.0, ""birim"": ""TRY"", ""sinir"": ""ust""}",0.83,Avantajlı Tanışma Paketi ile mobilden müşteri olanlara özel ⟪11.000 TL’ye varan⟫ bonus kazanma fırsatı ve daha pek çok avantaj Türkiye Finan,,,
turkiye_finans-08056d9e30ce-p011,0,turkiye_finans,ODUL_MIKTARI,500 TL,"{""deger"": 500.0, ""birim"": ""TRY""}",0.83,"kazanın. Mobilden Türkiye Finanslı olan her yakınınız için ⟪500 TL⟫, toplamda 5.000 TL bonus sizin olsun.",,,
turkiye_finans-08056d9e30ce-p011,1,turkiye_finans,ODUL_MIKTARI,5.000 TL,"{""deger"": 5000.0, ""birim"": ""TRY""}",0.83,"n Türkiye Finanslı olan her yakınınız için 500 TL, toplamda ⟪5.000 TL⟫ bonus sizin olsun.",,,
turkiye_finans-416c7083b81e-p012,0,turkiye_finans,MASRAF_DURUMU,ücretsiz,"{""metin"": ""ücretsiz""}",0.7,"ATM, Mobil Şube ve İnternet Şubesi üzerinden ⟪ücretsiz⟫ EFT ve Havale",,,
turkiye_finans-416c7083b81e-p017,0,turkiye_finans,TAHSIS_UCRETI,10.000 TL,"{""deger"": 10000.0, ""birim"": ""TRY""}",0.85,"anlaşmalı İş Bankası, Yapı Kredi ve PTT ATM'lerinden günlük ⟪10.000 TL⟫'ye kadar olan tüm para çekme, para yatırma işlemlerini komi",,,
turkiye_finans-416c7083b81e-p023,0,turkiye_finans,MASRAF_DURUMU,ücretsiz,"{""metin"": ""ücretsiz""}",0.7,"ri, Mobil ve İnternet Şube üzerinden yapılan FAST işlemleri ⟪ücretsiz⟫ olarak gerçekleştirilecektir. Altın EFT işlemleri kampanyay",,,
turkiye_finans-416c7083b81e-p024,0,turkiye_finans,FINANSMAN_TUTARI,10.000 TL'ye kadar,"{""deger"": 10000.0, ""birim"": ""TRY"", ""sinir"": ""ust""}",0.88,"İş Bankası, Yapı Kredi ve/veya PTT ATM'lerinden, günlük ⟪10.000 TL'ye kadar⟫ olan tüm para çekme, para yatırma işlemleri ücretsiz, 10.00",,,
turkiye_finans-416c7083b81e-p026,0,turkiye_finans,MASRAF_DURUMU,ücretsiz,"{""metin"": ""ücretsiz""}",0.7,kart ile Bonus üye iş yerlerinden yapılacak alışverişlerde ⟪ücretsiz⟫ taksit imkânı sağlanacaktır.Zero kartlar artı taksit kampan,,,
turkiye_finans-4b99e4729a5d-p014,0,turkiye_finans,FINANSMAN_TUTARI,25.000 TL,"{""deger"": 25000.0, ""birim"": ""TRY""}",0.8,"Banka kartınızla günlük para çekme limiti ⟪25.000 TL⟫’dir. Paratik Plus, Yapı Kredi ve PTT ATM’lerinden günlük 5.",,,
turkiye_finans-4b99e4729a5d-p014,1,turkiye_finans,TAHSIS_UCRETI,5.000 TL,"{""deger"": 5000.0, ""birim"": ""TRY""}",0.85,"TL’dir. Paratik Plus, Yapı Kredi ve PTT ATM’lerinden günlük ⟪5.000 TL⟫’ye kadar olan para çekme ve para yatırma işlemlerinizi komi",,,
turkiye_finans-4b99e4729a5d-p020,0,turkiye_finans,TAHSIS_UCRETI,27 TL,"{""deger"": 27.0, ""birim"": ""TRY""}",0.85,"MV dahil), bakiye sorgulama işlemlerinde ise işlem başına 0.⟪27 TL⟫ (BSMV dahil) işlem komisyonu hesabınızdan tahsil edilecekti",,,
turkiye_finans-492d019a85a9-p014,0,turkiye_finans,VADE_SURESI,3 ay,"{""deger"": 3, ""birim"": ""ay""}",0.85,"inansmanı (Taşıt Kredisi)* başvurunuzu hemen yapın, ödemeye ⟪3 ay⟫ sonra başlayın.",,,
turkiye_finans-492d019a85a9-p024,0,turkiye_finans,VADE_SURESI,48 ay,"{""deger"": 48, ""birim"": ""ay""}",0.85,"400.000 TL'ye kadar araçlar için maksimum vade süresi ⟪48 ay⟫,",,,
turkiye_finans-492d019a85a9-p025,0,turkiye_finans,VADE_SURESI,36 ay,"{""deger"": 36, ""birim"": ""ay""}",0.85,"00.000 - 800.000 TL arası araçlar için maksimum vade süresi ⟪36 ay⟫,",,,
turkiye_finans-492d019a85a9-p026,0,turkiye_finans,VADE_SURESI,24 ay,"{""deger"": 24, ""birim"": ""ay""}",0.85,"0 TL - 1.200.000 TL arası araçlar için maksimum vade süresi ⟪24 ay⟫,",,,
turkiye_finans-492d019a85a9-p073,0,turkiye_finans,FINANSMAN_TUTARI,2.000.000 TL,"{""deger"": 2000000.0, ""birim"": ""TRY""}",0.8,1.200.000-⟪2.000.000 TL⟫ arasında %20’si 2.000.000 TL üzerinde %0’ı kadar taşıt fina,,,
turkiye_finans-492d019a85a9-p073,1,turkiye_finans,FINANSMAN_TUTARI,2.000.000 TL,"{""deger"": 2000000.0, ""birim"": ""TRY""}",0.8,1.200.000-2.000.000 TL arasında %20’si ⟪2.000.000 TL⟫ üzerinde %0’ı kadar taşıt finansmanı (Taşıt Kredisi)* kulla,,,
turkiye_finans-eab79b1ac350-p035,0,turkiye_finans,FINANSMAN_TUTARI,100.000 TL,"{""deger"": 100000.0, ""birim"": ""TRY""}",0.8,⟪100.000 TL⟫. baz alınarak oluşturulan konut finansmanı örnek ödeme tabl,,,
turkiye_finans-eab79b1ac350-p037,0,turkiye_finans,VADE_SURESI,120 ay,"{""deger"": 120, ""birim"": ""ay""}",0.85,"Finansmanın maksimum vadesi ⟪120 ay⟫ olup, tahsis ücreti vergiler hariç finansman tutarının bind",,,
turkiye_finans-eab79b1ac350-p039,0,turkiye_finans,TAHSIS_UCRETI,500 TL,"{""deger"": 500.0, ""birim"": ""TRY""}",0.85,"Alınacak ücretler: ⟪500 TL⟫ tahsis ücreti, 3.000 TL ipotek tesis ücreti, 16.500 TL Eksp",,,
turkiye_finans-eab79b1ac350-p039,1,turkiye_finans,TAHSIS_UCRETI,3.000 TL,"{""deger"": 3000.0, ""birim"": ""TRY""}",0.85,"Alınacak ücretler: 500 TL tahsis ücreti, ⟪3.000 TL⟫ ipotek tesis ücreti, 16.500 TL Ekspertiz(Değerleme) ücretid",,,
turkiye_finans-eab79b1ac350-p039,2,turkiye_finans,TAHSIS_UCRETI,16.500 TL,"{""deger"": 16500.0, ""birim"": ""TRY""}",0.85,"retler: 500 TL tahsis ücreti, 3.000 TL ipotek tesis ücreti, ⟪16.500 TL⟫ Ekspertiz(Değerleme) ücretidir.",,,
turkiye_finans-202d85bbfbe5-p012,0,turkiye_finans,VADE_SURESI,3 ay,"{""deger"": 3, ""birim"": ""ay""}",0.85,"ansmanı (İhtiyaç Kredisi)* başvurunuzu hemen yapın, ödemeye ⟪3 ay⟫ sonra başlayın. Üstelik Türkiye Finans’ın temel bankacılık",,,
turkiye_finans-202d85bbfbe5-p013,0,turkiye_finans,TAHSIS_UCRETI,500 TL,"{""deger"": 500.0, ""birim"": ""TRY""}",0.85,", tam 8700 anlaşmalı ATM’den aynı ay içerisinde tek seferde ⟪500 TL⟫'ye kadar olan tüm para çekme işlemlerini komisyon ücreti öd",,,
turkiye_finans-202d85bbfbe5-p014,0,turkiye_finans,MASRAF_DURUMU,ücretsiz,"{""metin"": ""ücretsiz""}",0.7,ero kartları ile “bonus” ve “ekstre indirim” kampanyalarına ⟪ücretsiz⟫ olarak katılabiliyor.,,,
turkiye_finans-202d85bbfbe5-p023,0,turkiye_finans,FINANSMAN_TUTARI,125.000 TL,"{""deger"": 125000.0, ""birim"": ""TRY""}",0.8,"Finansman tutarı ⟪125.000 TL⟫’ ye kadar olması durumunda maksimum vade 36 ay ,",,,
turkiye_finans-202d85bbfbe5-p024,0,turkiye_finans,FINANSMAN_TUTARI,250.000 TL,"{""deger"": 250000.0, ""birim"": ""TRY""}",0.8,"Finansman tutarı 125.000 - ⟪250.000 TL⟫’ ye kadar olması durumunda maksimum vade 24 ayı ,",,,
turkiye_finans-202d85bbfbe5-p025,0,turkiye_finans,FINANSMAN_TUTARI,250.000 TL,"{""deger"": 250000.0, ""birim"": ""TRY""}",0.8,Finansman tutarının ⟪250.000 TL⟫’den fazla olması durumunda maksimum vade 12 ayı aşamaz.,,,
turkiye_finans-202d85bbfbe5-p038,0,turkiye_finans,FINANSMAN_TUTARI,10.000 TL,"{""deger"": 10000.0, ""birim"": ""TRY""}",0.8,Yıllık Toplam Maliyet ⟪10.000 TL⟫. baz alınarak oluşturulan ihtiyaç finansmanı örnek ödeme ta,,,
turkiye_finans-202d85bbfbe5-p040,0,turkiye_finans,FINANSMAN_TUTARI,125.000TL’ye kadar,"{""deger"": 125000.0, ""birim"": ""TRY"", ""sinir"": ""ust""}",0.88,"Finansman tutarı; ⟪125.000TL’ye kadar⟫ olması durumunda maksimum vade 36 ayı, 125.001-250.000 TL’y",,,
turkiye_finans-202d85bbfbe5-p040,1,turkiye_finans,FINANSMAN_TUTARI,250.000 TL’ye kadar,"{""deger"": 250000.0, ""birim"": ""TRY"", ""sinir"": ""ust""}",0.88,"0TL’ye kadar olması durumunda maksimum vade 36 ayı, 125.001-⟪250.000 TL’ye kadar⟫ olması durumunda 24 ayı, 250.000 TL’den fazla olması durumu",,,
turkiye_finans-202d85bbfbe5-p054,0,turkiye_finans,VADE_SURESI,36 ay,"{""deger"": 36, ""birim"": ""ay""}",0.85,İhtiyaç Finansmanı (İhtiyaç Kredisi)* ⟪36 ay⟫ vadeye kadar kullanılabilir.,,,
turkiye_finans-c0d2f29fbb56-p026,0,turkiye_finans,ALISVERIS_PUANI,699 puan,"{""deger"": 699.0, ""birim"": ""TRY""}",0.88,1-⟪699 puan⟫ arası “en riskli” grup olarak kabul edilir. Bu puan aralığı,,,
turkiye_finans-c0d2f29fbb56-p027,0,turkiye_finans,ALISVERIS_PUANI,1.099 puan,"{""deger"": 1099.0, ""birim"": ""TRY""}",0.88,700-⟪1.099 puan⟫ arası “orta riskli” grup olarak kabul edilir. Bu puan aralı,,,
turkiye_finans-c0d2f29fbb56-p028,0,turkiye_finans,ALISVERIS_PUANI,1.499 puan,"{""deger"": 1499.0, ""birim"": ""TRY""}",0.88,1.100 -⟪1.499 puan⟫ arası “az riskli” grup olarak kabul edilir. Bu gruba dahils,,,
turkiye_finans-c0d2f29fbb56-p029,0,turkiye_finans,ALISVERIS_PUANI,1.699 puan,"{""deger"": 1699.0, ""birim"": ""TRY""}",0.88,1.500-⟪1.699 puan⟫ arası “iyi” olarak kabul edilir. Bu puan aralığında başvuru,,,
turkiye_finans-c0d2f29fbb56-p030,0,turkiye_finans,ALISVERIS_PUANI,1.900 puan,"{""deger"": 1900.0, ""birim"": ""TRY""}",0.88,"1.700-⟪1.900 puan⟫ arası “çok iyi” olarak kabul edilir. Bu puan aralığında, ba",,,
turkiye_finans-c0d2f29fbb56-p071,0,turkiye_finans,VADE_SURESI,12 ay,"{""deger"": 12, ""birim"": ""ay""}",0.85,"En az bir kredi hesabında, son ⟪12 ay⟫ içerisinde ""zarara atılma"" ve/ veya ""varlık yönetim şirketi",,,
turkiye_finans-c0d2f29fbb56-p080,0,turkiye_finans,ALISVERIS_PUANI,1.900 puan,"{""deger"": 1900.0, ""birim"": ""TRY""}",0.88,"Kredi Notu Kaç Olunca İyidir? Kredi notu ⟪1.900 puan⟫ üzerinden hesaplanır. 1.500-1.699 puan arası “iyi”, 1.700-1",,,
turkiye_finans-c0d2f29fbb56-p080,1,turkiye_finans,ALISVERIS_PUANI,1.699 puan,"{""deger"": 1699.0, ""birim"": ""TRY""}",0.88,"a İyidir? Kredi notu 1.900 puan üzerinden hesaplanır. 1.500-⟪1.699 puan⟫ arası “iyi”, 1.700-1.900 puan arası “çok iyi” olarak kabul",,,
turkiye_finans-c0d2f29fbb56-p080,2,turkiye_finans,ALISVERIS_PUANI,1.900 puan,"{""deger"": 1900.0, ""birim"": ""TRY""}",0.88,"n üzerinden hesaplanır. 1.500-1.699 puan arası “iyi”, 1.700-⟪1.900 puan⟫ arası “çok iyi” olarak kabul edilir. Ayrıca kredi notunuzun",,,
turkiye_finans-1b3447491705-p019,0,turkiye_finans,MASRAF_DURUMU,ücretsiz,"{""metin"": ""ücretsiz""}",0.7,"Happy Kart Platinum Happy Kart Platinum ile ⟪ücretsiz⟫ transfer hizmetinden kuru temizlemeye, indirimli sinema-tiy",,,
turkiye_finans-1b3447491705-p099,0,turkiye_finans,KAMPANYA_SURESI,28.03.2020,"{""tarih"": ""2020-03-28""}",0.82,artları ve Kredi Kartları Hakkında Yönetmelik'te yapılan ve ⟪28.03.2020⟫ tarihli ve 31082 sayılı Resmi Gazetede yayımlanarak yürürlü,,,
turkiye_finans-1b3447491705-p126,0,turkiye_finans,VADE_SURESI,3 ay,"{""deger"": 3, ""birim"": ""ay""}",0.85,Kredi kartı borcu ⟪3 ay⟫ boyunca ödenmediği takdirde yasal takip süreci başlatılabil,,,
turkiye_finans-0b9cd4fd3de7-p038,0,turkiye_finans,KAMPANYA_SURESI,23.12.2020,"{""tarih"": ""2020-12-23""}",0.82,"⟪23.12.2020⟫ tarihinden, 30.06.2023 tarihine kadar yapılacak Değişken, k",,,
turkiye_finans-0b9cd4fd3de7-p038,1,turkiye_finans,KAMPANYA_SURESI,30.06.2023,"{""tarih"": ""2023-06-30""}",0.82,"23.12.2020 tarihinden, ⟪30.06.2023⟫ tarihine kadar yapılacak Değişken, karma, eurobond, dış bor",,,
turkiye_finans-7d89c2f1a3c6-p021,0,turkiye_finans,FINANSMAN_TUTARI,100.000 TL,"{""deger"": 100000.0, ""birim"": ""TRY""}",0.8,⟪100.000 TL⟫. baz alınarak oluşturulan Arsa Finansmanı (Arsa Kredisi)* ö,,,
turkiye_finans-7d89c2f1a3c6-p023,0,turkiye_finans,VADE_SURESI,60 ay,"{""deger"": 60, ""birim"": ""ay""}",0.85,"Arsa Finansmanının (Arsa Kredisi)* maksimum vadesi ⟪60 ay⟫ olup, Banka tarafından belirlenen finansman tahsisindeki öz",,,
turkiye_finans-7d89c2f1a3c6-p025,0,turkiye_finans,VADE_SURESI,60 ay,"{""deger"": 60, ""birim"": ""ay""}",0.85,"Alınacak ücretler: ⟪60 ay⟫ vadede 500 TL tahsis ücreti, 3.000 TL ipotek tesis ücreti,",,,
turkiye_finans-7d89c2f1a3c6-p025,1,turkiye_finans,TAHSIS_UCRETI,500 TL,"{""deger"": 500.0, ""birim"": ""TRY""}",0.85,"Alınacak ücretler: 60 ay vadede ⟪500 TL⟫ tahsis ücreti, 3.000 TL ipotek tesis ücreti, 16.500 TL Eksp",,,
turkiye_finans-7d89c2f1a3c6-p025,2,turkiye_finans,TAHSIS_UCRETI,3.000 TL,"{""deger"": 3000.0, ""birim"": ""TRY""}",0.85,"Alınacak ücretler: 60 ay vadede 500 TL tahsis ücreti, ⟪3.000 TL⟫ ipotek tesis ücreti, 16.500 TL Ekspertiz(Değerleme) ücretid",,,
turkiye_finans-7d89c2f1a3c6-p025,3,turkiye_finans,TAHSIS_UCRETI,16.500 TL,"{""deger"": 16500.0, ""birim"": ""TRY""}",0.85,"vadede 500 TL tahsis ücreti, 3.000 TL ipotek tesis ücreti, ⟪16.500 TL⟫ Ekspertiz(Değerleme) ücretidir.",,,
turkiye_finans-4042d006dd36-p021,0,turkiye_finans,FINANSMAN_TUTARI,100.000 TL,"{""deger"": 100000.0, ""birim"": ""TRY""}",0.8,⟪100.000 TL⟫. baz alınarak oluşturulan İş yeri Finansmanı (İş yeri Kredi,,,
turkiye_finans-4042d006dd36-p024,0,turkiye_finans,VADE_SURESI,60 ay,"{""deger"": 60, ""birim"": ""ay""}",0.85,"Alınacak ücretler: ⟪60 ay⟫ vadede 500 TL tahsis ücreti, 3.000 TL ipotek tesis ücreti,",,,
turkiye_finans-4042d006dd36-p024,1,turkiye_finans,TAHSIS_UCRETI,500 TL,"{""deger"": 500.0, ""birim"": ""TRY""}",0.85,"Alınacak ücretler: 60 ay vadede ⟪500 TL⟫ tahsis ücreti, 3.000 TL ipotek tesis ücreti, 16.500 TL Eksp",,,
turkiye_finans-4042d006dd36-p024,2,turkiye_finans,TAHSIS_UCRETI,3.000 TL,"{""deger"": 3000.0, ""birim"": ""TRY""}",0.85,"Alınacak ücretler: 60 ay vadede 500 TL tahsis ücreti, ⟪3.000 TL⟫ ipotek tesis ücreti, 16.500 TL Ekspertiz(Değerleme) ücretid",,,
turkiye_finans-4042d006dd36-p024,3,turkiye_finans,TAHSIS_UCRETI,16.500 TL,"{""deger"": 16500.0, ""birim"": ""TRY""}",0.85,"vadede 500 TL tahsis ücreti, 3.000 TL ipotek tesis ücreti, ⟪16.500 TL⟫ Ekspertiz(Değerleme) ücretidir.",,,
turkiye_finans-500baa47ef94-p000,0,turkiye_finans,HEDEF_KITLE,KOBİ,"{""metin"": ""kobi̇""}",0.85,⟪KOBİ⟫ Anında Finansman Ticari Kartlar Ticari Kart,,,
turkiye_finans-500baa47ef94-p002,0,turkiye_finans,HEDEF_KITLE,KOBİ’ler,"{""metin"": ""kobi̇’ler""}",0.85,POS Hizmetleri ⟪KOBİ’ler⟫ İçin Nakit Yönetimi Çözümleri,,,
turkiye_finans-500baa47ef94-p003,0,turkiye_finans,HEDEF_KITLE,KOBİ'lere,"{""metin"": ""kobi̇'lere""}",0.85,Sektör ve Ürün Paketleri ⟪KOBİ'lere⟫ Özel Destekler,,,
turkiye_finans-500baa47ef94-p005,0,turkiye_finans,HEDEF_KITLE,KOBİ'ler,"{""metin"": ""kobi̇'ler""}",0.85,⟪KOBİ'ler⟫ için Günlük Hesap Dijital Taksitli Ticari Finansman Desteği,,,
turkiye_finans-3e714b3f09a7-p000,0,turkiye_finans,HEDEF_KITLE,KOBİ,"{""metin"": ""kobi̇""}",0.85,⟪KOBİ⟫ Anında Finansman Ticari Kartlar Ticari Kart,,,
turkiye_finans-3e714b3f09a7-p002,0,turkiye_finans,HEDEF_KITLE,KOBİ’ler,"{""metin"": ""kobi̇’ler""}",0.85,POS Hizmetleri ⟪KOBİ’ler⟫ İçin Nakit Yönetimi Çözümleri,,,
turkiye_finans-3e714b3f09a7-p003,0,turkiye_finans,HEDEF_KITLE,KOBİ'lere,"{""metin"": ""kobi̇'lere""}",0.85,Sektör ve Ürün Paketleri ⟪KOBİ'lere⟫ Özel Destekler,,,
turkiye_finans-3e714b3f09a7-p005,0,turkiye_finans,HEDEF_KITLE,KOBİ'ler,"{""metin"": ""kobi̇'ler""}",0.85,⟪KOBİ'ler⟫ için Günlük Hesap Dijital Taksitli Ticari Finansman Desteği,,,
turkiye_finans-3e714b3f09a7-p007,0,turkiye_finans,HEDEF_KITLE,KOBİ’ler,"{""metin"": ""kobi̇’ler""}",0.85,"ları, harcama kategorileri ve raporlama gibi fonksiyonlarla ⟪KOBİ’ler⟫ de dahil olmak üzere her ölçekteki işletmenin harcamalarını",,,
turkiye_finans-3e714b3f09a7-p008,0,turkiye_finans,HEDEF_KITLE,KOBİ’lerin,"{""metin"": ""kobi̇’lerin""}",0.85,apmalarını gerektirir. Türkiye Finans ticari kredi kartları ⟪KOBİ’lerin⟫ ihtiyaçları ve kullanım tercihleri doğrultusunda geliştiril,,,
turkiye_finans-ed68141dab9e-p023,0,turkiye_finans,HARCAMA_ESIGI,100 TL,"{""deger"": 100.0, ""birim"": ""TRY""}",0.8,Minimum taksitlendirme tutarı ⟪100 TL⟫’dir. Minimum taksitlendirme tutarı altında yapılan harcamal,,,
turkiye_finans-ed68141dab9e-p063,0,turkiye_finans,FINANSMAN_TUTARI,125.000 TL’ye kadar,"{""deger"": 125000.0, ""birim"": ""TRY"", ""sinir"": ""ust""}",0.88,"İhtiyaç finansmanlarında genel vade sınırı; tutarı ⟪125.000 TL’ye kadar⟫ olması durumunda 36 ay, 125.000 - 250.000 TL arasında 24 ay",,,
turkiye_finans-ed68141dab9e-p063,1,turkiye_finans,VADE_SURESI,36 ay,"{""deger"": 36, ""birim"": ""ay""}",0.85,"el vade sınırı; tutarı 125.000 TL’ye kadar olması durumunda ⟪36 ay⟫, 125.000 - 250.000 TL arasında 24 ay, 250.000 TL’den fazla",,,
turkiye_finans-ed68141dab9e-p083,0,turkiye_finans,HARCAMA_ESIGI,100 TL,"{""deger"": 100.0, ""birim"": ""TRY""}",0.8,taksitlendirme tutarı nedir? Minimum taksitlendirme tutarı ⟪100 TL⟫'dir. Minimum taksitlendirme tutarı altında yapılan harcamal,,,
turkiye_finans-2a4a570914d4-p000,0,turkiye_finans,HEDEF_KITLE,KOBİ,"{""metin"": ""kobi̇""}",0.85,⟪KOBİ⟫ Anında Finansman Ticari Kartlar POS Hizmetleri,,,
turkiye_finans-2a4a570914d4-p001,0,turkiye_finans,HEDEF_KITLE,KOBİ’ler,"{""metin"": ""kobi̇’ler""}",0.85,⟪KOBİ’ler⟫ İçin Nakit Yönetimi Çözümleri Maaş Firması Müşterilerine Öz,,,
turkiye_finans-2a4a570914d4-p003,0,turkiye_finans,HEDEF_KITLE,KOBİ,"{""metin"": ""kobi̇""}",0.85,7/24 Toplu FAST ⟪KOBİ⟫ Masraf Paketleri Ticari Masraf Paketleri,,,
turkiye_finans-2a4a570914d4-p012,0,turkiye_finans,HEDEF_KITLE,KOBİ'lere,"{""metin"": ""kobi̇'lere""}",0.85,⟪KOBİ'lere⟫ Özel Destekler Sözleşmeler ve Formlar,,,
turkiye_finans-2a4a570914d4-p013,0,turkiye_finans,HEDEF_KITLE,KOBİ'ler,"{""metin"": ""kobi̇'ler""}",0.85,Dış Ticaret Finansmanı ⟪KOBİ'ler⟫ için Günlük Hesap,,,
turkiye_finans-2a4a570914d4-p028,0,turkiye_finans,HEDEF_KITLE,KOBİ’ler,"{""metin"": ""kobi̇’ler""}",0.85,"e Bankamızın anlaşmalı olduğu kurumsal, ticari firmalar ile ⟪KOBİ’ler⟫ bu finansman desteğinden yararlanabilirler.",,,
turkiye_finans-a5037f394f89-p000,0,turkiye_finans,HEDEF_KITLE,KOBİ,"{""metin"": ""kobi̇""}",0.85,⟪KOBİ⟫ Anında Finansman Nakdi Krediler Gayri Nakdi Krediler,,,
turkiye_finans-a5037f394f89-p001,0,turkiye_finans,HEDEF_KITLE,KOBİ’ler,"{""metin"": ""kobi̇’ler""}",0.85,Ticari Kartlar POS Hizmetleri ⟪KOBİ’ler⟫ İçin Nakit Yönetimi Çözümleri,,,
turkiye_finans-a5037f394f89-p002,0,turkiye_finans,HEDEF_KITLE,KOBİ'lere,"{""metin"": ""kobi̇'lere""}",0.85,Sektör ve Ürün Paketleri ⟪KOBİ'lere⟫ Özel Destekler,,,
turkiye_finans-a5037f394f89-p004,0,turkiye_finans,HEDEF_KITLE,KOBİ'ler,"{""metin"": ""kobi̇'ler""}",0.85,⟪KOBİ'ler⟫ için Günlük Hesap Dijital Taksitli Ticari Finansman Desteği,,,
turkiye_finans-a5037f394f89-p005,0,turkiye_finans,HEDEF_KITLE,KOBİ,"{""metin"": ""kobi̇""}",0.85,"⟪KOBİ⟫ Anında Finansman ile ihtiyaçlarınız beklemesin, işleriniz a",,,
turkiye_finans-a5037f394f89-p005,1,turkiye_finans,HEDEF_KITLE,KOBİ,"{""metin"": ""kobi̇""}",0.85,yakın Türkiye Finans şubesinden kullanın. Ticaretin hızını ⟪KOBİ⟫ Anında Finansman ile yakalayın.,,,
turkiye_finans-a5037f394f89-p006,0,turkiye_finans,HEDEF_KITLE,KOBİ,"{""metin"": ""kobi̇""}",0.85,⟪KOBİ⟫ Anında Finansmanın Özellikleri Nelerdir?,,,
turkiye_finans-a5037f394f89-p007,0,turkiye_finans,HEDEF_KITLE,KOBİ,"{""metin"": ""kobi̇""}",0.85,"Katılım bankacılığında bir ilk olan ⟪KOBİ⟫ Anında Finansman, aşağıdaki özelliklere sahiptir:",,,
turkiye_finans-a5037f394f89-p008,0,turkiye_finans,HEDEF_KITLE,KOBİ’lerin,"{""metin"": ""kobi̇’lerin""}",0.85,"⟪KOBİ’lerin⟫ ihtiyaç duydukları finansman limitine, hızlı ve kolay bir ş",,,
turkiye_finans-a5037f394f89-p009,0,turkiye_finans,HEDEF_KITLE,KOBİ,"{""metin"": ""kobi̇""}",0.85,⟪KOBİ⟫ Anında Finansman ile TL cinsinden finansman limitinizi şube,,,
turkiye_finans-a5037f394f89-p011,0,turkiye_finans,HEDEF_KITLE,KOBİ,"{""metin"": ""kobi̇""}",0.85,⟪KOBİ⟫ Anında Finansman kapsamında tahsis edilebilecek maksimum kr,,,
turkiye_finans-a5037f394f89-p011,1,turkiye_finans,FINANSMAN_TUTARI,3.000.000 TL,"{""deger"": 3000000.0, ""birim"": ""TRY""}",0.8,kapsamında tahsis edilebilecek maksimum kredi limiti tutarı ⟪3.000.000 TL⟫'dir.,,,
turkiye_finans-a5037f394f89-p015,0,turkiye_finans,HEDEF_KITLE,KOBİ,"{""metin"": ""kobi̇""}",0.85,Neden ⟪KOBİ⟫ Anında Finansman Tercih Etmelisiniz?,,,
turkiye_finans-a5037f394f89-p016,0,turkiye_finans,HEDEF_KITLE,KOBİ,"{""metin"": ""kobi̇""}",0.85,⟪KOBİ⟫ Anında Finansman ile ön onaylı finansman limitinizi anında,,,
turkiye_finans-a5037f394f89-p017,0,turkiye_finans,FINANSMAN_TUTARI,3.000.000 TL’ye kadar,"{""deger"": 3000000.0, ""birim"": ""TRY"", ""sinir"": ""ust""}",0.88,⟪3.000.000 TL’ye kadar⟫ finansman limitine hızlı bir şekilde ulaşmak operasyonel ve,,,
turkiye_finans-a5037f394f89-p019,0,turkiye_finans,HEDEF_KITLE,KOBİ,"{""metin"": ""kobi̇""}",0.85,⟪KOBİ⟫ Anında Finansman ile karar alma ve başvuru süreçlerinizi gü,,,
turkiye_finans-a5037f394f89-p020,0,turkiye_finans,HEDEF_KITLE,KOBİ’lere,"{""metin"": ""kobi̇’lere""}",0.85,"⟪KOBİ’lere⟫ Sunulan Finansman Türleri KOBİ finansmanı, daha sınırlı kay",,,
turkiye_finans-a5037f394f89-p020,1,turkiye_finans,HEDEF_KITLE,KOBİ,"{""metin"": ""kobi̇""}",0.85,"KOBİ’lere Sunulan Finansman Türleri ⟪KOBİ⟫ finansmanı, daha sınırlı kaynaklara sahip olan küçük ve ort",,,
turkiye_finans-a5037f394f89-p020,2,turkiye_finans,HEDEF_KITLE,KOBİ,"{""metin"": ""kobi̇""}",0.85,ler. Türkiye Finans’ta farklı türlerde nakdi ve gayri nakdi ⟪KOBİ⟫ finansman hizmetlerine ulaşabilirsiniz:,,,
turkiye_finans-a5037f394f89-p028,0,turkiye_finans,HEDEF_KITLE,KOBİ,"{""metin"": ""kobi̇""}",0.85,⟪KOBİ⟫ Anında Finansman Başvurusu Nasıl Yapılır?,,,
turkiye_finans-a5037f394f89-p029,0,turkiye_finans,HEDEF_KITLE,KOBİ,"{""metin"": ""kobi̇""}",0.85,⟪KOBİ⟫ Anında Finansman ile limit önerisi oluşturma işleminizi mob,,,
turkiye_finans-a5037f394f89-p030,0,turkiye_finans,HEDEF_KITLE,KOBİ,"{""metin"": ""kobi̇""}",0.85,Bu bağlantı yeni sekmede açılacak. Kimler ⟪KOBİ⟫ Anında Finansmandan Yararlanabilir?,,,
turkiye_finans-a5037f394f89-p031,0,turkiye_finans,HEDEF_KITLE,KOBİ,"{""metin"": ""kobi̇""}",0.85,"⟪KOBİ⟫ Anında Finansman hizmetinden Türkiye’de faaliyet gösteren,",,,
turkiye_finans-a5037f394f89-p031,1,turkiye_finans,HEDEF_KITLE,KOBİ’ler,"{""metin"": ""kobi̇’ler""}",0.85,kesin dönem yıllık cirosu 50 Milyon TL’nin altında olan tüm ⟪KOBİ’ler⟫ yararlanabilir. Bu koşulu sağlayan tüm müşterilerimiz nakdi,,,
turkiye_finans-4ab6a3b736ba-p000,0,turkiye_finans,HEDEF_KITLE,KOBİ,"{""metin"": ""kobi̇""}",0.85,⟪KOBİ⟫ Anında Finansman Ticari Kartlar POS Hizmetleri,,,
turkiye_finans-4ab6a3b736ba-p001,0,turkiye_finans,HEDEF_KITLE,KOBİ’ler,"{""metin"": ""kobi̇’ler""}",0.85,⟪KOBİ’ler⟫ İçin Nakit Yönetimi Çözümleri Sektör ve Ürün Paketleri,,,
turkiye_finans-4ab6a3b736ba-p002,0,turkiye_finans,HEDEF_KITLE,KOBİ'lere,"{""metin"": ""kobi̇'lere""}",0.85,⟪KOBİ'lere⟫ Özel Destekler Sözleşmeler ve Formlar,,,
turkiye_finans-4ab6a3b736ba-p003,0,turkiye_finans,HEDEF_KITLE,KOBİ'ler,"{""metin"": ""kobi̇'ler""}",0.85,Dış Ticaret Finansmanı ⟪KOBİ'ler⟫ için Günlük Hesap,,,
turkiye_finans-4ab6a3b736ba-p005,0,turkiye_finans,VADE_SURESI,12 ay,"{""deger"": 12, ""birim"": ""ay""}",0.85,"runuzu şimdi yapın, 1 milyon TL’ye varan finansman tutarına ⟪12 ay⟫ vade ile hemen ulaşın. İş akışınızı kesintisiz sürdürün. Üs",,,
turkiye_finans-4e41248a505d-p019,0,turkiye_finans,VADE_SURESI,48 ay,"{""deger"": 48, ""birim"": ""ay""}",0.85,"400.000 TL'ye kadar araçlar için maksimum vade süresi ⟪48 ay⟫,",,,
turkiye_finans-4e41248a505d-p020,0,turkiye_finans,VADE_SURESI,36 ay,"{""deger"": 36, ""birim"": ""ay""}",0.85,"00.000 - 800.000 TL arası araçlar için maksimum vade süresi ⟪36 ay⟫,",,,
turkiye_finans-4e41248a505d-p021,0,turkiye_finans,VADE_SURESI,24 ay,"{""deger"": 24, ""birim"": ""ay""}",0.85,"0 TL - 1.200.000 TL arası araçlar için maksimum vade süresi ⟪24 ay⟫,",,,
turkiye_finans-0b6b9f44a65e-p065,0,turkiye_finans,FINANSMAN_TUTARI,2.000.000 TL,"{""deger"": 2000000.0, ""birim"": ""TRY""}",0.8,1.200.001 - ⟪2.000.000 TL⟫ aralığında olan taşıtlar için azami %20 oranında taşıt kred,,,
turkiye_finans-9073bf0aa234-p031,0,turkiye_finans,FINANSMAN_TUTARI,125.000 TL,"{""deger"": 125000.0, ""birim"": ""TRY""}",0.8,"Finansman tutarı ⟪125.000 TL⟫’ ye kadar olması durumunda maksimum vade 36 ay ,",,,
turkiye_finans-9073bf0aa234-p032,0,turkiye_finans,FINANSMAN_TUTARI,250.000 TL,"{""deger"": 250000.0, ""birim"": ""TRY""}",0.8,"Finansman tutarı 125.000 - ⟪250.000 TL⟫’ ye kadar olması durumunda maksimum vade 24 ayı ,",,,
turkiye_finans-9073bf0aa234-p048,0,turkiye_finans,FINANSMAN_TUTARI,10.000 TL,"{""deger"": 10000.0, ""birim"": ""TRY""}",0.8,⟪10.000 TL⟫. baz alınarak oluşturulan dijital ihtiyaç finansmanı örnek,,,
turkiye_finans-9073bf0aa234-p050,0,turkiye_finans,FINANSMAN_TUTARI,125.000TL’ye kadar,"{""deger"": 125000.0, ""birim"": ""TRY"", ""sinir"": ""ust""}",0.88,"Finansman tutarı; ⟪125.000TL’ye kadar⟫ olması durumunda maksimum vade 36 ayı, 125.001-250.000 TL’y",,,
turkiye_finans-9073bf0aa234-p050,1,turkiye_finans,FINANSMAN_TUTARI,250.000 TL’ye kadar,"{""deger"": 250000.0, ""birim"": ""TRY"", ""sinir"": ""ust""}",0.88,"0TL’ye kadar olması durumunda maksimum vade 36 ayı, 125.001-⟪250.000 TL’ye kadar⟫ olması durumunda 24 ayı, 250.001 TL’den fazla olması durumu",,,
turkiye_finans-9073bf0aa234-p062,0,turkiye_finans,FINANSMAN_TUTARI,10.000 TL,"{""deger"": 10000.0, ""birim"": ""TRY""}",0.8,⟪10.000 TL⟫ baz alınarak oluşturulan dijital ihtiyaç finansmanı örnek ö,,,
turkiye_finans-9073bf0aa234-p064,0,turkiye_finans,FINANSMAN_TUTARI,125.000TL’ye kadar,"{""deger"": 125000.0, ""birim"": ""TRY"", ""sinir"": ""ust""}",0.88,"Finansman tutarı; ⟪125.000TL’ye kadar⟫ olması durumunda maksimum vade 36 ayı, 125.001-250.000 TL’y",,,
turkiye_finans-9073bf0aa234-p064,1,turkiye_finans,FINANSMAN_TUTARI,250.000 TL’ye kadar,"{""deger"": 250000.0, ""birim"": ""TRY"", ""sinir"": ""ust""}",0.88,"0TL’ye kadar olması durumunda maksimum vade 36 ayı, 125.001-⟪250.000 TL’ye kadar⟫ olması durumunda 24 ayı, 250.001 TL’den fazla olması durumu",,,
turkiye_finans-8552b5cb7a9b-p014,0,turkiye_finans,VADE_SURESI,48 ay,"{""deger"": 48, ""birim"": ""ay""}",0.85,Finansmanını (Ticari Hat / Ticari Plaka Kredisi)* maksimum ⟪48 ay⟫ vade ile kullanabilirsiniz.,,,
turkiye_finans-8552b5cb7a9b-p041,0,turkiye_finans,VADE_SURESI,48 ay,"{""deger"": 48, ""birim"": ""ay""}",0.85,"Finansmanın maksimum vadesi ⟪48 ay⟫ olup, tahsis ücreti vergiler hariç finansman tutarının bind",,,
turkiye_finans-41d11eb87216-p014,0,turkiye_finans,VADE_SURESI,48 ay,"{""deger"": 48, ""birim"": ""ay""}",0.85,Araç finansmanınızı maksimum ⟪48 ay⟫ vade ile kullanabilirsiniz.,,,
turkiye_finans-41d11eb87216-p041,0,turkiye_finans,VADE_SURESI,48 ay,"{""deger"": 48, ""birim"": ""ay""}",0.85,"Finansmanın maksimum vadesi ⟪48 ay⟫ olup, tahsis ücreti vergiler hariç finansman tutarının bind",,,
turkiye_finans-41d11eb87216-p062,0,turkiye_finans,FINANSMAN_TUTARI,2.000.000 TL,"{""deger"": 2000000.0, ""birim"": ""TRY""}",0.8,1.200.000-⟪2.000.000 TL⟫ arasında %20’si 2.000.000 TL üzerinde %0’ı kadar taşıt fina,,,
turkiye_finans-41d11eb87216-p062,1,turkiye_finans,FINANSMAN_TUTARI,2.000.000 TL,"{""deger"": 2000000.0, ""birim"": ""TRY""}",0.8,1.200.000-2.000.000 TL arasında %20’si ⟪2.000.000 TL⟫ üzerinde %0’ı kadar taşıt finansmanı kullanabilirsiniz.,,,
turkiye_finans-84db8998ecfd-p008,0,turkiye_finans,VADE_SURESI,36 ay,"{""deger"": 36, ""birim"": ""ay""}",0.85,İhtiyaç Finansmanı (İhtiyaç Kredisi)* ⟪36 ay⟫ vadeye kadar kullanılabilir.,,,
turkiye_finans-f6f8f0513887-p013,0,turkiye_finans,FINANSMAN_TUTARI,2.500 TL’ye kadar,"{""deger"": 2500.0, ""birim"": ""TRY"", ""sinir"": ""ust""}",0.88,⟪2.500 TL’ye kadar⟫ kullanılan yedek hesap limitine kâr payı işletilmez.,,,
turkiye_finans-9fa9a7346b3a-p037,0,turkiye_finans,HARCAMA_ESIGI,10.000 TL,"{""deger"": 10000.0, ""birim"": ""TRY""}",0.8,rarlanabilmek için TL Günlük Hesap toplam bakiyesinin en az ⟪10.000 TL⟫ olması gerekir. USD ve EUR hesaplar için cari hesapta kalac,,,
turkiye_finans-9fa9a7346b3a-p038,0,turkiye_finans,HARCAMA_ESIGI,5.000 TL,"{""deger"": 5000.0, ""birim"": ""TRY""}",0.8,"hesap işlem limitleri dahilinde kalacak minimum tutar en az ⟪5.000 TL⟫, en fazla 5.500.000 TL’dir.",,,
turkiye_finans-9fa9a7346b3a-p038,1,turkiye_finans,HARCAMA_ESIGI,5.500.000 TL,"{""deger"": 5500000.0, ""birim"": ""TRY""}",0.8,"ri dahilinde kalacak minimum tutar en az 5.000 TL, en fazla ⟪5.500.000 TL⟫’dir.",,,
turkiye_finans-9fa9a7346b3a-p039,0,turkiye_finans,HARCAMA_ESIGI,5.000 TL,"{""deger"": 5000.0, ""birim"": ""TRY""}",0.8,"esap bakiyesinin alt limiti (kâr işletilecek minimum tutar) ⟪5.000 TL⟫, üst limiti 44.500.000 TL’dir.",,,
turkiye_finans-9fa9a7346b3a-p039,1,turkiye_finans,HARCAMA_ESIGI,44.500.000 TL,"{""deger"": 44500000.0, ""birim"": ""TRY""}",0.8,"limiti (kâr işletilecek minimum tutar) 5.000 TL, üst limiti ⟪44.500.000 TL⟫’dir.",,,
turkiye_finans-9fa9a7346b3a-p041,0,turkiye_finans,FINANSMAN_TUTARI,44.500.000 TL,"{""deger"": 44500000.0, ""birim"": ""TRY""}",0.8,"ünlük Hesapta getiriye konu olacak bakiyenin üst limit olan ⟪44.500.000 TL⟫’nin üzerinde olması durumunda, üzerinde olan bakiye cari he",,,
turkiye_finans-9fa9a7346b3a-p062,0,turkiye_finans,HARCAMA_ESIGI,10.000 TL,"{""deger"": 10000.0, ""birim"": ""TRY""}",0.8,lanılabilmesi için TL Günlük Hesap toplam bakiyesinin en az ⟪10.000 TL⟫ olması gerekir. Toplam hesap bakiyesine göre değişen getiri,,,
turkiye_finans-9fa9a7346b3a-p062,1,turkiye_finans,HARCAMA_ESIGI,5.000 TL,"{""deger"": 5000.0, ""birim"": ""TRY""}",0.8,"esap bakiyesinin (kâr işletilecek minimum tutar) alt limiti ⟪5.000 TL⟫, üst limit 44.500.000 TL'dir. TL Günlük Hesap cari alt limi",,,
turkiye_finans-9fa9a7346b3a-p062,2,turkiye_finans,HARCAMA_ESIGI,44.500.000 TL,"{""deger"": 44500000.0, ""birim"": ""TRY""}",0.8,"r işletilecek minimum tutar) alt limiti 5.000 TL, üst limit ⟪44.500.000 TL⟫'dir. TL Günlük Hesap cari alt limit tutarı 5.000 TL, üst li",,,
turkiye_finans-9fa9a7346b3a-p062,3,turkiye_finans,HARCAMA_ESIGI,5.000 TL,"{""deger"": 5000.0, ""birim"": ""TRY""}",0.8,"it 44.500.000 TL'dir. TL Günlük Hesap cari alt limit tutarı ⟪5.000 TL⟫, üst limit 5.500.000 TL'dir.",,,
turkiye_finans-9fa9a7346b3a-p062,4,turkiye_finans,HARCAMA_ESIGI,5.500.000 TL,"{""deger"": 5500000.0, ""birim"": ""TRY""}",0.8,". TL Günlük Hesap cari alt limit tutarı 5.000 TL, üst limit ⟪5.500.000 TL⟫'dir.",,,
turkiye_finans-9fa9a7346b3a-p064,0,turkiye_finans,FINANSMAN_TUTARI,500.000 TL,"{""deger"": 500000.0, ""birim"": ""TRY""}",0.8,"k Hesapta getiriye konu olacak bakiyenin üst limit olan 44. ⟪500.000 TL⟫'nin üzerinde olması durumunda, üzerinde olan bakiye cari he",,,
turkiye_finans-28dcf6582d5d-p000,0,turkiye_finans,HEDEF_KITLE,KOBİ,"{""metin"": ""kobi̇""}",0.85,⟪KOBİ⟫ Anında Finansman Ticari Kartlar POS Hizmetleri,,,
turkiye_finans-28dcf6582d5d-p001,0,turkiye_finans,HEDEF_KITLE,KOBİ’ler,"{""metin"": ""kobi̇’ler""}",0.85,⟪KOBİ’ler⟫ İçin Nakit Yönetimi Çözümleri Sektör ve Ürün Paketleri,,,
turkiye_finans-28dcf6582d5d-p002,0,turkiye_finans,HEDEF_KITLE,KOBİ'lere,"{""metin"": ""kobi̇'lere""}",0.85,⟪KOBİ'lere⟫ Özel Destekler Sözleşmeler ve Formlar,,,
turkiye_finans-28dcf6582d5d-p003,0,turkiye_finans,HEDEF_KITLE,KOBİ'ler,"{""metin"": ""kobi̇'ler""}",0.85,Dış Ticaret Finansmanı ⟪KOBİ'ler⟫ için Günlük Hesap,,,
turkiye_finans-28dcf6582d5d-p016,0,turkiye_finans,HARCAMA_ESIGI,10.000 TL,"{""deger"": 10000.0, ""birim"": ""TRY""}",0.8,rarlanabilmek için TL Günlük Hesap toplam bakiyesinin en az ⟪10.000 TL⟫ olması gerekir. USD ve EUR hesaplar için cari hesapta kalac,,,
turkiye_finans-28dcf6582d5d-p017,0,turkiye_finans,HARCAMA_ESIGI,5.000 TL,"{""deger"": 5000.0, ""birim"": ""TRY""}",0.8,"li cari hesap işlem limitleri dahilinde minimum tutar en az ⟪5.000 TL⟫, en fazla 5.500.000 TL’dir.",,,
turkiye_finans-28dcf6582d5d-p017,1,turkiye_finans,HARCAMA_ESIGI,5.500.000 TL,"{""deger"": 5500000.0, ""birim"": ""TRY""}",0.8,"limitleri dahilinde minimum tutar en az 5.000 TL, en fazla ⟪5.500.000 TL⟫’dir.",,,
turkiye_finans-28dcf6582d5d-p018,0,turkiye_finans,HARCAMA_ESIGI,5.000 TL,"{""deger"": 5000.0, ""birim"": ""TRY""}",0.8,"esap bakiyesinin alt limiti (kâr işletilecek minimum tutar) ⟪5.000 TL⟫, üst limiti 44.500.000 TL’dir.",,,
turkiye_finans-28dcf6582d5d-p018,1,turkiye_finans,HARCAMA_ESIGI,44.500.000 TL,"{""deger"": 44500000.0, ""birim"": ""TRY""}",0.8,"limiti (kâr işletilecek minimum tutar) 5.000 TL, üst limiti ⟪44.500.000 TL⟫’dir.",,,
turkiye_finans-28dcf6582d5d-p020,0,turkiye_finans,FINANSMAN_TUTARI,44.500.000 TL,"{""deger"": 44500000.0, ""birim"": ""TRY""}",0.8,"ünlük Hesapta getiriye konu olacak bakiyenin üst limit olan ⟪44.500.000 TL⟫’nin üzerinde olması durumunda, üzerinde olan bakiye cari he",,,
turkiye_finans-28dcf6582d5d-p047,0,turkiye_finans,HARCAMA_ESIGI,10.000 TL,"{""deger"": 10000.0, ""birim"": ""TRY""}",0.8,lanılabilmesi için TL Günlük Hesap toplam bakiyesinin en az ⟪10.000 TL⟫ olması gerekir. Toplam hesap bakiyesine göre değişen getiri,,,
turkiye_finans-28dcf6582d5d-p047,1,turkiye_finans,HARCAMA_ESIGI,5.000 TL,"{""deger"": 5000.0, ""birim"": ""TRY""}",0.8,"esap bakiyesinin (kâr işletilecek minimum tutar) alt limiti ⟪5.000 TL⟫, üst limit 44.500.000 TL'dir. TL Günlük Hesap cari alt limi",,,
turkiye_finans-28dcf6582d5d-p047,2,turkiye_finans,HARCAMA_ESIGI,44.500.000 TL,"{""deger"": 44500000.0, ""birim"": ""TRY""}",0.8,"r işletilecek minimum tutar) alt limiti 5.000 TL, üst limit ⟪44.500.000 TL⟫'dir. TL Günlük Hesap cari alt limit tutarı 5.000 TL, üst li",,,
turkiye_finans-28dcf6582d5d-p047,3,turkiye_finans,HARCAMA_ESIGI,5.000 TL,"{""deger"": 5000.0, ""birim"": ""TRY""}",0.8,"it 44.500.000 TL'dir. TL Günlük Hesap cari alt limit tutarı ⟪5.000 TL⟫, üst limit 5.000.000 TL'dir.",,,
turkiye_finans-28dcf6582d5d-p047,4,turkiye_finans,HARCAMA_ESIGI,5.000.000 TL,"{""deger"": 5000000.0, ""birim"": ""TRY""}",0.8,". TL Günlük Hesap cari alt limit tutarı 5.000 TL, üst limit ⟪5.000.000 TL⟫'dir.",,,
turkiye_finans-28dcf6582d5d-p049,0,turkiye_finans,FINANSMAN_TUTARI,44.500.000 TL,"{""deger"": 44500000.0, ""birim"": ""TRY""}",0.8,"ünlük Hesapta getiriye konu olacak bakiyenin üst limit olan ⟪44.500.000 TL⟫'nin üzerinde olması durumunda, üzerinde olan bakiye cari he",,,
turkiye_finans-2b29849f8e14-p010,0,turkiye_finans,FINANSMAN_TUTARI,"215.706,47 TL’ye Kadar","{""deger"": 215706.47, ""birim"": ""TRY"", ""sinir"": ""ust""}",0.88,"Âlâ Bankacılık Ayın Hayata Katılanı ⟪215.706,47 TL’ye Kadar⟫ Devlet Destekli Konut Hesap Türkiye Finans’ta!",,,
turkiye_finans-2b29849f8e14-p025,0,turkiye_finans,HARCAMA_ESIGI,11 TL,"{""deger"": 11.0, ""birim"": ""TRY""}",0.8,"Aylık ödeme seçeneğinde minimum ödeme tutarı 3.595.⟪11 TL⟫, maksimum ödeme tutarı 35.951,12 TL'dir.",,,
turkiye_finans-2b29849f8e14-p026,0,turkiye_finans,HARCAMA_ESIGI,"10.785,34 TL","{""deger"": 10785.34, ""birim"": ""TRY""}",0.8,"3 aylık ödeme seçeneğinde minimum ödeme tutarı ⟪10.785,34 TL⟫, maksimum ödeme tutarı 107.853,37 TL'dir.",,,
turkiye_finans-72a2c2dd029b-p017,0,turkiye_finans,HARCAMA_ESIGI,"1.438,02 TL","{""deger"": 1438.02, ""birim"": ""TRY""}",0.8,"açabilirsiniz. Aylık ödeme seçeneğinde minimum ödeme tutarı ⟪1.438,02 TL⟫, maksimum ödeme tutarı 14.380,41 TL’dir.",,,
turkiye_finans-72a2c2dd029b-p018,0,turkiye_finans,HARCAMA_ESIGI,"4.314,11 TL","{""deger"": 4314.11, ""birim"": ""TRY""}",0.8,"3 aylık ödeme seçeneğinde minimum ödeme tutarı ⟪4.314,11 TL⟫, maksimum ödeme tutarı 43.141,42 TL’dir.",,,
turkiye_finans-85150ccbabd6-p014,0,turkiye_finans,KAR_PAYLASIM_ORANI,%98,"{""musteri"": 98.0, ""banka"": 2.0, ""birim"": ""yuzde""}",0.88,"ya da %30’luk bölümü Günlük Hesap kısmında, kalan kısmı ise ⟪%98⟫-%2 avantajlı kâr paylaşım oranı ile Katılım Hesabında değer",,,
turkiye_finans-85150ccbabd6-p014,1,turkiye_finans,KAR_PAYLASIM_ORANI,%2,"{""musteri"": 2.0, ""banka"": 98.0, ""birim"": ""yuzde""}",0.88,"a %30’luk bölümü Günlük Hesap kısmında, kalan kısmı ise %98-⟪%2⟫ avantajlı kâr paylaşım oranı ile Katılım Hesabında değerlen",,,
turkiye_finans-85150ccbabd6-p016,0,turkiye_finans,HARCAMA_ESIGI,5.000 TL,"{""deger"": 5000.0, ""birim"": ""TRY""}",0.8,"Hesap açılış alt limit toplamı ⟪5.000 TL⟫, üst limit 20.000.000 TL’dir.",,,
turkiye_finans-85150ccbabd6-p016,1,turkiye_finans,HARCAMA_ESIGI,20.000.000 TL,"{""deger"": 20000000.0, ""birim"": ""TRY""}",0.8,"Hesap açılış alt limit toplamı 5.000 TL, üst limit ⟪20.000.000 TL⟫’dir.",,,
turkiye_finans-c5b39a7c5def-p018,0,turkiye_finans,KAR_PAYLASIM_ORANI,%99,"{""musteri"": 99.0, ""banka"": 1.0, ""birim"": ""yuzde""}",0.88,"erinizin %1'ine kadar Türkiye Finans kira sertifikalarında, ⟪%99⟫'una kadar ise %98-%2 kâr paylaşım oranı ile katılma hesapla",,,
turkiye_finans-c5b39a7c5def-p018,1,turkiye_finans,KAR_PAYLASIM_ORANI,%98,"{""musteri"": 98.0, ""banka"": 2.0, ""birim"": ""yuzde""}",0.88,"dar Türkiye Finans kira sertifikalarında, %99'una kadar ise ⟪%98⟫-%2 kâr paylaşım oranı ile katılma hesaplarımızda değerlendi",,,
turkiye_finans-c5b39a7c5def-p018,2,turkiye_finans,KAR_PAYLASIM_ORANI,%2,"{""musteri"": 2.0, ""banka"": 98.0, ""birim"": ""yuzde""}",0.88,"Türkiye Finans kira sertifikalarında, %99'una kadar ise %98-⟪%2⟫ kâr paylaşım oranı ile katılma hesaplarımızda değerlendiril",,,
turkiye_finans-c5b39a7c5def-p024,0,turkiye_finans,HARCAMA_ESIGI,500 TL,"{""deger"": 500.0, ""birim"": ""TRY""}",0.8,"açılabilmektedir. Bol Kepçe hesap açılışı için alt limit 2. ⟪500 TL⟫, üst limit ise 10.000.000 TL'dir. Banka hesap açılış alt ve",,,
turkiye_finans-c5b39a7c5def-p024,1,turkiye_finans,HARCAMA_ESIGI,10.000.000 TL,"{""deger"": 10000000.0, ""birim"": ""TRY""}",0.8,"Kepçe hesap açılışı için alt limit 2. 500 TL, üst limit ise ⟪10.000.000 TL⟫'dir. Banka hesap açılış alt ve üst limit tutarını; kira ser",,,
turkiye_finans-c5b39a7c5def-p038,0,turkiye_finans,HARCAMA_ESIGI,2.500 TL,"{""deger"": 2500.0, ""birim"": ""TRY""}",0.8,Bol Kepçe Hesap açılışı için alt limit ⟪2.500 TL⟫ üst limit ise 10.000.000 TL'dir.,,,
turkiye_finans-c5b39a7c5def-p038,1,turkiye_finans,HARCAMA_ESIGI,10.000.000 TL,"{""deger"": 10000000.0, ""birim"": ""TRY""}",0.8,l Kepçe Hesap açılışı için alt limit 2.500 TL üst limit ise ⟪10.000.000 TL⟫'dir.,,,
turkiye_finans-a6110e3a809c-p018,0,turkiye_finans,HARCAMA_ESIGI,250 TL,"{""deger"": 250.0, ""birim"": ""TRY""}",0.8,"e-Katılma Hesabı en az ⟪250 TL⟫/USD/EUR, 50 gr Altın ile açılır.",,,
turkiye_finans-a6110e3a809c-p041,0,turkiye_finans,VADE_SURESI,1 Ay,"{""deger"": 1, ""birim"": ""ay""}",0.85,1 yıldan uzun vadeli (366 gün ve üzeri) ⟪1 Ay⟫ = 31 Gün,,,
turkiye_finans-240387942409-p010,0,turkiye_finans,VADE_SURESI,1 ay,"{""deger"": 1, ""birim"": ""ay""}",0.85,Âlâ Bankacılık Ayın Hayata Katılanı Katılma Hesabı en az ⟪1 ay⟫ vadeli olarak açılan ve kâr ortaklığı çerçevesinde vade son,,,
turkiye_finans-240387942409-p015,0,turkiye_finans,VADE_SURESI,12 ay,"{""deger"": 12, ""birim"": ""ay""}",0.85,"Hesabınızı TL, EUR, USD, Altın para birimlerinde 1, 3, 6 ve ⟪12 ay⟫ standart vadelerde veya 32 günden başlayan kırık vade seçen",,,
turkiye_finans-240387942409-p024,0,turkiye_finans,VADE_SURESI,1 Ay,"{""deger"": 1, ""birim"": ""ay""}",0.85,1 yıldan uzun vadeli (366 gün ve üzeri) ⟪1 Ay⟫ = 31 Gün,,,
turkiye_finans-c3c0599aac5b-p014,0,turkiye_finans,VADE_SURESI,12 ay,"{""deger"": 12, ""birim"": ""ay""}",0.85,"Altın Katılım Hesabı 1, 3, 6, ⟪12 ay⟫ standart vadelerde veya 32 günden başlayan kırık vade seçen",,,
turkiye_finans-a0aa84ad98a5-p030,0,turkiye_finans,VADE_SURESI,12 ay,"{""deger"": 12, ""birim"": ""ay""}",0.85,"3, 6 (azami 180 gün), ⟪12 ay⟫ vade seçeneklerinden birini tercih edebilirsiniz.",,,
turkiye_finans-a0aa84ad98a5-p034,0,turkiye_finans,VADE_SURESI,3 Ay,"{""deger"": 3, ""birim"": ""ay""}",0.85,⟪3 Ay⟫ Vadeli: %1 (Yıllık) 6 Ay Vadeli: %2 (Yıllık),,,
turkiye_finans-a0aa84ad98a5-p034,1,turkiye_finans,VADE_SURESI,6 Ay,"{""deger"": 6, ""birim"": ""ay""}",0.85,3 Ay Vadeli: %1 (Yıllık) ⟪6 Ay⟫ Vadeli: %2 (Yıllık),,,
turkiye_finans-a0aa84ad98a5-p035,0,turkiye_finans,VADE_SURESI,12 Ay,"{""deger"": 12, ""birim"": ""ay""}",0.85,⟪12 Ay⟫ Vadeli: %3 (Yıllık) Hesap açılışı yapıldıktan sonra para ya,,,
turkiye_finans-a0aa84ad98a5-p040,0,turkiye_finans,VADE_SURESI,6 ay,"{""deger"": 6, ""birim"": ""ay""}",0.85,"Hesabın stopaj oranı 3 ve ⟪6 ay⟫ (6 ay dahil) vadede %17.5 , 1 yıla kadar (1 yıl dahil) vade",,,
turkiye_finans-a0aa84ad98a5-p040,1,turkiye_finans,VADE_SURESI,6 ay,"{""deger"": 6, ""birim"": ""ay""}",0.85,"Hesabın stopaj oranı 3 ve 6 ay (⟪6 ay⟫ dahil) vadede %17.5 , 1 yıla kadar (1 yıl dahil) vadede %15",,,
turkiye_finans-a0aa84ad98a5-p040,2,turkiye_finans,VADE_SURESI,1 yıl,"{""deger"": 12, ""birim"": ""ay""}",0.8,"j oranı 3 ve 6 ay (6 ay dahil) vadede %17.5 , 1 yıla kadar (⟪1 yıl⟫ dahil) vadede %15'dir.",,,
turkiye_finans-a0aa84ad98a5-p043,0,turkiye_finans,VADE_SURESI,12 ay,"{""deger"": 12, ""birim"": ""ay""}",0.85,"elerle açılabilir? YUVAM Hesabınızı 3, 6 (azami 180 gün) ve ⟪12 ay⟫ vade seçenekleri ile açabilir siniz.",,,
turkiye_finans-a0aa84ad98a5-p046,0,turkiye_finans,VADE_SURESI,3 Ay,"{""deger"": 3, ""birim"": ""ay""}",0.85,⟪3 Ay⟫ Vadeli: %1 (Yıllık) 6 Ay Vadeli: %2 (Yıllık),,,
turkiye_finans-a0aa84ad98a5-p046,1,turkiye_finans,VADE_SURESI,6 Ay,"{""deger"": 6, ""birim"": ""ay""}",0.85,3 Ay Vadeli: %1 (Yıllık) ⟪6 Ay⟫ Vadeli: %2 (Yıllık),,,
turkiye_finans-a0aa84ad98a5-p047,0,turkiye_finans,VADE_SURESI,12 Ay,"{""deger"": 12, ""birim"": ""ay""}",0.85,⟪12 Ay⟫ Vadeli: %3 (Yıllık) YUVAM Hesap’tan elde edilen getiri ne o,,,
turkiye_finans-78d2261add4d-p000,0,turkiye_finans,HEDEF_KITLE,KOBİ,"{""metin"": ""kobi̇""}",0.85,⟪KOBİ⟫ Anında Finansman Ticari Kartlar POS Hizmetleri,,,
turkiye_finans-78d2261add4d-p001,0,turkiye_finans,HEDEF_KITLE,KOBİ’ler,"{""metin"": ""kobi̇’ler""}",0.85,⟪KOBİ’ler⟫ İçin Nakit Yönetimi Çözümleri Sektör ve Ürün Paketleri,,,
turkiye_finans-78d2261add4d-p003,0,turkiye_finans,HEDEF_KITLE,KOBİ'lere,"{""metin"": ""kobi̇'lere""}",0.85,Veteriner Hekim Avantaj Paketi ⟪KOBİ'lere⟫ Özel Destekler,,,
turkiye_finans-78d2261add4d-p005,0,turkiye_finans,HEDEF_KITLE,KOBİ'ler,"{""metin"": ""kobi̇'ler""}",0.85,⟪KOBİ'ler⟫ için Günlük Hesap Dijital Taksitli Ticari Finansman Desteği,,,
turkiye_finans-78d2261add4d-p014,0,turkiye_finans,MASRAF_DURUMU,ücretsiz,"{""metin"": ""ücretsiz""}",0.7,"Maliyet Tasarrufu: Aidatsız kredi kartı, ⟪ücretsiz⟫ EFT/havale, çek karnesi ayrıcalıkları ve kiralık kasa indir",,,
turkiye_finans-78d2261add4d-p018,0,turkiye_finans,HEDEF_KITLE,KOBİ,"{""metin"": ""kobi̇""}",0.85,⟪KOBİ⟫ ’ler için geliştirilmiş çok sayıda ürün ve hizmete ulaşabil,,,
turkiye_finans-78d2261add4d-p024,0,turkiye_finans,MASRAF_DURUMU,ücretsiz,"{""metin"": ""ücretsiz""}",0.7,"yla blokesiz POS hizmetinden yararlanabilir, yılda iki defa ⟪ücretsiz⟫ çek karnesi alabilir, aidatsız Business Kart başvurusu yapa",,,
turkiye_finans-78d2261add4d-p027,0,turkiye_finans,MASRAF_DURUMU,ücretsiz,"{""metin"": ""ücretsiz""}",0.7,"ve size özel DBS limitinden yararlanabilir, yılda iki defa ⟪ücretsiz⟫ çek karnesi alabilir, aidatsız Business Kart başvurusu yapa",,,
turkiye_finans-78d2261add4d-p030,0,turkiye_finans,MASRAF_DURUMU,ücretsiz,"{""metin"": ""ücretsiz""}",0.7,"yla blokesiz POS hizmetinden yararlanabilir, yılda iki defa ⟪ücretsiz⟫ çek karnesi alabilir, aidatsız Business Kart başvurusu yapa",,,
turkiye_finans-3714f8b69520-p007,0,turkiye_finans,VADE_SURESI,1 ay,"{""deger"": 1, ""birim"": ""ay""}",0.85,Katılma Hesabı Nedir? Katılma Hesabı en az ⟪1 ay⟫ vadeli veya sizin belirleyeceğiniz gün kadar açılan ve kâr,,,
turkiye_finans-3714f8b69520-p012,0,turkiye_finans,VADE_SURESI,3 ay,"{""deger"": 3, ""birim"": ""ay""}",0.85,"12 ay, Altın cinsinde 32 günden başlayacak şekilde minimum ⟪3 ay⟫ ve Gümüş cinsinden ise 6 ve 12 ay vadeli olarak açtırabilir",,,
turkiye_finans-3714f8b69520-p012,1,turkiye_finans,VADE_SURESI,12 ay,"{""deger"": 12, ""birim"": ""ay""}",0.85,başlayacak şekilde minimum 3 ay ve Gümüş cinsinden ise 6 ve ⟪12 ay⟫ vadeli olarak açtırabilirsiniz.,,,
turkiye_finans-3714f8b69520-p020,0,turkiye_finans,VADE_SURESI,1 Ay,"{""deger"": 1, ""birim"": ""ay""}",0.85,1 yıldan uzun vadeli (366 gün ve üzeri) ⟪1 Ay⟫ = 31 Gün,,,
turkiye_finans-a6e738b0a617-p019,0,turkiye_finans,FINANSMAN_TUTARI,2.500 TL’ye kadar,"{""deger"": 2500.0, ""birim"": ""TRY"", ""sinir"": ""ust""}",0.88,⟪2.500 TL’ye kadar⟫ kullanılan yedek hesap limitine kâr payı işletilmez.,,,
turkiye_finans-30e8242bb052-p009,0,turkiye_finans,HEDEF_KITLE,KOBİ,"{""metin"": ""kobi̇""}",0.85,Hesap Başvurusu ⟪KOBİ⟫ & Ticari Hesap Makinesi,,,
turkiye_finans-79684652b24c-p000,0,turkiye_finans,HEDEF_KITLE,KOBİ,"{""metin"": ""kobi̇""}",0.85,⟪KOBİ⟫ Sektörel Paketler Sektörünüzün ihtiyaçlarına uygun finansma,,,
turkiye_finans-79684652b24c-p003,0,turkiye_finans,HEDEF_KITLE,KOBİ'lere,"{""metin"": ""kobi̇'lere""}",0.85,⟪KOBİ'lere⟫ Özel Destekler KOBİ’nizi geleceğe taşıyacak teşvik ve hibe,,,
turkiye_finans-79684652b24c-p003,1,turkiye_finans,HEDEF_KITLE,KOBİ’nizi,"{""metin"": ""kobi̇’nizi""}",0.85,KOBİ'lere Özel Destekler ⟪KOBİ’nizi⟫ geleceğe taşıyacak teşvik ve hibe programları ile tanışın.,,,
turkiye_finans-1fdfeab3d8b2-p013,0,turkiye_finans,HEDEF_KITLE,KOBİ'ler,"{""metin"": ""kobi̇'ler""}",0.85,Bankacılık ⟪KOBİ'ler⟫ İçin En İyi POS Çözümleri,,,
turkiye_finans-1fdfeab3d8b2-p014,0,turkiye_finans,HEDEF_KITLE,KOBİ’ler,"{""metin"": ""kobi̇’ler""}",0.85,"durulduğunda, POS cihazlarının sunduğu çok yönlü avantajlar ⟪KOBİ’ler⟫ de dahil olmak üzere pek çok işletme için rekabet ortamında",,,
turkiye_finans-d707c62e5387-p000,0,turkiye_finans,HEDEF_KITLE,KOBİ,"{""metin"": ""kobi̇""}",0.85,Bireysel ⟪KOBİ⟫ Ticari Dijital Bankacılık Blog,,,
turkiye_finans-d707c62e5387-p044,0,turkiye_finans,HEDEF_KITLE,KOBİ,"{""metin"": ""kobi̇""}",0.85,e-Katılma Hesabı Ayın Hayata Katılanı ⟪KOBİ⟫ Anında Finansman,,,
turkiye_finans-d707c62e5387-p052,0,turkiye_finans,HEDEF_KITLE,KOBİ’ler,"{""metin"": ""kobi̇’ler""}",0.85,POS Destek Hattı ⟪KOBİ’ler⟫ İçin Nakit Yönetimi Çözümleri,,,
turkiye_finans-d707c62e5387-p060,0,turkiye_finans,HEDEF_KITLE,KOBİ,"{""metin"": ""kobi̇""}",0.85,Sanal IBAN KOLAS FAST e-İmza ⟪KOBİ⟫ Masraf Paketleri,,,
turkiye_finans-d707c62e5387-p067,0,turkiye_finans,HEDEF_KITLE,KOBİ'lere,"{""metin"": ""kobi̇'lere""}",0.85,⟪KOBİ'lere⟫ Özel Destekler KOSGEB İşbirliği,,,
turkiye_finans-d707c62e5387-p070,0,turkiye_finans,HEDEF_KITLE,KOBİ'ler,"{""metin"": ""kobi̇'ler""}",0.85,Dış Ticaret Finansmanı ⟪KOBİ'ler⟫ için Günlük Hesap,,,
vakif_katilim-e8fcfba58db0-p009,0,vakif_katilim,VADE_SURESI,1 yıl,"{""deger"": 12, ""birim"": ""ay""}",0.8,(*)2012/4133 sayılı Bakanlar Kurulu Kararı'na göre ⟪1 yıl⟫ ve daha uzun vadeli hesaplar ile dönemsel kâr payı ödemeli,,,
vakif_katilim-e8fcfba58db0-p009,1,vakif_katilim,VADE_SURESI,1 ay,"{""deger"": 1, ""birim"": ""ay""}",0.85,"ve daha uzun vadeli hesaplar ile dönemsel kâr payı ödemeli (⟪1 ay⟫, 3 ay, 6 ay ya da 1 yıl) hesaplarda vadeden önce en fazla 2",,,
vakif_katilim-e8fcfba58db0-p009,2,vakif_katilim,VADE_SURESI,3 ay,"{""deger"": 3, ""birim"": ""ay""}",0.85,"a uzun vadeli hesaplar ile dönemsel kâr payı ödemeli (1 ay, ⟪3 ay⟫, 6 ay ya da 1 yıl) hesaplarda vadeden önce en fazla 2 defa",,,
vakif_katilim-e8fcfba58db0-p009,3,vakif_katilim,VADE_SURESI,6 ay,"{""deger"": 6, ""birim"": ""ay""}",0.85,"vadeli hesaplar ile dönemsel kâr payı ödemeli (1 ay, 3 ay, ⟪6 ay⟫ ya da 1 yıl) hesaplarda vadeden önce en fazla 2 defa ve top",,,
vakif_katilim-e8fcfba58db0-p009,4,vakif_katilim,VADE_SURESI,1 yıl,"{""deger"": 12, ""birim"": ""ay""}",0.8,"aplar ile dönemsel kâr payı ödemeli (1 ay, 3 ay, 6 ay ya da ⟪1 yıl⟫) hesaplarda vadeden önce en fazla 2 defa ve toplamda anapar",,,
vakif_katilim-03c2855c1658-p010,0,vakif_katilim,KAMPANYA_SURESI,31.12.2026,"{""tarih"": ""2026-12-31""}",0.82,• Kampanya ⟪31.12.2026⟫ tarihine kadar geçerlidir.,,,
vakif_katilim-7fce3c1ba426-p004,0,vakif_katilim,KAMPANYA_SURESI,30/09/2020,"{""tarih"": ""2020-09-30""}",0.82,"n alınan BSMV (Banka ve Sigorta Muameleleri Vergisi) oranı, ⟪30/09/2020⟫ tarihinden itibaren,",,,
vakif_katilim-260786e70cf1-p013,0,vakif_katilim,FINANSMAN_TUTARI,400.000 TL,"{""deger"": 400000.0, ""birim"": ""TRY""}",0.8,Nihai fatura değeri ⟪400.000 TL⟫ ve altında olan motosiklet finansmanları için azami vade 48,,,
vakif_katilim-260786e70cf1-p013,2,vakif_katilim,FINANSMAN_TUTARI,400.001 TL,"{""deger"": 400001.0, ""birim"": ""TRY""}",0.8,et finansmanları için azami vade 48 ay; nihai fatura değeri ⟪400.001 TL⟫ ile 800.000 TL arasında olan motosiklet finansmanları için,,,
vakif_katilim-260786e70cf1-p013,3,vakif_katilim,FINANSMAN_TUTARI,800.000 TL,"{""deger"": 800000.0, ""birim"": ""TRY""}",0.8,ı için azami vade 48 ay; nihai fatura değeri 400.001 TL ile ⟪800.000 TL⟫ arasında olan motosiklet finansmanları için azami vade 36 a,,,
vakif_katilim-260786e70cf1-p013,5,vakif_katilim,FINANSMAN_TUTARI,800.001 TL,"{""deger"": 800001.0, ""birim"": ""TRY""}",0.8,et finansmanları için azami vade 36 ay; nihai fatura değeri ⟪800.001 TL⟫ ile 1.200.000 TL arasında olan motosiklet finansmanları içi,,,
vakif_katilim-260786e70cf1-p013,6,vakif_katilim,FINANSMAN_TUTARI,1.200.000 TL,"{""deger"": 1200000.0, ""birim"": ""TRY""}",0.8,ı için azami vade 36 ay; nihai fatura değeri 800.001 TL ile ⟪1.200.000 TL⟫ arasında olan motosiklet finansmanları için azami vade 24 a,,,
vakif_katilim-260786e70cf1-p013,8,vakif_katilim,FINANSMAN_TUTARI,1.200.001 TL,"{""deger"": 1200001.0, ""birim"": ""TRY""}",0.8,et finansmanları için azami vade 24 ay; nihai fatura değeri ⟪1.200.001 TL⟫ ile 2.000.000 TL arasında olan motosiklet finansmanları içi,,,
vakif_katilim-260786e70cf1-p013,9,vakif_katilim,FINANSMAN_TUTARI,2.000.000 TL,"{""deger"": 2000000.0, ""birim"": ""TRY""}",0.8,için azami vade 24 ay; nihai fatura değeri 1.200.001 TL ile ⟪2.000.000 TL⟫ arasında olan motosiklet finansmanları için ise azami vade,,,
vakif_katilim-49512dbe6575-p007,0,vakif_katilim,VADE_SURESI,6 ay,"{""deger"": 6, ""birim"": ""ay""}",0.85,1-⟪6 ay⟫ arası vadede kullanılabilmektedir. (Banka politikaları gere,,,
vakif_katilim-480ef3e818fa-p009,0,vakif_katilim,HEDEF_KITLE,KOBİ,"{""metin"": ""kobi̇""}",0.85,⟪KOBİ⟫ Finansman Desteği KOBİ’lerimizin faaliyetleri doğrultusunda,,,
vakif_katilim-480ef3e818fa-p009,1,vakif_katilim,HEDEF_KITLE,KOBİ’lerimizin,"{""metin"": ""kobi̇’lerimizin""}",0.85,"KOBİ Finansman Desteği ⟪KOBİ’lerimizin⟫ faaliyetleri doğrultusunda ihtiyaç duyduğu ticari mal, taşı",,,
vakif_katilim-35a38227191d-p000,0,vakif_katilim,HEDEF_KITLE,KOBİ,"{""metin"": ""kobi̇""}",0.85,"⟪KOBİ⟫ Destekli Finansmanlar Vakıf Katılım işini büyütmek, üretimi",,,
vakif_katilim-35a38227191d-p000,1,vakif_katilim,HEDEF_KITLE,KOBİ’lere,"{""metin"": ""kobi̇’lere""}",0.85,"işini büyütmek, üretimini artırmak ve dijitalleşmek isteyen ⟪KOBİ’lere⟫ özel finansman ürünleriyle her zaman yanında.",,,
vakif_katilim-35a38227191d-p001,0,vakif_katilim,HEDEF_KITLE,KOBİ'lere,"{""metin"": ""kobi̇'lere""}",0.85,EB Destekli Finansman Vakıf Katılım ve KOSGEB iş birliğiyle ⟪KOBİ'lere⟫ ihtiyaçları olan finansman desteği ürünümüze bu sayfadan ul,,,
vakif_katilim-90cb1e655bb6-p002,0,vakif_katilim,HEDEF_KITLE,KOBİ,"{""metin"": ""kobi̇""}",0.85,"⟪KOBİ⟫ Destekli Finansmanlar Vakıf Katılım işini büyütmek, üretimi",,,
vakif_katilim-90cb1e655bb6-p002,1,vakif_katilim,HEDEF_KITLE,KOBİ’lere,"{""metin"": ""kobi̇’lere""}",0.85,"işini büyütmek, üretimini artırmak ve dijitalleşmek isteyen ⟪KOBİ’lere⟫ özel finansman ürünleriyle her zaman yanında.",,,
vakif_katilim-4341aaaaf08a-p007,0,vakif_katilim,FINANSMAN_TUTARI,1.250.000 TL,"{""deger"": 1250000.0, ""birim"": ""TRY""}",0.8,ne kullandırılacak kâr payı destekli finansman tutarı azami ⟪1.250.000 TL⟫’dir. Birden fazla bağımsız bölüme sahip olan hak sahipleri,,,
vakif_katilim-4341aaaaf08a-p007,1,vakif_katilim,FINANSMAN_TUTARI,1.250.000 TL,"{""deger"": 1250000.0, ""birim"": ""TRY""}",0.8,lanacak toplam finansman tutarı her bir bağımsız bölüm için ⟪1.250.000 TL⟫’yi aşmamak koşulu ile toplamda azami 3.000.000 TL olabilece,,,
vakif_katilim-79217d1d3717-p001,0,vakif_katilim,FINANSMAN_TUTARI,125.000 TL,"{""deger"": 125000.0, ""birim"": ""TRY""}",0.8,"Yasal düzenlemeler sonrasında kullanılan ihtiyaç finansmanı ⟪125.000 TL⟫ ve altında ise 36 ay, 125.000 TL ve 250.000 TL arasında ise",,,
vakif_katilim-79217d1d3717-p001,1,vakif_katilim,VADE_SURESI,36 ay,"{""deger"": 36, ""birim"": ""ay""}",0.85,"nda kullanılan ihtiyaç finansmanı 125.000 TL ve altında ise ⟪36 ay⟫, 125.000 TL ve 250.000 TL arasında ise 24 ay, 250.000 TL üz",,,
vakif_katilim-79217d1d3717-p001,2,vakif_katilim,FINANSMAN_TUTARI,125.000 TL,"{""deger"": 125000.0, ""birim"": ""TRY""}",0.8,"lanılan ihtiyaç finansmanı 125.000 TL ve altında ise 36 ay, ⟪125.000 TL⟫ ve 250.000 TL arasında ise 24 ay, 250.000 TL üzerinde ise 1",,,
vakif_katilim-79217d1d3717-p001,3,vakif_katilim,FINANSMAN_TUTARI,250.000 TL,"{""deger"": 250000.0, ""birim"": ""TRY""}",0.8,"ç finansmanı 125.000 TL ve altında ise 36 ay, 125.000 TL ve ⟪250.000 TL⟫ arasında ise 24 ay, 250.000 TL üzerinde ise 12 aydır. Cep t",,,
vakif_katilim-79217d1d3717-p001,4,vakif_katilim,FINANSMAN_TUTARI,250.000 TL,"{""deger"": 250000.0, ""birim"": ""TRY""}",0.8,"nda ise 36 ay, 125.000 TL ve 250.000 TL arasında ise 24 ay, ⟪250.000 TL⟫ üzerinde ise 12 aydır. Cep telefonu alışverişleriniz 20.000",,,
vakif_katilim-79217d1d3717-p025,0,vakif_katilim,FINANSMAN_TUTARI,125.000 TL,"{""deger"": 125000.0, ""birim"": ""TRY""}",0.8,"Yasal düzenlemeler sonrasında kullanılan ihtiyaç finansmanı ⟪125.000 TL⟫ ve altında ise 36 ay, 125.000 TL ve 250.000 TL arasında ise",,,
vakif_katilim-79217d1d3717-p025,1,vakif_katilim,VADE_SURESI,36 ay,"{""deger"": 36, ""birim"": ""ay""}",0.85,"nda kullanılan ihtiyaç finansmanı 125.000 TL ve altında ise ⟪36 ay⟫, 125.000 TL ve 250.000 TL arasında ise 24 ay, 250.000 TL üz",,,
vakif_katilim-79217d1d3717-p025,2,vakif_katilim,FINANSMAN_TUTARI,125.000 TL,"{""deger"": 125000.0, ""birim"": ""TRY""}",0.8,"lanılan ihtiyaç finansmanı 125.000 TL ve altında ise 36 ay, ⟪125.000 TL⟫ ve 250.000 TL arasında ise 24 ay, 250.000 TL üzerinde ise 1",,,
vakif_katilim-79217d1d3717-p025,3,vakif_katilim,FINANSMAN_TUTARI,250.000 TL,"{""deger"": 250000.0, ""birim"": ""TRY""}",0.8,"ç finansmanı 125.000 TL ve altında ise 36 ay, 125.000 TL ve ⟪250.000 TL⟫ arasında ise 24 ay, 250.000 TL üzerinde ise 12 aydır.",,,
vakif_katilim-79217d1d3717-p025,4,vakif_katilim,FINANSMAN_TUTARI,250.000 TL,"{""deger"": 250000.0, ""birim"": ""TRY""}",0.8,"nda ise 36 ay, 125.000 TL ve 250.000 TL arasında ise 24 ay, ⟪250.000 TL⟫ üzerinde ise 12 aydır.",,,
vakif_katilim-73cf4df31a54-p008,0,vakif_katilim,VADE_SURESI,60 ay,"{""deger"": 60, ""birim"": ""ay""}",0.85,"izi büyütmek için gayrimenkul yatırımına ihtiyacınız varsa, ⟪60 ay⟫ vadeyle %100'e kadar finansal destek alabilirsiniz.",,,
vakif_katilim-bc7e8f86fcd6-p034,0,vakif_katilim,VADE_SURESI,24 Ay,"{""deger"": 24, ""birim"": ""ay""}",0.85,⟪24 Ay⟫ 100.000 TL 36 Ay 100.000 TL 48 Ay *Tahsis ücreti finansman,,,
vakif_katilim-bc7e8f86fcd6-p034,1,vakif_katilim,TAHSIS_UCRETI,100.000 TL,"{""deger"": 100000.0, ""birim"": ""TRY""}",0.85,24 Ay ⟪100.000 TL⟫ 36 Ay 100.000 TL 48 Ay *Tahsis ücreti finansman tutarının %,,,
vakif_katilim-bc7e8f86fcd6-p034,2,vakif_katilim,VADE_SURESI,36 Ay,"{""deger"": 36, ""birim"": ""ay""}",0.85,"24 Ay 100.000 TL ⟪36 Ay⟫ 100.000 TL 48 Ay *Tahsis ücreti finansman tutarının %0,5'id",,,
vakif_katilim-bc7e8f86fcd6-p034,3,vakif_katilim,TAHSIS_UCRETI,100.000 TL,"{""deger"": 100000.0, ""birim"": ""TRY""}",0.85,"24 Ay 100.000 TL 36 Ay ⟪100.000 TL⟫ 48 Ay *Tahsis ücreti finansman tutarının %0,5'idir (BSMV Ha",,,
vakif_katilim-bc7e8f86fcd6-p034,4,vakif_katilim,VADE_SURESI,48 Ay,"{""deger"": 48, ""birim"": ""ay""}",0.85,"24 Ay 100.000 TL 36 Ay 100.000 TL ⟪48 Ay⟫ *Tahsis ücreti finansman tutarının %0,5'idir (BSMV Hariç).",,,
vakif_katilim-1c8f54264607-p000,0,vakif_katilim,VADE_SURESI,60 ay,"{""deger"": 60, ""birim"": ""ay""}",0.85,"izi büyütmek için gayrimenkul yatırımına ihtiyacınız varsa, ⟪60 ay⟫ vadeyle %100'e kadar finansal destek alabilirsiniz.",,,
vakif_katilim-37d164d8138f-p020,0,vakif_katilim,HARCAMA_ESIGI,10.000 TL,"{""deger"": 10000.0, ""birim"": ""TRY""}",0.8,toplam bakiyenin en az ⟪10.000 TL⟫ olması gerekir.,,,
vakif_katilim-1970f79392c9-p002,0,vakif_katilim,HARCAMA_ESIGI,10.000 TL,"{""deger"": 10000.0, ""birim"": ""TRY""}",0.8,ndıran Hesap Detayları Nelerdir? Hesap açılışı için minimum ⟪10.000 TL⟫ yatırılmalıdır. Gerçek kişiler hesap açılışı yapabilir. Hes,,,
vakif_katilim-1970f79392c9-p004,0,vakif_katilim,HARCAMA_ESIGI,10.000 TL,"{""deger"": 10000.0, ""birim"": ""TRY""}",0.8,Minimum yatırım tutarı ⟪10.000 TL⟫’dir. Maksimum yatırım tutarı ise 10.000.000 TL’dir.,,,
vakif_katilim-e8345dfbdeb7-p015,0,vakif_katilim,MASRAF_DURUMU,ücretsiz,"{""metin"": ""ücretsiz""}",0.7,"seçerek, tüm hesaplarınızı kamu bankası ve PTT ATM’lerinden ⟪ücretsiz⟫ görüntüleyebilir veya görünmesini istemediğiniz hesaplarını",,,
vakif_katilim-8c532833c0b6-p029,0,vakif_katilim,MASRAF_DURUMU,ücretsiz,"{""metin"": ""ücretsiz""}",0.7,esaplarınızı Vakıf Katılım ATM ve Kamu Bankaları ATM’sinden ⟪ücretsiz⟫ görüntüleyebilir veya görünmesini istemediğiniz hesaplarını,,,
vakif_katilim-747c4aa2b286-p004,0,vakif_katilim,VADE_SURESI,3 ay,"{""deger"": 3, ""birim"": ""ay""}",0.85,"Ürünün vadesi gerçek müşteriler için ⟪3 ay⟫, 6 ay ve 1 yıl olabilecektir.",,,
vakif_katilim-747c4aa2b286-p004,1,vakif_katilim,VADE_SURESI,6 ay,"{""deger"": 6, ""birim"": ""ay""}",0.85,"Ürünün vadesi gerçek müşteriler için 3 ay, ⟪6 ay⟫ ve 1 yıl olabilecektir.",,,
vakif_katilim-747c4aa2b286-p004,2,vakif_katilim,VADE_SURESI,1 yıl,"{""deger"": 12, ""birim"": ""ay""}",0.8,"Ürünün vadesi gerçek müşteriler için 3 ay, 6 ay ve ⟪1 yıl⟫ olabilecektir.",,,
vakif_katilim-c9e8cb9f3ddc-p008,0,vakif_katilim,VADE_SURESI,3 yıl,"{""deger"": 36, ""birim"": ""ay""}",0.8,Çeyiz hesabı asgari ⟪3 yıl⟫ vade ile TL cinsinden açılır ve her yıl kâr payı hak eder.,,,
vakif_katilim-c9e8cb9f3ddc-p011,0,vakif_katilim,HARCAMA_ESIGI,"1.804,57 TL","{""deger"": 1804.57, ""birim"": ""TRY""}",0.8,"Ödemeler; aylık periyotta asgari ⟪1.804,57 TL⟫, azami 18.045,98 TL,",,,
vakif_katilim-c9e8cb9f3ddc-p011,1,vakif_katilim,HARCAMA_ESIGI,"18.045,98 TL","{""deger"": 18045.98, ""birim"": ""TRY""}",0.8,"Ödemeler; aylık periyotta asgari 1.804,57 TL, azami ⟪18.045,98 TL⟫,",,,
vakif_katilim-c9e8cb9f3ddc-p012,0,vakif_katilim,HARCAMA_ESIGI,"5.413,78 TL","{""deger"": 5413.78, ""birim"": ""TRY""}",0.8,"3 aylık periyotta ise asgari ⟪5.413,78 TL⟫, azami 54.138,17 TL’dir.",,,
vakif_katilim-c9e8cb9f3ddc-p012,1,vakif_katilim,HARCAMA_ESIGI,"54.138,17 TL","{""deger"": 54138.17, ""birim"": ""TRY""}",0.8,"3 aylık periyotta ise asgari 5.413,78 TL, azami ⟪54.138,17 TL⟫’dir.",,,
vakif_katilim-6dc8c383a039-p002,0,vakif_katilim,KAMPANYA_SURESI,07/04/2015,"{""tarih"": ""2015-04-07""}",0.82,⟪07/04/2015⟫ tarihi itibarıyla tamamı kendi adına kayıtlı konut sahibi o,,,
vakif_katilim-6dc8c383a039-p008,0,vakif_katilim,KAMPANYA_SURESI,07/04/2015,"{""tarih"": ""2015-04-07""}",0.82,"Türk vatandaşı olması, ⟪07/04/2015⟫ tarihi itibarıyla tamamı kendi adına kayıtlı konut sahibi o",,,
vakif_katilim-6dc8c383a039-p015,0,vakif_katilim,VADE_SURESI,3 yıl,"{""deger"": 36, ""birim"": ""ay""}",0.8,Konut hesabı asgari ⟪3 yıl⟫ vade ile TL cinsinden açılır ve her yıl kâr payı hak eder.,,,
vakif_katilim-348be42d3358-p014,0,vakif_katilim,VADE_SURESI,1 ay,"{""deger"": 1, ""birim"": ""ay""}",0.85,"⟪1 ay⟫, 3 ay, 6 ay, 1 yıl vadeli olarak açılabildiği gibi 1 yıl ve",,,
vakif_katilim-348be42d3358-p014,1,vakif_katilim,VADE_SURESI,3 ay,"{""deger"": 3, ""birim"": ""ay""}",0.85,"1 ay, ⟪3 ay⟫, 6 ay, 1 yıl vadeli olarak açılabildiği gibi 1 yıl ve daha",,,
vakif_katilim-348be42d3358-p014,2,vakif_katilim,VADE_SURESI,6 ay,"{""deger"": 6, ""birim"": ""ay""}",0.85,"1 ay, 3 ay, ⟪6 ay⟫, 1 yıl vadeli olarak açılabildiği gibi 1 yıl ve daha uzun v",,,
vakif_katilim-348be42d3358-p014,3,vakif_katilim,VADE_SURESI,1 yıl,"{""deger"": 12, ""birim"": ""ay""}",0.8,"1 ay, 3 ay, 6 ay, ⟪1 yıl⟫ vadeli olarak açılabildiği gibi 1 yıl ve daha uzun vadeli k",,,
vakif_katilim-348be42d3358-p014,4,vakif_katilim,VADE_SURESI,1 yıl,"{""deger"": 12, ""birim"": ""ay""}",0.8,"1 ay, 3 ay, 6 ay, 1 yıl vadeli olarak açılabildiği gibi ⟪1 yıl⟫ ve daha uzun vadeli kâr payı ödemeli olarak da açılabilir.",,,
vakif_katilim-348be42d3358-p018,0,vakif_katilim,MASRAF_DURUMU,ücretsiz,"{""metin"": ""ücretsiz""}",0.7,esaplarınızı Vakıf Katılım ATM ve kamu bankaları ATM’sinden ⟪ücretsiz⟫ görüntüleyebilir veya görünmesini istemediğiniz hesaplarını,,,
vakif_katilim-4da5c16825ad-p000,0,vakif_katilim,HEDEF_KITLE,KOBİ,"{""metin"": ""kobi̇""}",0.85,⟪KOBİ⟫ Vakıf Katılım'da Bir Başvurunuz Yeter!,,,
vakif_katilim-4da5c16825ad-p011,0,vakif_katilim,HEDEF_KITLE,Kobi,"{""metin"": ""kobi""}",0.85,Detaylı İncele Hızlı İşlemler ⟪Kobi⟫ Ürünler,,,
vakif_katilim-4da5c16825ad-p014,0,vakif_katilim,HEDEF_KITLE,KOBİ,"{""metin"": ""kobi̇""}",0.85,⟪KOBİ⟫ Finansman Desteği KOBİ’lerimizin faaliyetleri doğrultusunda,,,
vakif_katilim-4da5c16825ad-p014,1,vakif_katilim,HEDEF_KITLE,KOBİ’lerimizin,"{""metin"": ""kobi̇’lerimizin""}",0.85,"KOBİ Finansman Desteği ⟪KOBİ’lerimizin⟫ faaliyetleri doğrultusunda ihtiyaç duyduğu ticari mal, taşı",,,
vakif_katilim-7e5b03ceff14-p004,0,vakif_katilim,VADE_SURESI,1 yıl,"{""deger"": 12, ""birim"": ""ay""}",0.8,(*)2012/4133 sayılı Bakanlar Kurulu Kararı'na göre ⟪1 yıl⟫ ve daha uzun vadeli hesaplar ile dönemsel kâr payı ödemeli,,,
vakif_katilim-7e5b03ceff14-p004,1,vakif_katilim,VADE_SURESI,1 ay,"{""deger"": 1, ""birim"": ""ay""}",0.85,"ve daha uzun vadeli hesaplar ile dönemsel kâr payı ödemeli (⟪1 ay⟫, 3 ay, 6 ay ya da 1 yıl) hesaplarda vadeden önce en fazla 2",,,
vakif_katilim-7e5b03ceff14-p004,2,vakif_katilim,VADE_SURESI,3 ay,"{""deger"": 3, ""birim"": ""ay""}",0.85,"a uzun vadeli hesaplar ile dönemsel kâr payı ödemeli (1 ay, ⟪3 ay⟫, 6 ay ya da 1 yıl) hesaplarda vadeden önce en fazla 2 defa",,,
vakif_katilim-7e5b03ceff14-p004,3,vakif_katilim,VADE_SURESI,6 ay,"{""deger"": 6, ""birim"": ""ay""}",0.85,"vadeli hesaplar ile dönemsel kâr payı ödemeli (1 ay, 3 ay, ⟪6 ay⟫ ya da 1 yıl) hesaplarda vadeden önce en fazla 2 defa ve top",,,
vakif_katilim-7e5b03ceff14-p004,4,vakif_katilim,VADE_SURESI,1 yıl,"{""deger"": 12, ""birim"": ""ay""}",0.8,"aplar ile dönemsel kâr payı ödemeli (1 ay, 3 ay, 6 ay ya da ⟪1 yıl⟫) hesaplarda vadeden önce en fazla 2 defa ve toplamda anapar",,,
vakif_katilim-9545720410e5-p007,0,vakif_katilim,KAMPANYA_SURESI,13.02.2026,"{""tarih"": ""2026-02-13""}",0.82,"• Kampanyada hak edilen iade tutarları ⟪13.02.2026⟫ tarihinde, kullanılan kredi kartlarına yansıtılacaktır.",,,
vakif_katilim-9545720410e5-p009,0,vakif_katilim,ODUL_MIKTARI,500 TL,"{""deger"": 500.0, ""birim"": ""TRY""}",0.83,• Müşteri bazında en fazla ⟪500 TL⟫ iade kazanılabilir.,,,
vakif_katilim-c3b2821f3c41-p002,1,vakif_katilim,ODUL_MIKTARI,1.000 TL,"{""deger"": 1000.0, ""birim"": ""TRY""}",0.83,www.masterpassplus.com web sitesi üzerinden IKEA’da geçerli ⟪1.000 TL⟫ indirim kuponu kazanacaklardır.,,,
vakif_katilim-c3b2821f3c41-p004,0,vakif_katilim,KAMPANYA_SURESI,15.03.2026,"{""tarih"": ""2026-03-15""}",0.82,"• Aldığınız indirim kuponunu, ⟪15.03.2026⟫ tarihine kadar, www.ikea.com.tr ve IKEA mobil uygulamasında",,,
vakif_katilim-c3b2821f3c41-p008,0,vakif_katilim,KAMPANYA_SURESI,15.03.2026,"{""tarih"": ""2026-03-15""}",0.82,• İndirim kuponu ⟪15.03.2026⟫ tarihine kadar geçerlidir.,,,
vakif_katilim-53451cfec2f3-p002,0,vakif_katilim,ODUL_MIKTARI,200 TL,"{""deger"": 200.0, ""birim"": ""TRY""}",0.83,"rpass’e kaydedin, www.masterpassplus.com internet sitesinde ⟪200 TL⟫ Martı kuponu kazanın!",,,
vakif_katilim-53451cfec2f3-p009,0,vakif_katilim,KAMPANYA_SURESI,22.12.2025,"{""tarih"": ""2025-12-22""}",0.82,Kampanya Şartları • ⟪22.12.2025⟫ ve 30.06.2026 tarihleri arasında Masterpass’e kayıtlı Vakıf,,,
vakif_katilim-53451cfec2f3-p009,1,vakif_katilim,KAMPANYA_SURESI,30.06.2026,"{""tarih"": ""2026-06-30""}",0.82,Kampanya Şartları • 22.12.2025 ve ⟪30.06.2026⟫ tarihleri arasında Masterpass’e kayıtlı Vakıf Katılım Maste,,,
vakif_katilim-53451cfec2f3-p009,2,vakif_katilim,ODUL_MIKTARI,200 TL,"{""deger"": 200.0, ""birim"": ""TRY""}",0.83,"stercard sahipleri, masterpassplus.com web sitesi üzerinden ⟪200 TL⟫ Martı kuponu kazanacaktır.",,,
vakif_katilim-df3f10a4207f-p000,0,vakif_katilim,VADE_SURESI,3 Ay,"{""deger"": 3, ""birim"": ""ay""}",0.85,⟪3 Ay⟫ Ertelemeli Taşıt Finansmanı Kampanya Geçerlilik Tarihi,,,
vakif_katilim-df3f10a4207f-p003,0,vakif_katilim,VADE_SURESI,48 ay,"{""deger"": 48, ""birim"": ""ay""}",0.85,"⟪48 ay⟫ vadeye kadar, sıfır ve 2. el araçlarda tüm vadelerde uygun",,,
vakif_katilim-df3f10a4207f-p004,0,vakif_katilim,VADE_SURESI,3 ay,"{""deger"": 3, ""birim"": ""ay""}",0.85,Kampanya Şartları Sıfır veya ikinci el araçlar için ⟪3 ay⟫ ödemesiz dönemli satın alma kolaylığı sağlayan finansmandır,,,
vakif_katilim-f1260be690c0-p002,2,vakif_katilim,ODUL_MIKTARI,250 TL,"{""deger"": 250.0, ""birim"": ""TRY""}",0.83,"erde 500 TL ve üzeri alışveriş yapın, LC Waikiki’de geçerli ⟪250 TL⟫ tutarında hediye çeki kazanın!",,,
vakif_katilim-f1260be690c0-p003,0,vakif_katilim,KAMPANYA_SURESI,14.11.2025,"{""tarih"": ""2025-11-14""}",0.82,ederiz. Hediye kodlarımızın tükenmesi sebebiyle kampanyamız ⟪14.11.2025⟫ tarihinde sonlandırılmıştır.,,,
vakif_katilim-f1260be690c0-p017,0,vakif_katilim,ODUL_MIKTARI,250 TL,"{""deger"": 250.0, ""birim"": ""TRY""}",0.83,"• Kampanyada her müşteri, 1 kez, en fazla ⟪250 TL⟫ hediye çeki hakkı kazanabilir.",,,
vakif_katilim-e78e53d1f4e9-p002,0,vakif_katilim,ODUL_MIKTARI,200 TL,"{""deger"": 200.0, ""birim"": ""TRY""}",0.83,"ın, tek seferde yapacağınız 1000 TL ve üzeri alışverişinize ⟪200 TL⟫ indirim kazanın! Üstelik 5000 TL ve üzeri alışverişinizde,",,,
vakif_katilim-e78e53d1f4e9-p002,1,vakif_katilim,ODUL_MIKTARI,350 TL,"{""deger"": 350.0, ""birim"": ""TRY""}",0.83,"stelik 5000 TL ve üzeri alışverişinizde, indirime ek olarak ⟪350 TL⟫ değerinde Yıllık Pazarama Plus Üyeliği hediye!",,,
vakif_katilim-e78e53d1f4e9-p005,0,vakif_katilim,ODUL_MIKTARI,200 TL,"{""deger"": 200.0, ""birim"": ""TRY""}",0.83,tlarınızla tek seferde 5000 TL ve üzeri alışverişte ise hem ⟪200 TL⟫ indirim hem 350 TL değerinde Yıllık Pazarama Plus üyeliği h,,,
vakif_katilim-e78e53d1f4e9-p005,1,vakif_katilim,ODUL_MIKTARI,350 TL,"{""deger"": 350.0, ""birim"": ""TRY""}",0.83,rde 5000 TL ve üzeri alışverişte ise hem 200 TL indirim hem ⟪350 TL⟫ değerinde Yıllık Pazarama Plus üyeliği hediye edilecektir.,,,
vakif_katilim-e78e53d1f4e9-p006,0,vakif_katilim,ODUL_MIKTARI,200 TL,"{""deger"": 200.0, ""birim"": ""TRY""}",0.83,• Hem ⟪200 TL⟫ indirim hem de 350 TL değerinde Yıllık Pazarama Plus üyelik,,,
vakif_katilim-e78e53d1f4e9-p006,1,vakif_katilim,ODUL_MIKTARI,350 TL,"{""deger"": 350.0, ""birim"": ""TRY""}",0.83,"• Hem 200 TL indirim hem de ⟪350 TL⟫ değerinde Yıllık Pazarama Plus üyelik hediyesinden, her bir",,,
vakif_katilim-e78e53d1f4e9-p007,0,vakif_katilim,ODUL_MIKTARI,200 TL,"{""deger"": 200.0, ""birim"": ""TRY""}",0.83,• ⟪200 TL⟫ indirime hak kazanmak için; kargo bedeli hariç sepet tutarı,,,
vakif_katilim-e78e53d1f4e9-p008,0,vakif_katilim,ODUL_MIKTARI,350 TL,"{""deger"": 350.0, ""birim"": ""TRY""}",0.83,• ⟪350 TL⟫ değerinde Yıllık Pazarama Plus Üyelik hediyesine hak kazanm,,,
vakif_katilim-66d72d521c15-p004,0,vakif_katilim,KAMPANYA_SURESI,14.12.2025,"{""tarih"": ""2025-12-14""}",0.82,"• Aldığınız indirim kuponunu, ⟪14.12.2025⟫ tarihine kadar, www.ikea.com.tr ve IKEA mobil uygulamasında",,,
vakif_katilim-66d72d521c15-p008,0,vakif_katilim,KAMPANYA_SURESI,14.12.2025,"{""tarih"": ""2025-12-14""}",0.82,• İndirim kuponu ⟪14.12.2025⟫ tarihine kadar geçerlidir.,,,
vakif_katilim-c2f1b3190800-p002,2,vakif_katilim,ODUL_MIKTARI,250 TL,"{""deger"": 250.0, ""birim"": ""TRY""}",0.83,"ek seferde 500 TL ve üzeri alışveriş yapın, A101’de geçerli ⟪250 TL⟫ tutarında hediye çeki kazanın.",,,
vakif_katilim-c2f1b3190800-p017,0,vakif_katilim,ODUL_MIKTARI,250 TL,"{""deger"": 250.0, ""birim"": ""TRY""}",0.83,"• Kampanya müşteri bazında olup, en fazla 1 adet ⟪250 TL⟫ tutarında hediye çekine hak kazanılabilecektir.",,,
vakif_katilim-686907565aff-p008,0,vakif_katilim,KAMPANYA_SURESI,07.11.2025,"{""tarih"": ""2025-11-07""}",0.82,"• Kampanyada hak edilen iade tutarları ⟪07.11.2025⟫ tarihinde, kullanılan kredi kartlarına yansıtılacaktır.",,,
vakif_katilim-686907565aff-p010,0,vakif_katilim,ODUL_MIKTARI,600 TL,"{""deger"": 600.0, ""birim"": ""TRY""}",0.83,• Müşteri bazında en fazla ⟪600 TL⟫ iade kazanılabilir.,,,
vakif_katilim-c92c1d99c738-p002,2,vakif_katilim,ODUL_MIKTARI,250 TL,"{""deger"": 250.0, ""birim"": ""TRY""}",0.83,"erde 500 TL ve üzeri alışveriş yapın, LC Waikiki’de geçerli ⟪250 TL⟫ tutarında hediye çeki kazanın!",,,
vakif_katilim-c92c1d99c738-p016,0,vakif_katilim,ODUL_MIKTARI,250 TL,"{""deger"": 250.0, ""birim"": ""TRY""}",0.83,"• Kampanyada her müşteri, 1 kez, en fazla ⟪250 TL⟫ hediye çeki hakkı kazanabilir.",,,
vakif_katilim-6cff74d29214-p008,1,vakif_katilim,KAMPANYA_SURESI,31.12.2025,"{""tarih"": ""2025-12-31""}",0.82,"• Sepette %25 indirim, üye bazında, ⟪31.12.2025⟫ tarihine kadar en fazla 2 kez kullanılabilir.",,,
ziraat_katilim-1e06feaffd55-p002,0,ziraat_katilim,FINANSMAN_TUTARI,30.000 TL,"{""deger"": 30000.0, ""birim"": ""TRY""}",0.8,Bireysel Kredi Kartı Gecikme Cezası Dönem Borcu ⟪30.000 TL⟫ altı % 3.55,,,
ziraat_katilim-41ef8dab7801-p002,0,ziraat_katilim,VADE_SURESI,60 ay,"{""deger"": 60, ""birim"": ""ay""}",0.85,Güncelleme Tarihi Tahsis Ücreti (1-⟪60 ay⟫ vade),,,
ziraat_katilim-41ef8dab7801-p007,0,ziraat_katilim,VADE_SURESI,60 ay,"{""deger"": 60, ""birim"": ""ay""}",0.85,"Yıllık Maliyet Oranı 100.000.-TL ⟪60 ay⟫ vadeli Arsa Finansmanı için finansman tahsis ücreti, eksper",,,
ziraat_katilim-41ef8dab7801-p008,0,ziraat_katilim,VADE_SURESI,60 ay,"{""deger"": 60, ""birim"": ""ay""}",0.85,Kâr oranı (1-⟪60 ay⟫ vade) KKDF ve BSMV hariçtir.,,,
ziraat_katilim-41ef8dab7801-p010,0,ziraat_katilim,VADE_SURESI,36 ay,"{""deger"": 36, ""birim"": ""ay""}",0.85,Azami Oran Açıklama Güncelleme Tarihi Kâr oranı (1-⟪36 ay⟫ vade),,,
ziraat_katilim-41ef8dab7801-p011,0,ziraat_katilim,FINANSMAN_TUTARI,125.000 TL'ye kadar,"{""deger"": 125000.0, ""birim"": ""TRY"", ""sinir"": ""ust""}",0.88,"KKDF ve BSMV hariçtir. 1 - ⟪125.000 TL'ye kadar⟫ olan finansmanlarda azami vade 36 ay, 125.001 - 250.000 TL'",,,
ziraat_katilim-41ef8dab7801-p011,2,ziraat_katilim,FINANSMAN_TUTARI,250.000 TL'ye kadar,"{""deger"": 250000.0, ""birim"": ""TRY"", ""sinir"": ""ust""}",0.88,"TL'ye kadar olan finansmanlarda azami vade 36 ay, 125.001 - ⟪250.000 TL'ye kadar⟫ olan finansmanlarda azami vade 24 ay, 250.000 TL üzerinde f",,,
ziraat_katilim-41ef8dab7801-p011,4,ziraat_katilim,FINANSMAN_TUTARI,250.000 TL,"{""deger"": 250000.0, ""birim"": ""TRY""}",0.8,"- 250.000 TL'ye kadar olan finansmanlarda azami vade 24 ay, ⟪250.000 TL⟫ üzerinde finansmanlarda ise vade 12 aydır.",,,
ziraat_katilim-41ef8dab7801-p012,0,ziraat_katilim,VADE_SURESI,36 ay,"{""deger"": 36, ""birim"": ""ay""}",0.85,Tahsis Ücreti (1-⟪36 ay⟫ vade) BSMV'den muaftır.,,,
ziraat_katilim-41ef8dab7801-p018,0,ziraat_katilim,VADE_SURESI,36 ay,"{""deger"": 36, ""birim"": ""ay""}",0.85,Yıllık Maliyet Oranı 100.000.-TL ⟪36 ay⟫ vadeli Yasa Kapsamında İpotekli Bireysel Finansman için fin,,,
ziraat_katilim-41ef8dab7801-p019,0,ziraat_katilim,VADE_SURESI,36 ay,"{""deger"": 36, ""birim"": ""ay""}",0.85,Erken Kapama Komisyonu (1-⟪36 ay⟫ vade) Konut finansmanı yasası kapsamında kullandırılmış kre,,,
ziraat_katilim-41ef8dab7801-p019,1,ziraat_katilim,VADE_SURESI,36 ay,"{""deger"": 36, ""birim"": ""ay""}",0.85,"ı yasası kapsamında kullandırılmış kredilerde, kalan vadesi ⟪36 ay⟫ ve daha az ise, bir ya da birden fazla taksidin erken ödenm",,,
ziraat_katilim-41ef8dab7801-p020,0,ziraat_katilim,VADE_SURESI,36 ay,"{""deger"": 36, ""birim"": ""ay""}",0.85,Erken Kapama Komisyonu (⟪36 ay⟫ üzeri vade),,,
ziraat_katilim-41ef8dab7801-p023,0,ziraat_katilim,VADE_SURESI,36 ay,"{""deger"": 36, ""birim"": ""ay""}",0.85,Azami Oran Açıklama Güncelleme Tarihi Kâr oranı (1-⟪36 ay⟫ vade),,,
ziraat_katilim-41ef8dab7801-p024,0,ziraat_katilim,FINANSMAN_TUTARI,125.000 TL'ye kadar,"{""deger"": 125000.0, ""birim"": ""TRY"", ""sinir"": ""ust""}",0.88,"KKDF ve BSMV hariçtir. 1 - ⟪125.000 TL'ye kadar⟫ olan finansmanlarda azami vade 36 ay, 125.001 - 250.000 TL'",,,
ziraat_katilim-41ef8dab7801-p024,2,ziraat_katilim,FINANSMAN_TUTARI,250.000 TL'ye kadar,"{""deger"": 250000.0, ""birim"": ""TRY"", ""sinir"": ""ust""}",0.88,"TL'ye kadar olan finansmanlarda azami vade 36 ay, 125.001 - ⟪250.000 TL'ye kadar⟫ olan finansmanlarda azami vade 24 ay, 250.000 TL üzerinde f",,,
ziraat_katilim-41ef8dab7801-p024,4,ziraat_katilim,FINANSMAN_TUTARI,250.000 TL,"{""deger"": 250000.0, ""birim"": ""TRY""}",0.8,"- 250.000 TL'ye kadar olan finansmanlarda azami vade 24 ay, ⟪250.000 TL⟫ üzerinde finansmanlarda ise vade 12 aydır.",,,
ziraat_katilim-41ef8dab7801-p025,0,ziraat_katilim,VADE_SURESI,36 ay,"{""deger"": 36, ""birim"": ""ay""}",0.85,Tahsis Ücreti (1-⟪36 ay⟫ vade) BSMV hariçtir.,,,
ziraat_katilim-41ef8dab7801-p031,0,ziraat_katilim,VADE_SURESI,36 ay,"{""deger"": 36, ""birim"": ""ay""}",0.85,Yıllık Maliyet Oranı 100.000.-TL ⟪36 ay⟫ vadeli İpotekli Bireysel Finansman için finansman tahsis üc,,,
ziraat_katilim-41ef8dab7801-p033,0,ziraat_katilim,VADE_SURESI,60 ay,"{""deger"": 60, ""birim"": ""ay""}",0.85,Azami Oran Açıklama Güncelleme Tarihi Kâr oranı (1-⟪60 ay⟫ vade),,,
ziraat_katilim-41ef8dab7801-p034,0,ziraat_katilim,VADE_SURESI,60 ay,"{""deger"": 60, ""birim"": ""ay""}",0.85,KKDF ve BSMV hariçtir. Tahsis Ücreti (1-⟪60 ay⟫ vade),,,
ziraat_katilim-41ef8dab7801-p041,0,ziraat_katilim,VADE_SURESI,60 ay,"{""deger"": 60, ""birim"": ""ay""}",0.85,Yıllık Maliyet Oranı 100.000.-TL ⟪60 ay⟫ vadeli Bireysel İşyeri Finansmanı için finansman tahsis ücr,,,
ziraat_katilim-41ef8dab7801-p045,0,ziraat_katilim,VADE_SURESI,36 ay,"{""deger"": 36, ""birim"": ""ay""}",0.85,Yıllık Maliyet Oranı 20.000.-TL ⟪36 ay⟫ vadeli İhtiyaç Finansmanı için finansman tahsis ücreti ve v,,,
ziraat_katilim-41ef8dab7801-p046,0,ziraat_katilim,VADE_SURESI,36 ay,"{""deger"": 36, ""birim"": ""ay""}",0.85,Kâr oranı (1-⟪36 ay⟫ vade) KKDF ve BSMV hariçtir. 1 - 125.000 TL'ye kadar olan f,,,
ziraat_katilim-41ef8dab7801-p046,1,ziraat_katilim,FINANSMAN_TUTARI,125.000 TL'ye kadar,"{""deger"": 125000.0, ""birim"": ""TRY"", ""sinir"": ""ust""}",0.88,"Kâr oranı (1-36 ay vade) KKDF ve BSMV hariçtir. 1 - ⟪125.000 TL'ye kadar⟫ olan finansmanlarda azami vade 36 ay, 125.001 - 250.000 TL'",,,
ziraat_katilim-41ef8dab7801-p046,3,ziraat_katilim,FINANSMAN_TUTARI,250.000 TL'ye kadar,"{""deger"": 250000.0, ""birim"": ""TRY"", ""sinir"": ""ust""}",0.88,"TL'ye kadar olan finansmanlarda azami vade 36 ay, 125.001 - ⟪250.000 TL'ye kadar⟫ olan finansmanlarda azami vade 24 ay, 250.000 TL üzerinde f",,,
ziraat_katilim-41ef8dab7801-p046,5,ziraat_katilim,FINANSMAN_TUTARI,250.000 TL,"{""deger"": 250000.0, ""birim"": ""TRY""}",0.8,"- 250.000 TL'ye kadar olan finansmanlarda azami vade 24 ay, ⟪250.000 TL⟫ üzerinde finansmanlarda ise vade 12 aydır.",,,
ziraat_katilim-41ef8dab7801-p050,0,ziraat_katilim,VADE_SURESI,36 ay,"{""deger"": 36, ""birim"": ""ay""}",0.85,Yıllık Maliyet Oranı 20.000.-TL ⟪36 ay⟫ vadeli İhtiyaç Finansmanı için finansman tahsis ücreti ve v,,,
ziraat_katilim-41ef8dab7801-p051,0,ziraat_katilim,VADE_SURESI,36 ay,"{""deger"": 36, ""birim"": ""ay""}",0.85,Kâr oranı (1-⟪36 ay⟫ vade) KKDF ve BSMV hariçtir. 1 - 125.000 TL'ye kadar olan f,,,
ziraat_katilim-41ef8dab7801-p051,1,ziraat_katilim,FINANSMAN_TUTARI,125.000 TL'ye kadar,"{""deger"": 125000.0, ""birim"": ""TRY"", ""sinir"": ""ust""}",0.88,"Kâr oranı (1-36 ay vade) KKDF ve BSMV hariçtir. 1 - ⟪125.000 TL'ye kadar⟫ olan finansmanlarda azami vade 36 ay, 125.001 - 250.000 TL'",,,
ziraat_katilim-41ef8dab7801-p051,3,ziraat_katilim,FINANSMAN_TUTARI,250.000 TL'ye kadar,"{""deger"": 250000.0, ""birim"": ""TRY"", ""sinir"": ""ust""}",0.88,"TL'ye kadar olan finansmanlarda azami vade 36 ay, 125.001 - ⟪250.000 TL'ye kadar⟫ olan finansmanlarda azami vade 24 ay, 250.000 TL üzerinde f",,,
ziraat_katilim-41ef8dab7801-p051,5,ziraat_katilim,FINANSMAN_TUTARI,250.000 TL,"{""deger"": 250000.0, ""birim"": ""TRY""}",0.8,"- 250.000 TL'ye kadar olan finansmanlarda azami vade 24 ay, ⟪250.000 TL⟫ üzerinde finansmanlarda ise vade 12 aydır.",,,
ziraat_katilim-41ef8dab7801-p053,0,ziraat_katilim,VADE_SURESI,3 ay,"{""deger"": 3, ""birim"": ""ay""}",0.85,Azami Oran Açıklama Güncelleme Tarihi Kâr oranı (1-⟪3 ay⟫ vade),,,
ziraat_katilim-41ef8dab7801-p056,0,ziraat_katilim,VADE_SURESI,3 ay,"{""deger"": 3, ""birim"": ""ay""}",0.85,Yıllık Maliyet Oranı 10.000.-TL ⟪3 ay⟫ vadeli İhtiyaç Finansmanı için finansman tahsis ücreti ve v,,,
ziraat_katilim-41ef8dab7801-p060,0,ziraat_katilim,VADE_SURESI,36 ay,"{""deger"": 36, ""birim"": ""ay""}",0.85,Erken Kapama Komisyonu (1-⟪36 ay⟫ vade) Konut finansmanı yasası kapsamında kullandırılmış fin,,,
ziraat_katilim-41ef8dab7801-p060,1,ziraat_katilim,VADE_SURESI,36 ay,"{""deger"": 36, ""birim"": ""ay""}",0.85,"sası kapsamında kullandırılmış finansmanlarda, kalan vadesi ⟪36 ay⟫ ve daha az ise, bir ya da birden fazla taksidin erken ödenm",,,
ziraat_katilim-41ef8dab7801-p061,0,ziraat_katilim,VADE_SURESI,36 ay,"{""deger"": 36, ""birim"": ""ay""}",0.85,Erken Kapama Komisyonu (⟪36 ay⟫ üzeri vade),,,
ziraat_katilim-41ef8dab7801-p065,0,ziraat_katilim,VADE_SURESI,120 ay,"{""deger"": 120, ""birim"": ""ay""}",0.85,Kâr oranı (1-⟪120 ay⟫ vade) KKDF ve BSMV'den muaftır.,,,
ziraat_katilim-41ef8dab7801-p066,0,ziraat_katilim,VADE_SURESI,120 ay,"{""deger"": 120, ""birim"": ""ay""}",0.85,Tahsis Ücreti (1-⟪120 ay⟫ vade) BSMV'den muaftır.,,,
ziraat_katilim-41ef8dab7801-p067,0,ziraat_katilim,TAHSIS_UCRETI,100.000 TL,"{""deger"": 100000.0, ""birim"": ""TRY""}",0.85,Yıllık Maliyet Oranı ⟪100.000 TL⟫ 120 ay vadeli Konut Finansmanı için finansman tahsis ücreti,,,
ziraat_katilim-41ef8dab7801-p067,1,ziraat_katilim,VADE_SURESI,120 ay,"{""deger"": 120, ""birim"": ""ay""}",0.85,Yıllık Maliyet Oranı 100.000 TL ⟪120 ay⟫ vadeli Konut Finansmanı için finansman tahsis ücreti ve ipo,,,
ziraat_katilim-41ef8dab7801-p071,0,ziraat_katilim,VADE_SURESI,36 ay,"{""deger"": 36, ""birim"": ""ay""}",0.85,Erken Kapama Komisyonu (1-⟪36 ay⟫ vade) Konut finansmanı yasası kapsamında kullandırılmış fin,,,
ziraat_katilim-41ef8dab7801-p071,1,ziraat_katilim,VADE_SURESI,36 ay,"{""deger"": 36, ""birim"": ""ay""}",0.85,"sası kapsamında kullandırılmış finansmanlarda, kalan vadesi ⟪36 ay⟫ ve daha az ise, bir ya da birden fazla taksidin erken ödenm",,,
ziraat_katilim-41ef8dab7801-p072,0,ziraat_katilim,VADE_SURESI,36 ay,"{""deger"": 36, ""birim"": ""ay""}",0.85,Erken Kapama Komisyonu (⟪36 ay⟫ üzeri vade),,,
ziraat_katilim-41ef8dab7801-p076,0,ziraat_katilim,VADE_SURESI,120 ay,"{""deger"": 120, ""birim"": ""ay""}",0.85,Kâr Oranı(1-⟪120 ay⟫ vade) KKDF ve BSMV'den muaftır.,,,
ziraat_katilim-41ef8dab7801-p077,0,ziraat_katilim,VADE_SURESI,120 ay,"{""deger"": 120, ""birim"": ""ay""}",0.85,Tahsis Ücreti (1-⟪120 ay⟫ vade) BSMV'den muaftır.,,,
ziraat_katilim-41ef8dab7801-p078,0,ziraat_katilim,TAHSIS_UCRETI,100.000 TL,"{""deger"": 100000.0, ""birim"": ""TRY""}",0.85,Yıllık Maliyet Oranı ⟪100.000 TL⟫ 120 ay vadeli Konut Finansmanı için finansman tahsis ücreti,,,
ziraat_katilim-41ef8dab7801-p078,1,ziraat_katilim,VADE_SURESI,120 ay,"{""deger"": 120, ""birim"": ""ay""}",0.85,Yıllık Maliyet Oranı 100.000 TL ⟪120 ay⟫ vadeli Konut Finansmanı için finansman tahsis ücreti ve ipo,,,
ziraat_katilim-41ef8dab7801-p083,0,ziraat_katilim,VADE_SURESI,36 ay,"{""deger"": 36, ""birim"": ""ay""}",0.85,Erken Kapama Komisyonu (1-⟪36 ay⟫ vade) Konut finansmanı yasası kapsamında kullandırılmış fin,,,
ziraat_katilim-41ef8dab7801-p083,1,ziraat_katilim,VADE_SURESI,36 ay,"{""deger"": 36, ""birim"": ""ay""}",0.85,"sası kapsamında kullandırılmış finansmanlarda, kalan vadesi ⟪36 ay⟫ ve daha az ise, bir ya da birden fazla taksidin erken ödenm",,,
ziraat_katilim-41ef8dab7801-p084,0,ziraat_katilim,VADE_SURESI,36 ay,"{""deger"": 36, ""birim"": ""ay""}",0.85,Erken Kapama Komisyonu (⟪36 ay⟫ üzeri vade),,,
ziraat_katilim-41ef8dab7801-p088,0,ziraat_katilim,VADE_SURESI,120 ay,"{""deger"": 120, ""birim"": ""ay""}",0.85,Kâr oranı (1-⟪120 ay⟫ vade) KKDF ve BSMV'den muaftır.,,,
ziraat_katilim-41ef8dab7801-p089,0,ziraat_katilim,VADE_SURESI,120 ay,"{""deger"": 120, ""birim"": ""ay""}",0.85,Kâr oranı (61-⟪120 ay⟫ vade) KKDF ve BSMV'den muaftır.,,,
ziraat_katilim-41ef8dab7801-p091,0,ziraat_katilim,VADE_SURESI,120 ay,"{""deger"": 120, ""birim"": ""ay""}",0.85,Tahsis Ücreti (1-⟪120 ay⟫ vade) BSMV'den muaftır.,,,
ziraat_katilim-41ef8dab7801-p092,0,ziraat_katilim,VADE_SURESI,120 ay,"{""deger"": 120, ""birim"": ""ay""}",0.85,Yıllık Maliyet Oranı 80.000 -TL ⟪120 ay⟫ vadeli Kentsel Dönüşüm Güçlendirme Konut/İşyeri Finansmanı,,,
ziraat_katilim-41ef8dab7801-p097,0,ziraat_katilim,VADE_SURESI,120 ay,"{""deger"": 120, ""birim"": ""ay""}",0.85,Erken Kapama Komisyonu (1-⟪120 ay⟫ vade) Hayat Sigortası,,,
ziraat_katilim-41ef8dab7801-p100,0,ziraat_katilim,VADE_SURESI,120 ay,"{""deger"": 120, ""birim"": ""ay""}",0.85,Kâr oranı (1-⟪120 ay⟫ vade) KKDF ve BSMV'den muaftır,,,
ziraat_katilim-41ef8dab7801-p101,0,ziraat_katilim,VADE_SURESI,120 ay,"{""deger"": 120, ""birim"": ""ay""}",0.85,Kâr oranı (60-⟪120 ay⟫ vade) KKDF ve BSMV'den muaftır.,,,
ziraat_katilim-41ef8dab7801-p103,0,ziraat_katilim,VADE_SURESI,120 ay,"{""deger"": 120, ""birim"": ""ay""}",0.85,Tahsis Ücreti (1-⟪120 ay⟫ vade) BSMV'den muaftır.,,,
ziraat_katilim-41ef8dab7801-p104,0,ziraat_katilim,VADE_SURESI,120 ay,"{""deger"": 120, ""birim"": ""ay""}",0.85,Yıllık Maliyet Oranı 80.000 -TL ⟪120 ay⟫ vadeli Kentsel Dönüşüm Güçlendirme Konut/İşyeri Finansmanı,,,
ziraat_katilim-41ef8dab7801-p109,0,ziraat_katilim,VADE_SURESI,84 ay,"{""deger"": 84, ""birim"": ""ay""}",0.85,Erken Kapama Komisyonu (1-⟪84 ay⟫ vade) Hayat Sigortası,,,
ziraat_katilim-41ef8dab7801-p112,0,ziraat_katilim,VADE_SURESI,84 ay,"{""deger"": 84, ""birim"": ""ay""}",0.85,Kâr oranı (1-⟪84 ay⟫ vade) KKDF ve BSMV'den muaftır.,,,
ziraat_katilim-41ef8dab7801-p114,0,ziraat_katilim,VADE_SURESI,84 ay,"{""deger"": 84, ""birim"": ""ay""}",0.85,Tahsis Ücreti (1-⟪84 ay⟫ vade) BSMV'den muaftır.,,,
ziraat_katilim-41ef8dab7801-p115,0,ziraat_katilim,VADE_SURESI,60 ay,"{""deger"": 60, ""birim"": ""ay""}",0.85,Yıllık Maliyet Oranı 100.000 TL ⟪60 ay⟫ vadeli Kentsel Dönüşüm İşyeri Finansmanı için finansman tah,,,
ziraat_katilim-41ef8dab7801-p120,0,ziraat_katilim,VADE_SURESI,36 ay,"{""deger"": 36, ""birim"": ""ay""}",0.85,Erken Kapama Komisyonu (1-⟪36 ay⟫ vade) Konut finansmanı yasası kapsamında kullandırılmış fin,,,
ziraat_katilim-41ef8dab7801-p120,1,ziraat_katilim,VADE_SURESI,36 ay,"{""deger"": 36, ""birim"": ""ay""}",0.85,"sası kapsamında kullandırılmış finansmanlarda, kalan vadesi ⟪36 ay⟫ ve daha az ise, bir ya da birden fazla taksidin erken ödenm",,,
ziraat_katilim-41ef8dab7801-p121,0,ziraat_katilim,VADE_SURESI,36 ay,"{""deger"": 36, ""birim"": ""ay""}",0.85,Erken Kapama Komisyonu (⟪36 ay⟫ üzeri vade),,,
ziraat_katilim-41ef8dab7801-p125,0,ziraat_katilim,VADE_SURESI,120 ay,"{""deger"": 120, ""birim"": ""ay""}",0.85,Kâr oranı (1-⟪120 ay⟫ vade) KKDF ve BSMV'den muaftır.,,,
ziraat_katilim-41ef8dab7801-p127,0,ziraat_katilim,VADE_SURESI,120 ay,"{""deger"": 120, ""birim"": ""ay""}",0.85,Tahsis Ücreti (1-⟪120 ay⟫ vade) BSMV'den muaftır.,,,
ziraat_katilim-41ef8dab7801-p128,0,ziraat_katilim,VADE_SURESI,120 ay,"{""deger"": 120, ""birim"": ""ay""}",0.85,Yıllık Maliyet Oranı 100.000 TL ⟪120 ay⟫ vadeli Kentsel Dönüşüm Konut Edinme/Yapım Finansmanı için f,,,
ziraat_katilim-41ef8dab7801-p130,0,ziraat_katilim,VADE_SURESI,24 ay,"{""deger"": 24, ""birim"": ""ay""}",0.85,Azami Oran Açıklama Güncelleme Tarihi Kâr oranı (1-⟪24 ay⟫ vade),,,
ziraat_katilim-41ef8dab7801-p132,0,ziraat_katilim,VADE_SURESI,36 ay,"{""deger"": 36, ""birim"": ""ay""}",0.85,Kâr oranı (25-⟪36 ay⟫ vade) 0 km ve 5 yaşına kadar (dahil) 2. el taşıtlar için ol,,,
ziraat_katilim-41ef8dab7801-p135,0,ziraat_katilim,VADE_SURESI,36 ay,"{""deger"": 36, ""birim"": ""ay""}",0.85,Yıllık Maliyet Oranı 20.000.-TL ⟪36 ay⟫ vadeli Taşıt Finansmanı için finansman tahsis ücreti ve ver,,,
ziraat_katilim-41ef8dab7801-p136,0,ziraat_katilim,VADE_SURESI,48 ay,"{""deger"": 48, ""birim"": ""ay""}",0.85,Kâr Oranı (37-⟪48 ay⟫ vade) 0 km ve 5 yaşına kadar (dahil) 2. el taşıtlar için ol,,,
ziraat_katilim-41ef8dab7801-p138,0,ziraat_katilim,VADE_SURESI,60 ay,"{""deger"": 60, ""birim"": ""ay""}",0.85,Azami Oran Açıklama Güncelleme Tarihi Tahsis Ücreti (1-⟪60 ay⟫ vade),,,
ziraat_katilim-41ef8dab7801-p141,0,ziraat_katilim,VADE_SURESI,24 ay,"{""deger"": 24, ""birim"": ""ay""}",0.85,Kâr oranı (1-⟪24 ay⟫ vade) 0 km ve 5 yaşına kadar (dahil) 2. el taşıtlar için ol,,,
ziraat_katilim-41ef8dab7801-p142,0,ziraat_katilim,VADE_SURESI,36 ay,"{""deger"": 36, ""birim"": ""ay""}",0.85,Kâr oranı (25-⟪36 ay⟫ vade) 0 km ve 5 yaşına kadar (dahil) 2. el taşıtlar için ol,,,
ziraat_katilim-41ef8dab7801-p144,0,ziraat_katilim,VADE_SURESI,48 ay,"{""deger"": 48, ""birim"": ""ay""}",0.85,Tahsis Ücreti (1-⟪48 ay⟫ vade) O 0 km ve 5 yaşına kadar (dahil) 2. el taşıtlar için,,,
ziraat_katilim-41ef8dab7801-p145,0,ziraat_katilim,VADE_SURESI,36 ay,"{""deger"": 36, ""birim"": ""ay""}",0.85,Yıllık Maliyet Oranı 20.000.-TL ⟪36 ay⟫ vadeli Taşıt Finansmanı için finansman tahsis ücreti ve ver,,,
ziraat_katilim-41ef8dab7801-p149,0,ziraat_katilim,VADE_SURESI,24 ay,"{""deger"": 24, ""birim"": ""ay""}",0.85,Kâr oranı (1-⟪24 ay⟫ vade) 0 km ve 5 yaşına kadar (dahil) 2. el taşıtlar için ol,,,
ziraat_katilim-41ef8dab7801-p151,0,ziraat_katilim,VADE_SURESI,36 ay,"{""deger"": 36, ""birim"": ""ay""}",0.85,Tahsis Ücreti (1-⟪36 ay⟫ vade) 0 km ve 5 yaşına kadar (dahil) 2. el taşıtlar için ol,,,
ziraat_katilim-41ef8dab7801-p152,0,ziraat_katilim,VADE_SURESI,24 ay,"{""deger"": 24, ""birim"": ""ay""}",0.85,Yıllık Maliyet Oranı 20.000.-TL ⟪24 ay⟫ vadeli Taşıt Finansmanı için finansman tahsis ücreti ve ver,,,
ziraat_katilim-41ef8dab7801-p157,0,ziraat_katilim,VADE_SURESI,12 ay,"{""deger"": 12, ""birim"": ""ay""}",0.85,Kâr oranı (1-⟪12 ay⟫ vade) 0 km ve 5 yaşına kadar (dahil) 2. el taşıtlar için de,,,
ziraat_katilim-41ef8dab7801-p159,0,ziraat_katilim,VADE_SURESI,24 ay,"{""deger"": 24, ""birim"": ""ay""}",0.85,Tahsis Ücreti (1-⟪24 ay⟫ vade) 0 km ve 5 yaşına kadar (dahil) 2. el taşıtlar için ol,,,
ziraat_katilim-41ef8dab7801-p160,0,ziraat_katilim,VADE_SURESI,12 ay,"{""deger"": 12, ""birim"": ""ay""}",0.85,Yıllık Maliyet Oranı 20.000.-TL ⟪12 ay⟫ vadeli Taşıt Finansmanı için finansman tahsis ücreti ve ver,,,
ziraat_katilim-41ef8dab7801-p162,0,ziraat_katilim,VADE_SURESI,24 ay,"{""deger"": 24, ""birim"": ""ay""}",0.85,Azami Oran Açıklama Güncelleme Tarihi Kâr oranı (1-⟪24 ay⟫ vade),,,
ziraat_katilim-41ef8dab7801-p164,0,ziraat_katilim,VADE_SURESI,36 ay,"{""deger"": 36, ""birim"": ""ay""}",0.85,Kâr oranı (25-⟪36 ay⟫ vade) 0 km ve 5 yaşına kadar (dahil) 2. el taşıtlar için ol,,,
ziraat_katilim-41ef8dab7801-p165,0,ziraat_katilim,VADE_SURESI,60 ay,"{""deger"": 60, ""birim"": ""ay""}",0.85,Tahsis Ücreti (1-⟪60 ay⟫ vade) 0 km ve 5 yaşına kadar (dahil) 2. el taşıtlar için ol,,,
ziraat_katilim-41ef8dab7801-p168,0,ziraat_katilim,VADE_SURESI,24 ay,"{""deger"": 24, ""birim"": ""ay""}",0.85,Yıllık Maliyet Oranı 20.000.-TL ⟪24 ay⟫ vadeli Taşıt Finansmanı için finansman tahsis ücreti ve ver,,,
ziraat_katilim-41ef8dab7801-p169,0,ziraat_katilim,VADE_SURESI,48 ay,"{""deger"": 48, ""birim"": ""ay""}",0.85,Kâr oranı (37-⟪48 ay⟫ vade) 0 km ve 5 yaşına kadar (dahil) 2. el taşıtlar için ol,,,
ziraat_katilim-41ef8dab7801-p173,0,ziraat_katilim,VADE_SURESI,24 ay,"{""deger"": 24, ""birim"": ""ay""}",0.85,Kar Oranı (1-⟪24 ay⟫ vade) 0 km ve 5 yaşına kadar (dahil) 2. el taşıtlar için ol,,,
ziraat_katilim-41ef8dab7801-p174,0,ziraat_katilim,VADE_SURESI,36 ay,"{""deger"": 36, ""birim"": ""ay""}",0.85,Kar Oranı (25-⟪36 ay⟫ vade) 0 km ve 5 yaşına kadar (dahil) 2. el taşıtlar için ol,,,
ziraat_katilim-41ef8dab7801-p176,0,ziraat_katilim,VADE_SURESI,48 ay,"{""deger"": 48, ""birim"": ""ay""}",0.85,Tahsis Ücreti (1-⟪48 ay⟫ vade) 0 km ve 5 yaşına kadar (dahil) 2. el taşıtlar için ol,,,
ziraat_katilim-41ef8dab7801-p177,0,ziraat_katilim,VADE_SURESI,36 ay,"{""deger"": 36, ""birim"": ""ay""}",0.85,Yıllık Maliyet Oranı 20.000.-TL ⟪36 ay⟫ vadeli Taşıt Finansmanı için finansman tahsis ücreti ve ver,,,
ziraat_katilim-41ef8dab7801-p181,0,ziraat_katilim,VADE_SURESI,24 ay,"{""deger"": 24, ""birim"": ""ay""}",0.85,Kâr oranı (1-⟪24 ay⟫ vade) 0 km ve 5 yaşına kadar (dahil) 2. el taşıtlar için ol,,,
ziraat_katilim-41ef8dab7801-p183,0,ziraat_katilim,VADE_SURESI,36 ay,"{""deger"": 36, ""birim"": ""ay""}",0.85,Tahsis Ücreti (1-⟪36 ay⟫ vade) 0 km ve 5 yaşına kadar (dahil) 2. el taşıtlar için ol,,,
ziraat_katilim-41ef8dab7801-p184,0,ziraat_katilim,VADE_SURESI,36 ay,"{""deger"": 36, ""birim"": ""ay""}",0.85,Yıllık Maliyet Oranı 20.000.-TL ⟪36 ay⟫ vadeli Taşıt Finansmanı için finansman tahsis ücreti ve ver,,,
ziraat_katilim-41ef8dab7801-p188,0,ziraat_katilim,VADE_SURESI,12 ay,"{""deger"": 12, ""birim"": ""ay""}",0.85,Kar Oranı (1-⟪12 ay⟫ vade) 0 km ve 5 yaşına kadar (dahil) 2. el taşıtlar için ol,,,
ziraat_katilim-41ef8dab7801-p190,0,ziraat_katilim,VADE_SURESI,24 ay,"{""deger"": 24, ""birim"": ""ay""}",0.85,Tahsis Ücreti (1-⟪24 ay⟫ vade) 0 km ve 5 yaşına kadar (dahil) 2. el taşıtlar için ol,,,
ziraat_katilim-41ef8dab7801-p191,0,ziraat_katilim,VADE_SURESI,12 ay,"{""deger"": 12, ""birim"": ""ay""}",0.85,Yıllık Maliyet Oranı 20.000.-TL ⟪12 ay⟫ vadeli Taşıt Finansmanı için finansman tahsis ücreti ve ver,,,
ziraat_katilim-41ef8dab7801-p194,0,ziraat_katilim,HARCAMA_ESIGI,"350,92 TL","{""deger"": 350.92, ""birim"": ""TRY""}",0.8,"⟪350,92 TL⟫ Masraf Adı Asgari Tutar Asgari Oran",,,
ziraat_katilim-41ef8dab7801-p196,0,ziraat_katilim,TAHSIS_UCRETI,"350,92 TL","{""deger"": 350.92, ""birim"": ""TRY""}",0.85,"Rehin Kaldırma İşlem Ücreti ⟪350,92 TL⟫ Masraf Adı",,,
ziraat_katilim-522ea2260bee-p005,0,ziraat_katilim,HARCAMA_ESIGI,10.000 TL,"{""deger"": 10000.0, ""birim"": ""TRY""}",0.8,"Katılma hesabınızı en az ⟪10.000 TL⟫, 10.000 USD ve 10.000 EUR olarak açabilirsiniz.",,,
ziraat_katilim-522ea2260bee-p006,0,ziraat_katilim,VADE_SURESI,1 ay,"{""deger"": 1, ""birim"": ""ay""}",0.85,"Hesabınızın vadesi 1 yıldır. Kar payı ödemeleri ⟪1 ay⟫ 3 ay , 6 ay veya 1 yıl olarak yapılmaktadır.",,,
ziraat_katilim-522ea2260bee-p006,1,ziraat_katilim,VADE_SURESI,3 ay,"{""deger"": 3, ""birim"": ""ay""}",0.85,"Hesabınızın vadesi 1 yıldır. Kar payı ödemeleri 1 ay ⟪3 ay⟫ , 6 ay veya 1 yıl olarak yapılmaktadır.",,,
ziraat_katilim-522ea2260bee-p006,2,ziraat_katilim,VADE_SURESI,6 ay,"{""deger"": 6, ""birim"": ""ay""}",0.85,"Hesabınızın vadesi 1 yıldır. Kar payı ödemeleri 1 ay 3 ay , ⟪6 ay⟫ veya 1 yıl olarak yapılmaktadır.",,,
ziraat_katilim-522ea2260bee-p006,3,ziraat_katilim,VADE_SURESI,1 yıl,"{""deger"": 12, ""birim"": ""ay""}",0.8,"n vadesi 1 yıldır. Kar payı ödemeleri 1 ay 3 ay , 6 ay veya ⟪1 yıl⟫ olarak yapılmaktadır.",,,
ziraat_katilim-522ea2260bee-p007,0,ziraat_katilim,VADE_SURESI,1 yıl,"{""deger"": 12, ""birim"": ""ay""}",0.8,2012/4133 sayılı Bakanlar Kurulu Kararı'na göre ⟪1 yıl⟫ ve daha uzun vadeli hesaplar ile dönemsel kâr payı ödemeli,,,
ziraat_katilim-522ea2260bee-p007,1,ziraat_katilim,VADE_SURESI,1 ay,"{""deger"": 1, ""birim"": ""ay""}",0.85,"ve daha uzun vadeli hesaplar ile dönemsel kâr payı ödemeli (⟪1 ay⟫, 3 ay 6 ay ya da 1 yıl) hesaplarda vadeden önce en fazla 2",,,
ziraat_katilim-522ea2260bee-p007,2,ziraat_katilim,VADE_SURESI,3 ay,"{""deger"": 3, ""birim"": ""ay""}",0.85,"a uzun vadeli hesaplar ile dönemsel kâr payı ödemeli (1 ay, ⟪3 ay⟫ 6 ay ya da 1 yıl) hesaplarda vadeden önce en fazla 2 defa v",,,
ziraat_katilim-522ea2260bee-p007,3,ziraat_katilim,VADE_SURESI,6 ay,"{""deger"": 6, ""birim"": ""ay""}",0.85,"n vadeli hesaplar ile dönemsel kâr payı ödemeli (1 ay, 3 ay ⟪6 ay⟫ ya da 1 yıl) hesaplarda vadeden önce en fazla 2 defa ve top",,,
ziraat_katilim-522ea2260bee-p007,4,ziraat_katilim,VADE_SURESI,1 yıl,"{""deger"": 12, ""birim"": ""ay""}",0.8,"saplar ile dönemsel kâr payı ödemeli (1 ay, 3 ay 6 ay ya da ⟪1 yıl⟫) hesaplarda vadeden önce en fazla 2 defa ve toplamda anapar",,,
ziraat_katilim-522ea2260bee-p020,0,ziraat_katilim,VADE_SURESI,1 yıl,"{""deger"": 12, ""birim"": ""ay""}",0.8,"r payı ödemesi tercihe göre 1 aylık, 3 aylık, 6 aylık ya da ⟪1 yıl⟫ olarak yapılabilen hesap türüdür. Birikimlerin uzun vadeli",,,
ziraat_katilim-522ea2260bee-p026,0,ziraat_katilim,KAMPANYA_SURESI,28.06.2023,"{""tarih"": ""2023-06-28""}",0.82,Yılda Bir Kâr Payı Ödemeli Stopaj Oranı *⟪28.06.2023⟫ tarihi itibari ile açılan veya yenilenen katılma hesapları,,,
ziraat_katilim-522ea2260bee-p029,0,ziraat_katilim,KAMPANYA_SURESI,28.06.2023,"{""tarih"": ""2023-06-28""}",0.82,YILDA BİR KÂR PAYI ÖDEMELİ Stopaj Oranı *⟪28.06.2023⟫ tarihi itibari ile açılan veya yenilenen katılma hesapları,,,
ziraat_katilim-522ea2260bee-p035,0,ziraat_katilim,KAMPANYA_SURESI,26/09/2004,"{""tarih"": ""2004-09-26""}",0.82,⟪26/09/2004⟫ tarihli ve 5237 sayılı Türk Ceza Kanunu’nun 282. maddesinde,,,
ziraat_katilim-760f7d95fa99-p003,0,ziraat_katilim,HARCAMA_ESIGI,"243,84 TL","{""deger"": 243.84, ""birim"": ""TRY""}",0.8,"⟪243,84 TL⟫ BSMV Dahildir Masraf Adı Asgari Tutar",,,
ziraat_katilim-760f7d95fa99-p016,0,ziraat_katilim,TAHSIS_UCRETI,250 TL,"{""deger"": 250.0, ""birim"": ""TRY""}",0.85,"İşlem Ücreti (TL) Fatura tutarı ⟪250 TL⟫'ye kadar 5TL , Fatura tutarı 250 TL ve üzerindeki anlık tah",,,
ziraat_katilim-760f7d95fa99-p016,1,ziraat_katilim,TAHSIS_UCRETI,5TL,"{""deger"": 5.0, ""birim"": ""TRY""}",0.85,"İşlem Ücreti (TL) Fatura tutarı 250 TL'ye kadar ⟪5TL⟫ , Fatura tutarı 250 TL ve üzerindeki anlık tahsilatlardan %",,,
ziraat_katilim-760f7d95fa99-p016,2,ziraat_katilim,TAHSIS_UCRETI,250 TL,"{""deger"": 250.0, ""birim"": ""TRY""}",0.85,"reti (TL) Fatura tutarı 250 TL'ye kadar 5TL , Fatura tutarı ⟪250 TL⟫ ve üzerindeki anlık tahsilatlardan %2 ücret tahsil edilir.",,,
ziraat_katilim-760f7d95fa99-p022,0,ziraat_katilim,HARCAMA_ESIGI,64 TL,"{""deger"": 64.0, ""birim"": ""TRY""}",0.8,17.⟪64 TL⟫ BSMV dahildir. Masraf Adı Asgari Tutar,,,
ziraat_katilim-760f7d95fa99-p050,0,ziraat_katilim,HARCAMA_ESIGI,"3.660,00 TL","{""deger"": 3660.0, ""birim"": ""TRY""}",0.8,"⟪3.660,00 TL⟫ KDV Dahildir. Masraf Adı Asgari Tutar",,,
ziraat_katilim-760f7d95fa99-p089,0,ziraat_katilim,HARCAMA_ESIGI,1.300 TL,"{""deger"": 1300.0, ""birim"": ""TRY""}",0.8,⟪1.300 TL⟫ BSMV dahildir. Masraf Adı Asgari Tutar,,,
ziraat_katilim-af4b06e7cd79-p004,0,ziraat_katilim,HARCAMA_ESIGI,"39,88 TL","{""deger"": 39.88, ""birim"": ""TRY""}",0.8,"⟪39,88 TL⟫ BSMV hariçtir Masraf Adı Asgari Tutar",,,
ziraat_katilim-af4b06e7cd79-p013,0,ziraat_katilim,HARCAMA_ESIGI,"39,88 TL","{""deger"": 39.88, ""birim"": ""TRY""}",0.8,"⟪39,88 TL⟫ BSMV hariçtir Masraf Adı Asgari Tutar",,,
ziraat_katilim-af4b06e7cd79-p025,0,ziraat_katilim,HARCAMA_ESIGI,"398,84 TL","{""deger"": 398.84, ""birim"": ""TRY""}",0.8,"⟪398,84 TL⟫ BSMV hariçtir Masraf Adı Asgari Tutar",,,
ziraat_katilim-af4b06e7cd79-p034,0,ziraat_katilim,ODUL_MIKTARI,"60,00 TL","{""deger"": 60.0, ""birim"": ""TRY""}",0.83,"⟪60,00 TL⟫ 2.107,00 TL 0-50.000 TL arası nakit çekimler ücretsizdir. 5",,,
ziraat_katilim-af4b06e7cd79-p034,1,ziraat_katilim,ODUL_MIKTARI,"2.107,00 TL","{""deger"": 2107.0, ""birim"": ""TRY""}",0.83,"60,00 TL ⟪2.107,00 TL⟫ 0-50.000 TL arası nakit çekimler ücretsizdir. 50.000 TL üze",,,
ziraat_katilim-af4b06e7cd79-p034,2,ziraat_katilim,ODUL_MIKTARI,50.000 TL,"{""deger"": 50000.0, ""birim"": ""TRY""}",0.83,"60,00 TL 2.107,00 TL 0-⟪50.000 TL⟫ arası nakit çekimler ücretsizdir. 50.000 TL üzeri için uygu",,,
ziraat_katilim-af4b06e7cd79-p034,3,ziraat_katilim,MASRAF_DURUMU,ücretsiz,"{""metin"": ""ücretsiz""}",0.7,"60,00 TL 2.107,00 TL 0-50.000 TL arası nakit çekimler ⟪ücretsiz⟫dir. 50.000 TL üzeri için uygulanan ücret orana göre değişik",,,
ziraat_katilim-af4b06e7cd79-p034,4,ziraat_katilim,ODUL_MIKTARI,50.000 TL,"{""deger"": 50000.0, ""birim"": ""TRY""}",0.83,"L 2.107,00 TL 0-50.000 TL arası nakit çekimler ücretsizdir. ⟪50.000 TL⟫ üzeri için uygulanan ücret orana göre değişiklik göstermekt",,,
ziraat_katilim-af4b06e7cd79-p038,0,ziraat_katilim,HARCAMA_ESIGI,00 TL,"{""deger"": 0.0, ""birim"": ""TRY""}",0.8,0.⟪00 TL⟫ BSMV dahildir. Masraf Adı Asgari Tutar,,,
ziraat_katilim-af4b06e7cd79-p046,0,ziraat_katilim,HARCAMA_ESIGI,00 TL,"{""deger"": 0.0, ""birim"": ""TRY""}",0.8,0.⟪00 TL⟫ BSMV hariçtir Masraf Adı Asgari Tutar,,,
ziraat_katilim-af4b06e7cd79-p051,0,ziraat_katilim,HARCAMA_ESIGI,"398,84 TL","{""deger"": 398.84, ""birim"": ""TRY""}",0.8,"⟪398,84 TL⟫ BSMV HARİÇ Masraf Adı Asgari Tutar",,,
ziraat_katilim-af4b06e7cd79-p056,0,ziraat_katilim,HARCAMA_ESIGI,"398,84 TL","{""deger"": 398.84, ""birim"": ""TRY""}",0.8,"⟪398,84 TL⟫ BSMV hariçtir Masraf Adı Asgari Tutar",,,
ziraat_katilim-af4b06e7cd79-p061,0,ziraat_katilim,HARCAMA_ESIGI,"398,84 TL","{""deger"": 398.84, ""birim"": ""TRY""}",0.8,"⟪398,84 TL⟫ BSMV HARİÇ Masraf Adı Asgari Tutar",,,
ziraat_katilim-af4b06e7cd79-p066,0,ziraat_katilim,HARCAMA_ESIGI,"398,84 TL","{""deger"": 398.84, ""birim"": ""TRY""}",0.8,"⟪398,84 TL⟫ BSMV HARİÇ Masraf Adı Asgari Tutar",,,
ziraat_katilim-af4b06e7cd79-p071,0,ziraat_katilim,HARCAMA_ESIGI,0 TL,"{""deger"": 0.0, ""birim"": ""TRY""}",0.8,⟪0 TL⟫ BSMV HARİÇ Masraf Adı Asgari Tutar Asgari Oran,,,
ziraat_katilim-af4b06e7cd79-p076,0,ziraat_katilim,HARCAMA_ESIGI,"797,68 TL","{""deger"": 797.68, ""birim"": ""TRY""}",0.8,"⟪797,68 TL⟫ BSMV hariçtir Masraf Adı Asgari Tutar",,,
ziraat_katilim-af4b06e7cd79-p084,0,ziraat_katilim,HARCAMA_ESIGI,"797,68 TL","{""deger"": 797.68, ""birim"": ""TRY""}",0.8,"⟪797,68 TL⟫ BSMV HARİÇ Masraf Adı Asgari Tutar",,,
ziraat_katilim-af4b06e7cd79-p089,0,ziraat_katilim,HARCAMA_ESIGI,"797,68 TL","{""deger"": 797.68, ""birim"": ""TRY""}",0.8,"⟪797,68 TL⟫ BSMV HARİÇ Masraf Adı Asgari Tutar",,,
ziraat_katilim-af4b06e7cd79-p094,0,ziraat_katilim,HARCAMA_ESIGI,"398,83 TL","{""deger"": 398.83, ""birim"": ""TRY""}",0.8,"⟪398,83 TL⟫ BSMV HARİÇ Masraf Adı Asgari Tutar",,,
ziraat_katilim-3469ceea8720-p005,0,ziraat_katilim,HARCAMA_ESIGI,"9.750,00 TL","{""deger"": 9750.0, ""birim"": ""TRY""}",0.8,"⟪9.750,00 TL⟫ BSMV dahildir. Masraf Adı Asgari Tutar",,,
ziraat_katilim-3469ceea8720-p008,0,ziraat_katilim,HARCAMA_ESIGI,"6.500,00 TL","{""deger"": 6500.0, ""birim"": ""TRY""}",0.8,"⟪6.500,00 TL⟫ BSMV dahildir. Masraf Adı Asgari Tutar",,,
ziraat_katilim-2204690813fe-p003,0,ziraat_katilim,MASRAF_DURUMU,Ücretsiz,"{""metin"": ""ücretsiz""}",0.7,⟪Ücretsiz⟫ E-Posta Cari Hesap Ekstresi (TL) Sayfa Başına,,,
ziraat_katilim-2204690813fe-p004,0,ziraat_katilim,MASRAF_DURUMU,Ücretsiz,"{""metin"": ""ücretsiz""}",0.7,⟪Ücretsiz⟫ Diğer Gönderim Kanalları Cari Hesap Ekstresi (TL) Sayfa Baş,,,
ziraat_katilim-2204690813fe-p007,0,ziraat_katilim,ODUL_MIKTARI,50.000 TL,"{""deger"": 50000.0, ""birim"": ""TRY""}",0.83,Diğer Şubeden Para Çekme 0-⟪50.000 TL⟫ arası nakit çekimler ücretsizdir. 50.000 TL üzeri için uygu,,,
ziraat_katilim-2204690813fe-p007,1,ziraat_katilim,MASRAF_DURUMU,ücretsiz,"{""metin"": ""ücretsiz""}",0.7,Diğer Şubeden Para Çekme 0-50.000 TL arası nakit çekimler ⟪ücretsiz⟫dir. 50.000 TL üzeri için uygulanan ücret orana göre değişik,,,
ziraat_katilim-2204690813fe-p007,2,ziraat_katilim,ODUL_MIKTARI,50.000 TL,"{""deger"": 50000.0, ""birim"": ""TRY""}",0.83,en Para Çekme 0-50.000 TL arası nakit çekimler ücretsizdir. ⟪50.000 TL⟫ üzeri için uygulanan ücret orana göre değişiklik göstermekt,,,
ziraat_katilim-3cc4281f0de5-p008,0,ziraat_katilim,HARCAMA_ESIGI,00 TL,"{""deger"": 0.0, ""birim"": ""TRY""}",0.8,Kayıp Çek 125.⟪00 TL⟫ Masraf Adı Asgari Tutar,,,
ziraat_katilim-3cc4281f0de5-p010,0,ziraat_katilim,ODUL_MIKTARI,"350,00 TL","{""deger"": 350.0, ""birim"": ""TRY""}",0.83,"Güncelleme Tarihi Müşterinin Kendi Çeki ⟪350,00 TL⟫",,,
ziraat_katilim-3cc4281f0de5-p011,0,ziraat_katilim,ODUL_MIKTARI,"2.250,00 TL","{""deger"": 2250.0, ""birim"": ""TRY""}",0.83,"⟪2.250,00 TL⟫ Bankamız Blokeli Çeki 350,00 TL",,,
ziraat_katilim-3cc4281f0de5-p011,1,ziraat_katilim,ODUL_MIKTARI,"350,00 TL","{""deger"": 350.0, ""birim"": ""TRY""}",0.83,"2.250,00 TL Bankamız Blokeli Çeki ⟪350,00 TL⟫",,,
ziraat_katilim-3cc4281f0de5-p012,0,ziraat_katilim,HARCAMA_ESIGI,"2.250,00 TL","{""deger"": 2250.0, ""birim"": ""TRY""}",0.8,"⟪2.250,00 TL⟫ Masraf Adı Asgari Tutar Asgari Oran",,,
ziraat_katilim-3cc4281f0de5-p028,0,ziraat_katilim,HARCAMA_ESIGI,00 TL,"{""deger"": 0.0, ""birim"": ""TRY""}",0.8,100.⟪00 TL⟫ Masraf Adı Asgari Tutar Asgari Oran,,,
ziraat_katilim-3cc4281f0de5-p044,0,ziraat_katilim,HARCAMA_ESIGI,"550,00 TL","{""deger"": 550.0, ""birim"": ""TRY""}",0.8,"⟪550,00 TL⟫ Masraf Adı Asgari Tutar Asgari Oran",,,
ziraat_katilim-3cc4281f0de5-p047,0,ziraat_katilim,HARCAMA_ESIGI,51 TL,"{""deger"": 51.0, ""birim"": ""TRY""}",0.8,Haberleşme Ücreti 58.⟪51 TL⟫ Masraf Adı Asgari Tutar,,,
ziraat_katilim-3cc4281f0de5-p053,0,ziraat_katilim,HARCAMA_ESIGI,"550,00 TL","{""deger"": 550.0, ""birim"": ""TRY""}",0.8,"⟪550,00 TL⟫ Masraf Adı Asgari Tutar Asgari Oran",,,
ziraat_katilim-9dc4c8b5798e-p022,0,ziraat_katilim,HARCAMA_ESIGI,"0,01 TL","{""deger"": 0.01, ""birim"": ""TRY""}",0.8,"İşlem tutarı üzerinden yüz binde bir oranında (Minimum ⟪0,01 TL⟫) tahsil edilir. BSMV hariçtir.",,,
ziraat_katilim-7894ae738d31-p025,0,ziraat_katilim,ALISVERIS_PUANI,1.500 TL Bankkart Lira,"{""deger"": 1500.0, ""birim"": ""TRY""}",0.88,Son Gün Mobilya ve Dekorasyon Mobilya Alışverişinize ⟪1.500 TL Bankkart Lira⟫!,,,
ziraat_katilim-7894ae738d31-p026,0,ziraat_katilim,ALISVERIS_PUANI,5.000 TL Bankkart Lira,"{""deger"": 5000.0, ""birim"": ""TRY""}",0.88,Son Gün Diğer Kampanyalar İlk Bankkart Kredi Kartınıza ⟪5.000 TL Bankkart Lira⟫!,,,
ziraat_katilim-7894ae738d31-p027,0,ziraat_katilim,ALISVERIS_PUANI,1.000 TL Bankkart Lira,"{""deger"": 1000.0, ""birim"": ""TRY""}",0.88,Son Gün Diğer Kampanyalar İlk Ek Kredi Kartınıza ⟪1.000 TL Bankkart Lira⟫!,,,
ziraat_katilim-7894ae738d31-p029,0,ziraat_katilim,ALISVERIS_PUANI,2.000 TL'ye varan Bankkart Lira,"{""deger"": 2000.0, ""birim"": ""TRY"", ""sinir"": ""ust""}",0.88,Son Gün Diğer Kampanyalar Aile Kart'a Özel ⟪2.000 TL'ye varan Bankkart Lira⟫!,,,
ziraat_katilim-7894ae738d31-p030,0,ziraat_katilim,ALISVERIS_PUANI,5.000 TL'ye varan Bankkart Lira,"{""deger"": 5000.0, ""birim"": ""TRY"", ""sinir"": ""ust""}",0.88,Son Gün Diğer Kampanyalar Bağımsız Kart'a Özel ⟪5.000 TL'ye varan Bankkart Lira⟫!,,,
ziraat_katilim-7894ae738d31-p031,0,ziraat_katilim,ALISVERIS_PUANI,1.500 TL Bankkart Lira,"{""deger"": 1500.0, ""birim"": ""TRY""}",0.88,Son Gün Market ve Gıda Market Alışverişlerinize Toplam ⟪1.500 TL Bankkart Lira⟫!,,,
ziraat_katilim-7894ae738d31-p032,0,ziraat_katilim,ALISVERIS_PUANI,1.500 TL Bankkart Lira,"{""deger"": 1500.0, ""birim"": ""TRY""}",0.88,Son Gün Turizm ve Seyahat Hava Yolu Bilet Alımınıza ⟪1.500 TL Bankkart Lira⟫!,,,
ziraat_katilim-7894ae738d31-p033,0,ziraat_katilim,ALISVERIS_PUANI,500 TL Bankkart Lira,"{""deger"": 500.0, ""birim"": ""TRY""}",0.88,"Son Gün Kuyum, Optik ve Saat Optik Alışverişinize ⟪500 TL Bankkart Lira⟫!",,,
ziraat_katilim-7894ae738d31-p034,0,ziraat_katilim,ALISVERIS_PUANI,500 TL Bankkart Lira,"{""deger"": 500.0, ""birim"": ""TRY""}",0.88,n Gün Diğer Kampanyalar Kültür Sanat Harcamalarınıza Toplam ⟪500 TL Bankkart Lira⟫!,,,
ziraat_katilim-7894ae738d31-p035,0,ziraat_katilim,ALISVERIS_PUANI,450 TL Bankkart Lira,"{""deger"": 450.0, ""birim"": ""TRY""}",0.88,Gün Market ve Gıda Kafe ve Restoran Harcamalarınıza Toplam ⟪450 TL Bankkart Lira⟫!,,,
ziraat_katilim-7894ae738d31-p036,0,ziraat_katilim,ALISVERIS_PUANI,1.000 TL Bankkart Lira,"{""deger"": 1000.0, ""birim"": ""TRY""}",0.88,Giyim ve Aksesuar Giyim ve Ayakkabı Alışverişinizde Toplam ⟪1.000 TL Bankkart Lira⟫!,,,
ziraat_katilim-7894ae738d31-p037,0,ziraat_katilim,ALISVERIS_PUANI,500 TL Bankkart Lira,"{""deger"": 500.0, ""birim"": ""TRY""}",0.88,Son Gün E-Ticaret E-Ticaret Alışverişlerinize Toplam ⟪500 TL Bankkart Lira⟫!,,,
ziraat_katilim-7894ae738d31-p038,0,ziraat_katilim,ALISVERIS_PUANI,100 TL Bankkart Lira,"{""deger"": 100.0, ""birim"": ""TRY""}",0.88,Son Gün Diğer Kampanyalar QR ile Ödemelerinize Toplam ⟪100 TL Bankkart Lira⟫!,,,
ziraat_katilim-7894ae738d31-p039,0,ziraat_katilim,ALISVERIS_PUANI,400 TL Bankkart Lira,"{""deger"": 400.0, ""birim"": ""TRY""}",0.88,Son Gün Akaryakıt Akaryakıt Harcamalarınıza ⟪400 TL Bankkart Lira⟫!,,,
ziraat_katilim-7894ae738d31-p040,0,ziraat_katilim,ALISVERIS_PUANI,750 TL Bankkart Lira,"{""deger"": 750.0, ""birim"": ""TRY""}",0.88,Son Gün Akaryakıt Elektrikli Araç Şarj İstasyonlarında ⟪750 TL Bankkart Lira⟫!,,,
ziraat_katilim-7894ae738d31-p041,0,ziraat_katilim,ALISVERIS_PUANI,1.000 TL Bankkart Lira,"{""deger"": 1000.0, ""birim"": ""TRY""}",0.88,Son Gün Diğer Kampanyalar İlk Ek Kredi Kartınıza ⟪1.000 TL Bankkart Lira⟫!,,,
ziraat_katilim-7894ae738d31-p042,0,ziraat_katilim,ALISVERIS_PUANI,5.000 TL Bankkart Lira,"{""deger"": 5000.0, ""birim"": ""TRY""}",0.88,Son Gün Diğer Kampanyalar İlk Bankkart Kredi Kartınıza ⟪5.000 TL Bankkart Lira⟫!,,,
ziraat_katilim-7894ae738d31-p043,0,ziraat_katilim,ALISVERIS_PUANI,2.000 TL'ye varan Bankkart Lira,"{""deger"": 2000.0, ""birim"": ""TRY"", ""sinir"": ""ust""}",0.88,Son Gün Diğer Kampanyalar Aile Kart'a Özel ⟪2.000 TL'ye varan Bankkart Lira⟫!,,,
ziraat_katilim-7894ae738d31-p044,0,ziraat_katilim,ALISVERIS_PUANI,5.000 TL'ye varan Bankkart Lira,"{""deger"": 5000.0, ""birim"": ""TRY"", ""sinir"": ""ust""}",0.88,Son Gün Diğer Kampanyalar Bağımsız Kart'a Özel ⟪5.000 TL'ye varan Bankkart Lira⟫!,,,
ziraat_katilim-7894ae738d31-p045,0,ziraat_katilim,ALISVERIS_PUANI,1.500 TL Bankkart Lira,"{""deger"": 1500.0, ""birim"": ""TRY""}",0.88,Son Gün Market ve Gıda Market Alışverişlerinize Toplam ⟪1.500 TL Bankkart Lira⟫!,,,
ziraat_katilim-7894ae738d31-p046,0,ziraat_katilim,ALISVERIS_PUANI,1.500 TL Bankkart Lira,"{""deger"": 1500.0, ""birim"": ""TRY""}",0.88,Son Gün Turizm ve Seyahat Hava Yolu Bilet Alımınıza ⟪1.500 TL Bankkart Lira⟫!,,,
ziraat_katilim-7894ae738d31-p047,0,ziraat_katilim,ALISVERIS_PUANI,500 TL Bankkart Lira,"{""deger"": 500.0, ""birim"": ""TRY""}",0.88,"Son Gün Kuyum, Optik ve Saat Optik Alışverişinize ⟪500 TL Bankkart Lira⟫!",,,
ziraat_katilim-7894ae738d31-p048,0,ziraat_katilim,ALISVERIS_PUANI,500 TL Bankkart Lira,"{""deger"": 500.0, ""birim"": ""TRY""}",0.88,n Gün Diğer Kampanyalar Kültür Sanat Harcamalarınıza Toplam ⟪500 TL Bankkart Lira⟫!,,,
ziraat_katilim-7894ae738d31-p049,0,ziraat_katilim,ALISVERIS_PUANI,450 TL Bankkart Lira,"{""deger"": 450.0, ""birim"": ""TRY""}",0.88,Gün Market ve Gıda Kafe ve Restoran Harcamalarınıza Toplam ⟪450 TL Bankkart Lira⟫!,,,
ziraat_katilim-7894ae738d31-p050,0,ziraat_katilim,ALISVERIS_PUANI,1.000 TL Bankkart Lira,"{""deger"": 1000.0, ""birim"": ""TRY""}",0.88,Giyim ve Aksesuar Giyim ve Ayakkabı Alışverişinizde Toplam ⟪1.000 TL Bankkart Lira⟫!,,,
ziraat_katilim-7894ae738d31-p051,0,ziraat_katilim,ALISVERIS_PUANI,500 TL Bankkart Lira,"{""deger"": 500.0, ""birim"": ""TRY""}",0.88,Son Gün E-Ticaret E-Ticaret Alışverişlerinize Toplam ⟪500 TL Bankkart Lira⟫!,,,
ziraat_katilim-7894ae738d31-p052,0,ziraat_katilim,ALISVERIS_PUANI,100 TL Bankkart Lira,"{""deger"": 100.0, ""birim"": ""TRY""}",0.88,Son Gün Diğer Kampanyalar QR ile Ödemelerinize Toplam ⟪100 TL Bankkart Lira⟫!,,,
ziraat_katilim-7894ae738d31-p053,0,ziraat_katilim,ALISVERIS_PUANI,400 TL Bankkart Lira,"{""deger"": 400.0, ""birim"": ""TRY""}",0.88,Son Gün Akaryakıt Akaryakıt Harcamalarınıza ⟪400 TL Bankkart Lira⟫!,,,
ziraat_katilim-7894ae738d31-p054,0,ziraat_katilim,ALISVERIS_PUANI,750 TL Bankkart Lira,"{""deger"": 750.0, ""birim"": ""TRY""}",0.88,Son Gün Akaryakıt Elektrikli Araç Şarj İstasyonlarında ⟪750 TL Bankkart Lira⟫!,,,
ziraat_katilim-7894ae738d31-p059,0,ziraat_katilim,MASRAF_DURUMU,Ücretsiz,"{""metin"": ""ücretsiz""}",0.7,iğer Kampanyalar Hafta İçi Her Gün İlk Ulaşımın TROY Kartla ⟪Ücretsiz⟫!,,,
ziraat_katilim-7894ae738d31-p062,0,ziraat_katilim,ALISVERIS_PUANI,500 TL Bankkart Lira,"{""deger"": 500.0, ""birim"": ""TRY""}",0.88,Son Gün Diğer Kampanyalar Babalar Günü'ne Özel Toplam ⟪500 TL Bankkart Lira⟫!,,,
ziraat_katilim-7894ae738d31-p063,0,ziraat_katilim,ALISVERIS_PUANI,100 TL Bankkart Lira,"{""deger"": 100.0, ""birim"": ""TRY""}",0.88,Son Gün Diğer Kampanyalar QR ile Ödemelerinize Toplam ⟪100 TL Bankkart Lira⟫!,,,
ziraat_katilim-7894ae738d31-p064,0,ziraat_katilim,ALISVERIS_PUANI,1.000 TL Bankkart Lira,"{""deger"": 1000.0, ""birim"": ""TRY""}",0.88,Son Gün Diğer Kampanyalar İlk Ek Kredi Kartınıza ⟪1.000 TL Bankkart Lira⟫!,,,
ziraat_katilim-7894ae738d31-p065,0,ziraat_katilim,ALISVERIS_PUANI,5.000 TL Bankkart Lira,"{""deger"": 5000.0, ""birim"": ""TRY""}",0.88,Son Gün Diğer Kampanyalar İlk Bankkart Kredi Kartınıza ⟪5.000 TL Bankkart Lira⟫!,,,
ziraat_katilim-7894ae738d31-p066,0,ziraat_katilim,ALISVERIS_PUANI,2.000 TL'ye varan Bankkart Lira,"{""deger"": 2000.0, ""birim"": ""TRY"", ""sinir"": ""ust""}",0.88,Son Gün Diğer Kampanyalar Aile Kart'a Özel ⟪2.000 TL'ye varan Bankkart Lira⟫!,,,
ziraat_katilim-7894ae738d31-p067,0,ziraat_katilim,ALISVERIS_PUANI,5.000 TL'ye varan Bankkart Lira,"{""deger"": 5000.0, ""birim"": ""TRY"", ""sinir"": ""ust""}",0.88,Son Gün Diğer Kampanyalar Bağımsız Kart'a Özel ⟪5.000 TL'ye varan Bankkart Lira⟫!,,,
ziraat_katilim-7894ae738d31-p068,0,ziraat_katilim,ALISVERIS_PUANI,1.500 TL Bankkart Lira,"{""deger"": 1500.0, ""birim"": ""TRY""}",0.88,Son Gün Turizm ve Seyahat Hava Yolu Bilet Alımınıza ⟪1.500 TL Bankkart Lira⟫!,,,
ziraat_katilim-7894ae738d31-p069,0,ziraat_katilim,ALISVERIS_PUANI,1.500 TL Bankkart Lira,"{""deger"": 1500.0, ""birim"": ""TRY""}",0.88,Son Gün Mobilya ve Dekorasyon Mobilya Alışverişinize ⟪1.500 TL Bankkart Lira⟫!,,,
ziraat_katilim-7894ae738d31-p070,0,ziraat_katilim,ALISVERIS_PUANI,1.500 TL Bankkart Lira,"{""deger"": 1500.0, ""birim"": ""TRY""}",0.88,Son Gün Market ve Gıda Market Alışverişlerinize Toplam ⟪1.500 TL Bankkart Lira⟫!,,,
ziraat_katilim-7894ae738d31-p071,0,ziraat_katilim,ALISVERIS_PUANI,500 TL Bankkart Lira,"{""deger"": 500.0, ""birim"": ""TRY""}",0.88,n Gün Diğer Kampanyalar Kültür Sanat Harcamalarınıza Toplam ⟪500 TL Bankkart Lira⟫!,,,
ziraat_katilim-7894ae738d31-p072,0,ziraat_katilim,ALISVERIS_PUANI,450 TL Bankkart Lira,"{""deger"": 450.0, ""birim"": ""TRY""}",0.88,Gün Market ve Gıda Kafe ve Restoran Harcamalarınıza Toplam ⟪450 TL Bankkart Lira⟫!,,,
ziraat_katilim-7894ae738d31-p073,0,ziraat_katilim,ALISVERIS_PUANI,1.000 TL Bankkart Lira,"{""deger"": 1000.0, ""birim"": ""TRY""}",0.88,Giyim ve Aksesuar Giyim ve Ayakkabı Alışverişinizde Toplam ⟪1.000 TL Bankkart Lira⟫!,,,
ziraat_katilim-7894ae738d31-p074,0,ziraat_katilim,ALISVERIS_PUANI,500 TL Bankkart Lira,"{""deger"": 500.0, ""birim"": ""TRY""}",0.88,Son Gün E-Ticaret E-Ticaret Alışverişlerinize Toplam ⟪500 TL Bankkart Lira⟫!,,,
ziraat_katilim-7894ae738d31-p075,0,ziraat_katilim,ALISVERIS_PUANI,3.000 TL Bankkart Lira,"{""deger"": 3000.0, ""birim"": ""TRY""}",0.88,a ve Ev Aletleri Elektronik ve Beyaz Eşya Alışverişlerinize ⟪3.000 TL Bankkart Lira⟫!,,,
ziraat_katilim-7894ae738d31-p076,0,ziraat_katilim,ALISVERIS_PUANI,750 TL Bankkart Lira,"{""deger"": 750.0, ""birim"": ""TRY""}",0.88,Son Gün Akaryakıt Elektrikli Araç Şarj İstasyonlarında ⟪750 TL Bankkart Lira⟫!,,,
ziraat_katilim-7894ae738d31-p077,0,ziraat_katilim,ALISVERIS_PUANI,400 TL Bankkart Lira,"{""deger"": 400.0, ""birim"": ""TRY""}",0.88,Son Gün Akaryakıt Akaryakıt Harcamalarınıza ⟪400 TL Bankkart Lira⟫!,,,
ziraat_katilim-7894ae738d31-p078,0,ziraat_katilim,ALISVERIS_PUANI,500 TL Bankkart Lira,"{""deger"": 500.0, ""birim"": ""TRY""}",0.88,"Son Gün Kuyum, Optik ve Saat Optik Alışverişinize ⟪500 TL Bankkart Lira⟫!",,,
ziraat_katilim-7894ae738d31-p079,0,ziraat_katilim,ALISVERIS_PUANI,2.500 TL Bankkart Lira,"{""deger"": 2500.0, ""birim"": ""TRY""}",0.88,Son Gün Diğer Kampanyalar Kurban Bayramı’na Özel Toplam ⟪2.500 TL Bankkart Lira⟫!,,,
ziraat_katilim-7894ae738d31-p080,0,ziraat_katilim,ALISVERIS_PUANI,450 TL Bankkart Lira,"{""deger"": 450.0, ""birim"": ""TRY""}",0.88,Son Gün E-Ticaret 19 Mayıs’a Özel Toplam ⟪450 TL Bankkart Lira⟫!,,,
ziraat_katilim-7894ae738d31-p081,0,ziraat_katilim,ALISVERIS_PUANI,1.000 TL Bankkart Lira,"{""deger"": 1000.0, ""birim"": ""TRY""}",0.88,Son Gün Diğer Kampanyalar İlk Ek Kredi Kartınıza ⟪1.000 TL Bankkart Lira⟫!,,,
ziraat_katilim-7894ae738d31-p082,0,ziraat_katilim,ALISVERIS_PUANI,5.000 TL Bankkart Lira,"{""deger"": 5000.0, ""birim"": ""TRY""}",0.88,Son Gün Diğer Kampanyalar İlk Bankkart Kredi Kartınıza ⟪5.000 TL Bankkart Lira⟫!,,,
ziraat_katilim-7894ae738d31-p083,0,ziraat_katilim,ALISVERIS_PUANI,5.000 TL'ye varan Bankkart Lira,"{""deger"": 5000.0, ""birim"": ""TRY"", ""sinir"": ""ust""}",0.88,Son Gün Diğer Kampanyalar Bağımsız Kart'a Özel ⟪5.000 TL'ye varan Bankkart Lira⟫!,,,
ziraat_katilim-7894ae738d31-p084,0,ziraat_katilim,ALISVERIS_PUANI,2.000 TL'ye varan Bankkart Lira,"{""deger"": 2000.0, ""birim"": ""TRY"", ""sinir"": ""ust""}",0.88,Son Gün Diğer Kampanyalar Aile Kart'a Özel ⟪2.000 TL'ye varan Bankkart Lira⟫!,,,
ziraat_katilim-7894ae738d31-p085,0,ziraat_katilim,ALISVERIS_PUANI,750 TL Bankkart Lira,"{""deger"": 750.0, ""birim"": ""TRY""}",0.88,Son Gün Akaryakıt Elektrikli Şarj İstasyonlarında ⟪750 TL Bankkart Lira⟫!,,,
ziraat_katilim-7894ae738d31-p086,0,ziraat_katilim,ALISVERIS_PUANI,450 TL Bankkart Lira,"{""deger"": 450.0, ""birim"": ""TRY""}",0.88,Gün Market ve Gıda Kafe ve Restoran Harcamalarınıza Toplam ⟪450 TL Bankkart Lira⟫!,,,
ziraat_katilim-7894ae738d31-p087,0,ziraat_katilim,ALISVERIS_PUANI,500 TL Bankkart Lira,"{""deger"": 500.0, ""birim"": ""TRY""}",0.88,Son Gün E-Ticaret E-Ticaret Alışverişlerinize Toplam ⟪500 TL Bankkart Lira⟫!,,,
ziraat_katilim-7894ae738d31-p088,0,ziraat_katilim,ALISVERIS_PUANI,3.000 TL Bankkart Lira,"{""deger"": 3000.0, ""birim"": ""TRY""}",0.88,a ve Ev Aletleri Elektronik ve Beyaz Eşya Alışverişlerinize ⟪3.000 TL Bankkart Lira⟫!,,,
ziraat_katilim-7894ae738d31-p089,0,ziraat_katilim,ALISVERIS_PUANI,500 TL Bankkart Lira,"{""deger"": 500.0, ""birim"": ""TRY""}",0.88,"Son Gün Kuyum, Optik ve Saat Optik Alışverişinize ⟪500 TL Bankkart Lira⟫!",,,
ziraat_katilim-7894ae738d31-p090,0,ziraat_katilim,ALISVERIS_PUANI,100 TL Bankkart Lira,"{""deger"": 100.0, ""birim"": ""TRY""}",0.88,Son Gün Diğer Kampanyalar QR ile Ödemelerinize Toplam ⟪100 TL Bankkart Lira⟫!,,,
ziraat_katilim-7894ae738d31-p091,0,ziraat_katilim,ALISVERIS_PUANI,500 TL Bankkart Lira,"{""deger"": 500.0, ""birim"": ""TRY""}",0.88,n Gün Diğer Kampanyalar Kültür Sanat Harcamalarınıza Toplam ⟪500 TL Bankkart Lira⟫!,,,
ziraat_katilim-7894ae738d31-p092,0,ziraat_katilim,ALISVERIS_PUANI,1.000 TL Bankkart Lira,"{""deger"": 1000.0, ""birim"": ""TRY""}",0.88,Giyim ve Aksesuar Giyim ve Ayakkabı Alışverişinizde Toplam ⟪1.000 TL Bankkart Lira⟫!,,,
ziraat_katilim-7894ae738d31-p093,0,ziraat_katilim,ALISVERIS_PUANI,1.500 TL Bankkart Lira,"{""deger"": 1500.0, ""birim"": ""TRY""}",0.88,Son Gün Turizm ve Seyahat Hava Yolu Bilet Alımınıza ⟪1.500 TL Bankkart Lira⟫!,,,
ziraat_katilim-7894ae738d31-p094,0,ziraat_katilim,ALISVERIS_PUANI,400 TL Bankkart Lira,"{""deger"": 400.0, ""birim"": ""TRY""}",0.88,Son Gün Akaryakıt Akaryakıt Harcamalarınıza ⟪400 TL Bankkart Lira⟫!,,,
ziraat_katilim-7894ae738d31-p095,0,ziraat_katilim,ALISVERIS_PUANI,1.000 TL Bankkart Lira,"{""deger"": 1000.0, ""birim"": ""TRY""}",0.88,Son Gün Mobilya ve Dekorasyon Mobilya Alışverişinize ⟪1.000 TL Bankkart Lira⟫!,,,
ziraat_katilim-7894ae738d31-p096,0,ziraat_katilim,ALISVERIS_PUANI,1.000 TL Bankkart Lira,"{""deger"": 1000.0, ""birim"": ""TRY""}",0.88,Son Gün Market ve Gıda Market Alışverişlerinize Toplam ⟪1.000 TL Bankkart Lira⟫!,,,
ziraat_katilim-7894ae738d31-p097,0,ziraat_katilim,ALISVERIS_PUANI,500 TL Bankkart Lira,"{""deger"": 500.0, ""birim"": ""TRY""}",0.88,Son Gün Diğer Kampanyalar Anneler Günü'ne Özel Toplam ⟪500 TL Bankkart Lira⟫!,,,
ziraat_katilim-7894ae738d31-p098,0,ziraat_katilim,MASRAF_DURUMU,Ücretsiz,"{""metin"": ""ücretsiz""}",0.7,n Gün Diğer Kampanyalar Hafta İçi TROY Kart'la İlk Ulaşımın ⟪Ücretsiz⟫!,,,
ziraat_katilim-7894ae738d31-p100,0,ziraat_katilim,ALISVERIS_PUANI,1.000 TL Bankkart Lira,"{""deger"": 1000.0, ""birim"": ""TRY""}",0.88,Son Gün Diğer Kampanyalar 23 Nisan'a Özel Toplam ⟪1.000 TL Bankkart Lira⟫!,,,
ziraat_katilim-7894ae738d31-p102,0,ziraat_katilim,ALISVERIS_PUANI,1.000 TL Bankkart Lira,"{""deger"": 1000.0, ""birim"": ""TRY""}",0.88,Son Gün Market ve Gıda Market Alışverişlerinize Toplam ⟪1.000 TL Bankkart Lira⟫!,,,
ziraat_katilim-7894ae738d31-p104,0,ziraat_katilim,ALISVERIS_PUANI,1.500 TL Bankkart Lira,"{""deger"": 1500.0, ""birim"": ""TRY""}",0.88,Son Gün Turizm ve Seyahat Hava Yolu Bilet Alımınıza ⟪1.500 TL Bankkart Lira⟫!,,,
ziraat_katilim-7894ae738d31-p105,0,ziraat_katilim,ALISVERIS_PUANI,500 TL Bankkart Lira,"{""deger"": 500.0, ""birim"": ""TRY""}",0.88,"Son Gün Kuyum, Optik ve Saat Optik Alışverişinize ⟪500 TL Bankkart Lira⟫!",,,
ziraat_katilim-7894ae738d31-p106,0,ziraat_katilim,ALISVERIS_PUANI,1.000 TL Bankkart Lira,"{""deger"": 1000.0, ""birim"": ""TRY""}",0.88,Son Gün Mobilya ve Dekorasyon Mobilya Alışverişinize ⟪1.000 TL Bankkart Lira⟫!,,,
ziraat_katilim-7894ae738d31-p107,0,ziraat_katilim,ALISVERIS_PUANI,500 TL Bankkart Lira,"{""deger"": 500.0, ""birim"": ""TRY""}",0.88,n Gün Diğer Kampanyalar Kültür Sanat Harcamalarınıza Toplam ⟪500 TL Bankkart Lira⟫!,,,
ziraat_katilim-7894ae738d31-p108,0,ziraat_katilim,ALISVERIS_PUANI,450 TL Bankkart Lira,"{""deger"": 450.0, ""birim"": ""TRY""}",0.88,Gün Market ve Gıda Kafe ve Restoran Harcamalarınıza Toplam ⟪450 TL Bankkart Lira⟫!,,,
ziraat_katilim-7894ae738d31-p109,0,ziraat_katilim,ALISVERIS_PUANI,1.000 TL Bankkart Lira,"{""deger"": 1000.0, ""birim"": ""TRY""}",0.88,Giyim ve Aksesuar Giyim ve Ayakkabı Alışverişinizde Toplam ⟪1.000 TL Bankkart Lira⟫!,,,
ziraat_katilim-7894ae738d31-p110,0,ziraat_katilim,ALISVERIS_PUANI,500 TL Bankkart Lira,"{""deger"": 500.0, ""birim"": ""TRY""}",0.88,Son Gün E-Ticaret E-Ticaret Alışverişlerinize Toplam ⟪500 TL Bankkart Lira⟫!,,,
ziraat_katilim-7894ae738d31-p111,0,ziraat_katilim,ALISVERIS_PUANI,100 TL Bankkart Lira,"{""deger"": 100.0, ""birim"": ""TRY""}",0.88,Son Gün Diğer Kampanyalar QR ile Ödemelerinize Toplam ⟪100 TL Bankkart Lira⟫!,,,
ziraat_katilim-7894ae738d31-p112,0,ziraat_katilim,ALISVERIS_PUANI,3.000 TL Bankkart Lira,"{""deger"": 3000.0, ""birim"": ""TRY""}",0.88,a ve Ev Aletleri Elektronik ve Beyaz Eşya Alışverişlerinize ⟪3.000 TL Bankkart Lira⟫!,,,
ziraat_katilim-7894ae738d31-p113,0,ziraat_katilim,ALISVERIS_PUANI,400 TL Bankkart Lira,"{""deger"": 400.0, ""birim"": ""TRY""}",0.88,Son Gün Akaryakıt Akaryakıt Harcamalarınıza ⟪400 TL Bankkart Lira⟫!,,,
ziraat_katilim-7894ae738d31-p114,0,ziraat_katilim,ALISVERIS_PUANI,750 TL Bankkart Lira,"{""deger"": 750.0, ""birim"": ""TRY""}",0.88,Son Gün Akaryakıt Elektrikli Şarj İstasyonlarında ⟪750 TL Bankkart Lira⟫!,,,
ziraat_katilim-7894ae738d31-p120,0,ziraat_katilim,ALISVERIS_PUANI,450 TL'ye varan Bankkart Lira,"{""deger"": 450.0, ""birim"": ""TRY"", ""sinir"": ""ust""}",0.88,Gün Diğer Kampanyalar Otomatik Fatura Ödeme Talimatlarınıza ⟪450 TL'ye varan Bankkart Lira⟫!,,,
ziraat_katilim-57b54bb202aa-p005,0,ziraat_katilim,MASRAF_DURUMU,Ücretsiz,"{""metin"": ""ücretsiz""}",0.7,Bankkart ⟪Ücretsiz⟫ ile yapılan işlemler kampanya kapsamına dahil edilmeyecekti,,,
ziraat_katilim-857b8f194cba-p002,1,ziraat_katilim,ODUL_MIKTARI,50 TL,"{""deger"": 50.0, ""birim"": ""TRY""}",0.83,"'undan tek seferde yapılacak 500 TL ve üzeri her alışverişe ⟪50 TL⟫, toplamda 250 TL Bankkart lira kazanacaktır.",,,
ziraat_katilim-857b8f194cba-p002,2,ziraat_katilim,ALISVERIS_PUANI,250 TL Bankkart lira,"{""deger"": 250.0, ""birim"": ""TRY""}",0.88,"de yapılacak 500 TL ve üzeri her alışverişe 50 TL, toplamda ⟪250 TL Bankkart lira⟫ kazanacaktır.",,,
ziraat_katilim-857b8f194cba-p007,0,ziraat_katilim,ODUL_MIKTARI,250 TL,"{""deger"": 250.0, ""birim"": ""TRY""}",0.83,ampanya döneminde kazanabileceği azami Bankkart Lira tutarı ⟪250 TL⟫ ile sınırlıdır.,,,
ziraat_katilim-857b8f194cba-p011,0,ziraat_katilim,MASRAF_DURUMU,Ücretsiz,"{""metin"": ""ücretsiz""}",0.7,Bankkart ⟪Ücretsiz⟫ ile yapılan işlemler kampanya kapsamında değerlendirilmeyec,,,
ziraat_katilim-857b8f194cba-p014,0,ziraat_katilim,KAMPANYA_SURESI,06.07.2023,"{""tarih"": ""2023-07-06""}",0.82,Kazanılan Bankkart Lira'lar ⟪06.07.2023⟫ tarihinde yüklenecektir.,,,
ziraat_katilim-4e37f3f16ba7-p002,1,ziraat_katilim,ODUL_MIKTARI,30 TL,"{""deger"": 30.0, ""birim"": ""TRY""}",0.83,"'undan tek seferde yapılacak 500 TL ve üzeri her alışverişe ⟪30 TL⟫, toplamda 120 TL Bankkart lira kazanacaktır.",,,
ziraat_katilim-4e37f3f16ba7-p002,2,ziraat_katilim,ALISVERIS_PUANI,120 TL Bankkart lira,"{""deger"": 120.0, ""birim"": ""TRY""}",0.88,"de yapılacak 500 TL ve üzeri her alışverişe 30 TL, toplamda ⟪120 TL Bankkart lira⟫ kazanacaktır.",,,
ziraat_katilim-4e37f3f16ba7-p007,0,ziraat_katilim,ODUL_MIKTARI,120 TL,"{""deger"": 120.0, ""birim"": ""TRY""}",0.83,ampanya döneminde kazanabileceği azami Bankkart Lira tutarı ⟪120 TL⟫ ile sınırlıdır.,,,
ziraat_katilim-4e37f3f16ba7-p011,0,ziraat_katilim,MASRAF_DURUMU,Ücretsiz,"{""metin"": ""ücretsiz""}",0.7,dahildir. Bankkart ⟪Ücretsiz⟫ ile yapılan işlemler kampanya kapsamında değerlendirilmeyec,,,
ziraat_katilim-4e37f3f16ba7-p014,0,ziraat_katilim,KAMPANYA_SURESI,23.06.2023,"{""tarih"": ""2023-06-23""}",0.82,Kazanılan Bankkart Lira'lar ⟪23.06.2023⟫ tarihinde yüklenecektir.,,,
ziraat_katilim-74bf4c8cbe91-p003,0,ziraat_katilim,ALISVERIS_PUANI,50 TL Bankkart Lira,"{""deger"": 50.0, ""birim"": ""TRY""}",0.88,müşterilerimiz ⟪50 TL Bankkart Lira⟫ kazanacaktır.,,,
ziraat_katilim-74bf4c8cbe91-p010,0,ziraat_katilim,ODUL_MIKTARI,50 TL,"{""deger"": 50.0, ""birim"": ""TRY""}",0.83,ampanya döneminde kazanabileceği azami Bankkart Lira tutarı ⟪50 TL⟫ ile sınırlıdır.,,,
ziraat_katilim-74bf4c8cbe91-p015,0,ziraat_katilim,MASRAF_DURUMU,Ücretsiz,"{""metin"": ""ücretsiz""}",0.7,tarihinde geri alınacaktır. Bankkart ⟪Ücretsiz⟫ ile yapılan işlemler kampanya kapsamında değerlendirilmeyec,,,
ziraat_katilim-83393142a658-p002,0,ziraat_katilim,HEDEF_KITLE,KOBİ'lere,"{""metin"": ""kobi̇'lere""}",0.85,eri Geliştirme ve Destekleme İdaresi Başkanlığı) tarafından ⟪KOBİ'lere⟫ yönelik finansmanlarda kar desteği sağlamak amacıyla sunula,,,
ziraat_katilim-f55740ff931a-p004,0,ziraat_katilim,HEDEF_KITLE,KOBİ'lere,"{""metin"": ""kobi̇'lere""}",0.85,eri Geliştirme ve Destekleme İdaresi Başkanlığı) tarafından ⟪KOBİ'lere⟫ yönelik finansmanlarda kar desteği sağlamak amacıyla sunula,,,
ziraat_katilim-f55740ff931a-p005,0,ziraat_katilim,HEDEF_KITLE,KOBİ',"{""metin"": ""kobi̇'""}",0.85,Neden KOSGEB Kullanmalıyım? KOSGEB tarafından ⟪KOBİ'⟫ lere özel sunulan uygun finansman koşullarından faydalanmay,,,
ziraat_katilim-f55740ff931a-p007,0,ziraat_katilim,HEDEF_KITLE,Kobilere,"{""metin"": ""kobilere""}",0.85,TL olarak kullanılabilir. ⟪Kobilere⟫ finansal destek sağlamak amacıyla finansman karının tamamı,,,
ziraat_katilim-623e9045154d-p009,0,ziraat_katilim,HEDEF_KITLE,KOBİ,"{""metin"": ""kobi̇""}",0.85,"Proje Başvuruları, KOSGEB ⟪KOBİ⟫ Bilgi Sistemi üzerinden dönemsel olarak alınmaktadır. (KOBİ",,,
ziraat_katilim-623e9045154d-p009,1,ziraat_katilim,HEDEF_KITLE,KOBİ,"{""metin"": ""kobi̇""}",0.85,KOBİ Bilgi Sistemi üzerinden dönemsel olarak alınmaktadır. (⟪KOBİ⟫ Bilgi Sistemine KOSGEB Veri Tabanına kayıtlı işletmeler e-d,,,
ziraat_katilim-58ce177c1677-p023,0,ziraat_katilim,VADE_SURESI,1 ay,"{""deger"": 1, ""birim"": ""ay""}",0.85,li Kira Sertifikası Fonunun en önemli özelliği müşterilerin ⟪1 ay⟫ (31 gün)’ın altında kısa vadelerde fonlarını değerlendirme,,,
ziraat_katilim-08c014d6cb2e-p001,0,ziraat_katilim,HEDEF_KITLE,KOBİ,"{""metin"": ""kobi̇""}",0.85,tleme dahil) amacıyla faaliyet gösteren ve 2005/9617 sayılı ⟪KOBİ⟫ Yönetmeği kapsamında belirtilen mikro veya küçük işletmeler,,,
ziraat_katilim-7b51cd66630a-p001,0,ziraat_katilim,VADE_SURESI,3Ay,"{""deger"": 3, ""birim"": ""ay""}",0.85,Yıl Ay ⟪3Ay⟫ Ay Yıl Ay 3Ay Ay Yıl 14.08.2026 10:44:14 tarihinde vadesi d,,,
ziraat_katilim-7b51cd66630a-p001,1,ziraat_katilim,VADE_SURESI,3Ay,"{""deger"": 3, ""birim"": ""ay""}",0.85,Yıl Ay 3Ay Ay Yıl Ay ⟪3Ay⟫ Ay Yıl 14.08.2026 10:44:14 tarihinde vadesi dolan TL/USD/EU,,,
ziraat_katilim-7b51cd66630a-p001,2,ziraat_katilim,KAMPANYA_SURESI,14.08.2026,"{""tarih"": ""2026-08-14""}",0.82,Yıl Ay 3Ay Ay Yıl Ay 3Ay Ay Yıl ⟪14.08.2026⟫ 10:44:14 tarihinde vadesi dolan TL/USD/EUR hesaplara dağıtı,,,
ziraat_katilim-7b51cd66630a-p006,0,ziraat_katilim,KAMPANYA_SURESI,14.08.2026,"{""tarih"": ""2026-08-14""}",0.82,⟪14.08.2026⟫ 10:44:14 tarihinde vadesi dolan TL/USD/EUR hesaplara dağıtı,,,
ziraat_katilim-9fbb28114a35-p006,0,ziraat_katilim,HEDEF_KITLE,KOBİ'ler,"{""metin"": ""kobi̇'ler""}",0.85,acatçı müşteriler ve ihracat bağlantılı mal üreten imalatçı ⟪KOBİ'ler⟫ yararlanabilirler.,,,
ziraat_katilim-1e9f24ff7c2a-p003,0,ziraat_katilim,VADE_SURESI,6 ay,"{""deger"": 6, ""birim"": ""ay""}",0.85,gerçekleştirdiklerinde finansmana ilişkin taahhüt süresini ⟪6 ay⟫ uzatabilirler.,,,
ziraat_katilim-efcdc495f590-p002,0,ziraat_katilim,HEDEF_KITLE,KOBİ’lerin,"{""metin"": ""kobi̇’lerin""}",0.85,"esi Başkanlığı (KOSGEB) ile Bankamız işbirliği çerçevesinde ⟪KOBİ’lerin⟫ verimliliğini, dayanıklılığını, üretimini, pazar büyüklüğün",,,
ziraat_katilim-efcdc495f590-p004,0,ziraat_katilim,HEDEF_KITLE,KOBİ,"{""metin"": ""kobi̇""}",0.85,"Proje Başvuru Tarihleri Proje Başvuruları, KOSGEB ⟪KOBİ⟫ Bilgi Sistemi üzerinden dönemsel olarak alınmaktadır. (KOBİ",,,
ziraat_katilim-efcdc495f590-p004,1,ziraat_katilim,HEDEF_KITLE,KOBİ,"{""metin"": ""kobi̇""}",0.85,KOBİ Bilgi Sistemi üzerinden dönemsel olarak alınmaktadır. (⟪KOBİ⟫ Bilgi Sistemine KOSGEB Veri Tabanına kayıtlı işletmeler e-d,,,
ziraat_katilim-be08e5ee9060-p007,0,ziraat_katilim,FINANSMAN_TUTARI,1.250.000 TL,"{""deger"": 1250000.0, ""birim"": ""TRY""}",0.8,msız bölüm için kar payı destekli finansman tutarı en fazla ⟪1.250.000 TL⟫’dir. Birden fazla bağımsız bölüme sahip olan hak sahipleri,,,
ziraat_katilim-be08e5ee9060-p007,1,ziraat_katilim,FINANSMAN_TUTARI,1.250.000 TL,"{""deger"": 1250000.0, ""birim"": ""TRY""}",0.8,lanacak toplam finansman tutarı her bir bağımsız bölüm için ⟪1.250.000 TL⟫ ’yi aşmamak kaydıyla toplamda en fazla 6.000.000 TL olabile,,,
ziraat_katilim-be08e5ee9060-p008,0,ziraat_katilim,FINANSMAN_TUTARI,320.000 TL,"{""deger"": 320000.0, ""birim"": ""TRY""}",0.8,msız bölüm için kar payı destekli finansman tutarı en fazla ⟪320.000 TL⟫’dir. Birden fazla bağımsız bölüme sahip olan hak sahipleri,,,
ziraat_katilim-be08e5ee9060-p008,1,ziraat_katilim,FINANSMAN_TUTARI,320.000 TL,"{""deger"": 320000.0, ""birim"": ""TRY""}",0.8,lanacak toplam finansman tutarı her bir bağımsız bölüm için ⟪320.000 TL⟫ ’yi aşmamak kaydıyla toplamda en fazla 1.600.000 TL olabile,,,
ziraat_katilim-6a94bac26117-p010,0,ziraat_katilim,KAMPANYA_SURESI,27.12.2019,"{""tarih"": ""2019-12-27""}",0.82,Örnek: ⟪27.12.2019⟫ tarihli forward işlem örneği,,,
ziraat_katilim-6a94bac26117-p013,0,ziraat_katilim,VADE_SURESI,1 Ay,"{""deger"": 1, ""birim"": ""ay""}",0.85,Vade (27.01.2020) ⟪1 Ay⟫ İşlem Tutarı Forward Kur,,,
ziraat_katilim-9d37c64c1ca3-p001,0,ziraat_katilim,VADE_SURESI,3Ay,"{""deger"": 3, ""birim"": ""ay""}",0.85,Yıl Ay ⟪3Ay⟫ Ay Yıl Ay 3Ay Ay Yıl 14.08.2026 10:48:53 tarihinde vadesi d,,,
ziraat_katilim-9d37c64c1ca3-p001,1,ziraat_katilim,VADE_SURESI,3Ay,"{""deger"": 3, ""birim"": ""ay""}",0.85,Yıl Ay 3Ay Ay Yıl Ay ⟪3Ay⟫ Ay Yıl 14.08.2026 10:48:53 tarihinde vadesi dolan TL/USD/EU,,,
ziraat_katilim-9d37c64c1ca3-p001,2,ziraat_katilim,KAMPANYA_SURESI,14.08.2026,"{""tarih"": ""2026-08-14""}",0.82,Yıl Ay 3Ay Ay Yıl Ay 3Ay Ay Yıl ⟪14.08.2026⟫ 10:48:53 tarihinde vadesi dolan TL/USD/EUR hesaplara dağıtı,,,
ziraat_katilim-9d37c64c1ca3-p006,0,ziraat_katilim,KAMPANYA_SURESI,14.08.2026,"{""tarih"": ""2026-08-14""}",0.82,⟪14.08.2026⟫ 10:48:53 tarihinde vadesi dolan TL/USD/EUR hesaplara dağıtı,,,
ziraat_katilim-439d9e4e7432-p008,0,ziraat_katilim,VADE_SURESI,30 yıl,"{""deger"": 360, ""birim"": ""ay""}",0.8,Vadesi genelde 2 ile ⟪30 yıl⟫ arasında değişebilir.,,,
ziraat_katilim-439d9e4e7432-p014,0,ziraat_katilim,VADE_SURESI,30 yıl,"{""deger"": 360, ""birim"": ""ay""}",0.8,rında değerlendirmeyi tercih eden ve uzun vadeli (genelde 2-⟪30 yıl⟫ ) yatırım yapmayı düşünen kişi ve kuruluşlar YP Sukuk terci,,,
ziraat_katilim-7fd73b574ae4-p033,0,ziraat_katilim,FINANSMAN_TUTARI,2.000 ₺,"{""deger"": 2000.0, ""birim"": ""TRY""}",0.8,Harcadıkça azalan limit: Örneğin sanal kartınıza ⟪2.000 ₺⟫ limit tanımladıysanız ve 500 ₺’lik bir alışveriş yaptıysanı,,,
ziraat_katilim-7fd73b574ae4-p033,1,ziraat_katilim,FINANSMAN_TUTARI,1.500 ₺,"{""deger"": 1500.0, ""birim"": ""TRY""}",0.8,ik bir alışveriş yaptıysanız kalan kullanılabilir limitiniz ⟪1.500 ₺⟫’ye düşer. Limiti tekrar yükseltmek için ana kartınızdan yen,,,
ziraat_katilim-7fd73b574ae4-p034,0,ziraat_katilim,FINANSMAN_TUTARI,2.000 ₺,"{""deger"": 2000.0, ""birim"": ""TRY""}",0.8,Sabit limit: Bu modelde ⟪2.000 ₺⟫ limit belirlediyseniz her alışveriş sonrası ana kartınızdan,,,
ziraat_katilim-7fd73b574ae4-p034,1,ziraat_katilim,FINANSMAN_TUTARI,2.000 ₺,"{""deger"": 2000.0, ""birim"": ""TRY""}",0.8,otomatik olarak limit tamamlanır ve sanal kartınız sürekli ⟪2.000 ₺⟫ kullanılabilir durumda kalır. Düzenli abonelik ödemeleri iç,,,
ziraat_katilim-5c1f96bb7f68-p001,0,ziraat_katilim,HEDEF_KITLE,KOBİ,"{""metin"": ""kobi̇""}",0.85,nelik olarak faaliyette bulunan alt yüklenici niteliğindeki ⟪KOBİ⟫-KOBİ DIŞI firmalar ve Savunma Sanayii Başkanlığı’nın belirl,,,
ziraat_katilim-5c1f96bb7f68-p001,1,ziraat_katilim,HEDEF_KITLE,KOBİ,"{""metin"": ""kobi̇""}",0.85,olarak faaliyette bulunan alt yüklenici niteliğindeki KOBİ-⟪KOBİ⟫ DIŞI firmalar ve Savunma Sanayii Başkanlığı’nın belirlediği,,,
ziraat_katilim-5c1f96bb7f68-p003,0,ziraat_katilim,FINANSMAN_TUTARI,12.500.000 TL,"{""deger"": 12500000.0, ""birim"": ""TRY""}",0.8,"müşterilerimize kullandırılabilecek azami finansman limiti ⟪12.500.000 TL⟫, vade azami 6 ay ödemesiz dönem dahil olmak üzere azami 24",,,
ziraat_katilim-5c1f96bb7f68-p003,1,ziraat_katilim,VADE_SURESI,6 ay,"{""deger"": 6, ""birim"": ""ay""}",0.85,"ılabilecek azami finansman limiti 12.500.000 TL, vade azami ⟪6 ay⟫ ödemesiz dönem dahil olmak üzere azami 24 aydır.",,,
ziraat_katilim-6f59b2c0f78f-p005,0,ziraat_katilim,MASRAF_DURUMU,Ücretsiz,"{""metin"": ""ücretsiz""}",0.7,⟪Ücretsiz⟫ Kredi Kartı Ziraat Katılım Bankkart ücretsiz kartınız için,,,
ziraat_katilim-6f59b2c0f78f-p005,1,ziraat_katilim,MASRAF_DURUMU,ücretsiz,"{""metin"": ""ücretsiz""}",0.7,Ücretsiz Kredi Kartı Ziraat Katılım Bankkart ⟪ücretsiz⟫ kartınız için kart aidat ücreti ödemezsiniz.,,,
ziraat_katilim-8368cd7c8cb4-p040,0,ziraat_katilim,MASRAF_DURUMU,Ücretsiz,"{""metin"": ""ücretsiz""}",0.7,⟪Ücretsiz⟫ Kart ile yapılan işlemler sonradan taksitlendirme uygulamas,,,
ziraat_katilim-f4715b4e6026-p042,0,ziraat_katilim,MASRAF_DURUMU,Ücretsiz,"{""metin"": ""ücretsiz""}",0.7,⟪Ücretsiz⟫ Kart ile yapılan işlemler sonradan taksitlendirme uygulamas,,,
ziraat_katilim-02308be2b52f-p000,0,ziraat_katilim,MASRAF_DURUMU,Ücretsiz,"{""metin"": ""ücretsiz""}",0.7,Bankkart (⟪Ücretsiz⟫) Ziraat Katılım Bankkart ücretsiz kartınız için kart aidat,,,
ziraat_katilim-02308be2b52f-p000,1,ziraat_katilim,MASRAF_DURUMU,ücretsiz,"{""metin"": ""ücretsiz""}",0.7,Bankkart (Ücretsiz) Ziraat Katılım Bankkart ⟪ücretsiz⟫ kartınız için kart aidat ücreti ödemezsiniz.,,,
ziraat_katilim-fa5158389ad3-p004,0,ziraat_katilim,KAMPANYA_SURESI,31/10/2006,"{""tarih"": ""2006-10-31""}",0.82,⟪31/10/2006⟫ tarih ve 5553 sayılı Tohumculuk Kanunu kapsamında Tarımsal,,,
