kayit_id,banka,baslik,url,onerilen_tur,guven,gerekce,metin_basi,ONAY_E_H,DUZELTILMIS_TUR,NOT
adil_katilim-790dd5f0a379,adil_katilim,Katılım Bankacılığı Ürün ve Hizmetleri,https://www.adilkatilim.com.tr/katilim-bankaciligi/urun-ve-hizmetler,Diğer / Kampanya Değil,0.7,kampanya sayfasi degil,"Katılım Bankacılığı Ürün ve Hizmetleri Adil Katılım Bankası, katılım esasları doğrultusunda bireysel ve ticari müşterilere yönelik geniş bir ürün hizmet yelpazesi sunar. Tüm çözümler gerçek ticaret, kâr-zarar paylaşımı v",,,
adil_katilim-d14d4002927a,adil_katilim,Anasayfa | Adil Katılım,https://www.adilkatilim.com.tr/,Diğer / Kampanya Değil,0.7,kampanya sayfasi degil,"Dijital bankacılığın yeni yüzüne Hoş Geldiniz Hızlı ve güvenilir finansal işlemlerinizin yeni adresi, değerlerinize saygılı, sizi anlayan finansal ürün ve hizmetlerin yeni bankası Adil Katılım Bankası ’ndasınız. Mobil uy",,,
adil_katilim-c3a6ec8b8228,adil_katilim,Bize Ulaşın,https://www.adilkatilim.com.tr/bize-ulasin,Diğer / Kampanya Değil,0.45,kampanya sayfasi degil,Bize Ulaşın Adil Katılım olarak size en iyi hizmeti sunmayı hedefliyoruz. Memnuniyetiniz bizim için önceliklidir. Görüş ve önerilerinizi bizimle paylaşabilirsiniz. Adil Katılım olarak size en iyi hizmeti sunmayı hedefliy,,,
adil_katilim-539564082f74,adil_katilim,Katılım Bankacılığı,https://www.adilkatilim.com.tr/katilim-bankaciligi,Diğer / Kampanya Değil,0.7,kampanya sayfasi degil,"Katılım Bankacılığı Katılım bankacılığı, faizsiz finans ilkeleri doğrultusunda reel ekonomiyi esas alan bir bankacılık anlayışıdır. Tüm işlemler, kâr-zarar paylaşımı ve gerçek ticaret prensiplerine dayanır. Katılım Banka",,,
adil_katilim-baf4292d0c82,adil_katilim,Belgeler | Adil Katılım,https://www.adilkatilim.com.tr/katilim-bankaciligi/belgeler,Diğer / Kampanya Değil,0.45,kampanya sayfasi degil,Belgeler Katılma Hesapları (Mudarabeye – Emek Sermaye Ortaklığına- Dayalı) Müşteri Bilgilendirme Formu Murabahaya Dayalı Finansman Akdi Bilgilendirme Formu Özel Cari Hesap Bilgilendirme Formu Yatırım Vekâletine Dayalı Fi,,,
adil_katilim-b45752aafa88,adil_katilim,Müşteri Memnuniyeti Politikamız,https://www.adilkatilim.com.tr/musteri-memnuniyeti-politikasi,Diğer / Kampanya Değil,0.45,kampanya sayfasi degil,"Müşteri Memnuniyeti Politikamız Bankacılık anlayışımızın temelini ""Adil Paylaşım Herkesin Hakkı"" ilkesi oluşturur. Adil Katılım Bankası olarak müşterilerimizi birer paydaş olarak görür, her türlü talep, öneri ve şikâyeti",,,
adil_katilim-b9702a2ed763,adil_katilim,Danışma Komitesi,https://www.adilkatilim.com.tr/katilim-bankaciligi/danisma-komitesi,Diğer / Kampanya Değil,0.45,kampanya sayfasi degil,Danışma Komitesi Doç. Dr. Abdulkadir ATAR Başkan 1983 yılında Erzurum'da doğdu. İlk ve orta öğrenimini İstanbul'da tamamladı. 2000 yılında Kadıköy İmam-Hatip Lisesi'nden mezun oldu. Ankara Üniversitesi Dil ve Tarih-Coğra,,,
adil_katilim-100195cd5222,adil_katilim,Katılım Bankacılığı Nedir?,https://www.adilkatilim.com.tr/katilim-bankaciligi/katilim-bankaciligi-nedir,Diğer / Kampanya Değil,0.7,kampanya sayfasi degil,"Katılım Bankacılığı Nedir? Katılım bankacılığı, fon toplama ve finansman kullandırma başta olmak üzere bankacılık faaliyetlerinin katılım finans esaslarına uygun şekilde gerçekleştirildiği finansal faaliyet türüdür. Katı",,,
albaraka-ccb86d59dcff,albaraka,Dijital Katılma Hesabı’na Özel Paylaşım Oranları!,https://www.albaraka.com.tr/tr/kampanyalar/detay/dijital-katilma-hesabina-ozel-paylasim-oranlari-10,Yatırım Ürünü Kampanyası,0.85,"eslesen alanlar: url,baslik,govde","Dijital Katılma Hesabı’na Özel Paylaşım Oranları! Kampanya Başlangıç ve Bitiş Müşteri Ol Albaraka Mobil’i indirerek görüntülü görüşme ile anında Albarakalı olun, avantajlı dijital dünyamıza katılın. 98/2 paylaşım oranlı",,,
albaraka-59c8c39a6db1,albaraka,Ürün ve Hizmet Ücretleri,https://www.albaraka.com.tr/tr/urun-ve-hizmet-ucretleri,Diğer / Kampanya Değil,0.7,kampanya sayfasi degil,Ürün ve Hizmet Ücretleri Konut Finansmanı Kalan Vadesi ?36 ay Ürün / Hizmet Para Birimi Asgari Tutar Asgari Oran Azami Tutar Azami Oran Açıklama Güncelleme Tarihi Tahsis Ücreti Ürün / Hizmet Para Birimi Asgari Tutar Asga,,,
albaraka-905356593b63,albaraka,Ara Dönem Kâr Payı,https://www.albaraka.com.tr/tr/bireysel/hesaplar/katilma-hesaplari/ara-donem-kar-payi,Yatırım Ürünü Kampanyası,0.622,eslesen alanlar: breadcrumb,"Ara Dönem Kâr Payı Müşteri Ol Ara Dönem Kâr Payı Ödemeli Katılma Hesap ile 1 yıl vadeli olarak açtığınız hesaplarda tercihinize göre 1 aylık, 3 aylık veya 6 aylık dönemlerle kâr payı ödemeleri alabilirsiniz. Böylece hem",,,
albaraka-4c438cd4bddb,albaraka,Dijital Müşterilere Özel Pratik Finansman Kart,https://www.albaraka.com.tr/tr/kampanyalar/detay/dijital-musterilere-ozel-pratik-finansman-kart,Kart Kampanyası,0.645,"eslesen alanlar: url,baslik,govde","Dijital Müşterilere Özel Pratik Finansman Kart Kampanya Başlangıç ve Bitiş Müşteri Ol Vade farksız 40.000 TL ve uygun oranlı hoş geldin finansmanı Albaraka'da! Beyaz eşyadan eğitim ve sağlık harcamalarına, ev eşyalarına",,,
albaraka-b4030d83952a,albaraka,Eflatun Kredi Kart ile Kozmetik Harcamalarına 200 TL\u0027ye varan Wor,https://www.albaraka.com.tr/tr/kampanyalar/detay/eflatun-kredi-kart-ile-kozmetik-harcamalarina-200-tlye-varan-worldpuan,Alışveriş Puanı Kampanyası,0.738,"eslesen alanlar: url,baslik,govde",Eflatun Kredi Kart ile Kozmetik Harcamalarına 200 TL'ye varan Worldpuan! Kampanya Başlangıç ve Bitiş Eflatun Kredi Kart ile Kozmetik Harcamalarına 200 TL'ye varan Worldpuan! Eflatun kredi kartınız ile yapacağınız 500 TL,,,
albaraka-1795dc07077a,albaraka,Size Özel Kampanyaları Hemen Keşfedin!,https://www.albaraka.com.tr/tr/kampanyalar,Alışveriş Puanı Kampanyası,0.389,eslesen alanlar: govde,Kampanyalar Yeni Müşterilerimize Özel Vade Farksız 140.000 TL’ye Varan Destek! Kâr payı yok. Beklemek yok. 140.000 TL’ye kadar vade farksız destek Albaraka’da! Yeni Müşterilerimize Özel Ağustos Ayına Özel Fatura Kampanya,,,
albaraka-597c3001b957,albaraka,2026 | Albaraka Türk,https://www.albaraka.com.tr/tr/kampanyalar/detay/2026,Finansman Kampanyası,0.441,eslesen alanlar: govde,"Anketimize katılmak ister misiniz? Evet Hayır Alba Merhaba, ben Alba! Unutmayın, görüşmeniz boyunca vereceğiniz bilgiler kaydedilecek ve işlenecektir. Detaylı bilgi için Aydınlatma Metni ’ni inceleyebilirsiniz. Sizin içi",,,
albaraka-ea53872ed45c,albaraka,Albaraka World Kampanyaları,https://www.albaraka.com.tr/tr/world-dunyasi/kampanyalar,Alışveriş Puanı Kampanyası,0.535,eslesen alanlar: govde,"Albaraka World Kampanyaları Tüm Kampanyalar Taksit Kampanyaları Puan Kampanyaları İndirim Kampanyaları Arama (En az 3 karakter giriniz.) Setur'da 7.500 TL'ye varan Worldpuan! Setur’da tatilinizi planlayın, harcamalarınız",,,
albaraka-7b5a4d2abdc9,albaraka,Hazine Ürünlerimizle Döviz ve Kıymetli Maden Al-Sat,https://www.albaraka.com.tr/tr/bireysel/yatirim/hazine-urunleri,Yatırım Ürünü Kampanyası,0.88,"eslesen alanlar: url,breadcrumb,govde","Hazine Ürünleri Döviz Alım-Satım Cazip kur avantajıyla döviz alış ve satış işlemlerini gerçekleştirebilir, yatırımlarınızı farklı para birimlerine taşıyabilirsiniz. Kıymetli Maden Alım-Satım Albaraka Türk güvencesi ile k",,,
albaraka-a4c06e14cb90,albaraka,"Albaraka Mobil'de Şimdi ""Seçkin Fırsatlar"" Zamanı!",https://www.albaraka.com.tr/tr/kampanyalar/detay/seckin-firsatlar,Yeni Müşteri Kampanyası,0.504,eslesen alanlar: govde,"Albaraka Mobil'de Şimdi ""Seçkin Fırsatlar"" Zamanı! Kampanya Başlangıç ve Bitiş Müşteri Ol “Seçkin Fırsatlar” ile hayatın her alanından avantajlar sizi bekliyor! Albaraka Mobil’de şimdi Seçkin Fırsatlar ile havaalanından",,,
albaraka-b3d9d634601f,albaraka,Arzum’da %25 İndirim!,https://www.albaraka.com.tr/tr/kampanyalar/detay/arzumda-25-indirim,Diğer / Kampanya Değil,0.3,kampanya sayfasi ama tur belirlenemedi,"Arzum’da %25 İndirim! Arzum’da indirim Albaraka’da! Eviniz için seçkin ürünlerde özel ayrıcalıkları kaçırmayın. Nasıl Kullanılır? Albaraka Mobil’e giriş yapın, Kampanyalar sayfasından “Seçkin Fırsatlar Albaraka’da!” kamp",,,
albaraka-5e57b63efae4,albaraka,Eğitim Harcamalarınıza Vade Farksız 6 Taksit Kampanyası,https://www.albaraka.com.tr/tr/kampanyalar/detay/egitim-kampanyasi-1,Yeni Müşteri Kampanyası,0.369,eslesen alanlar: govde,"Eğitim Harcamalarınıza Vade Farksız 6 Taksit Kampanyası Kampanya Başlangıç ve Bitiş Müşteri Ol Albaraka Mobil'de Kampanyalar sayfasından kampanyaya katılım sağlayarak, World kartlarınız ile kampanyaya katıldıktan sonra y",,,
albaraka-2f91d0554cdd,albaraka,Kırtasiye Kampanyası,https://www.albaraka.com.tr/tr/kampanyalar/detay/kirtasiye-kampanyasi,Kart Kampanyası,0.346,eslesen alanlar: govde,"Kırtasiye Kampanyası Kampanya Başlangıç ve Bitiş 1.000 TL- 20.000 TL arası kırtasiye harcamalarınızda vade farksız 4 taksit fırsatını kaçırmayın! Kampanyaya Katılım Adımları: Albaraka Mobil üzerinden ""Kırtasiye Kampanyas",,,
albaraka-576990ead434,albaraka,Elektronik Ürün Senedi (ELÜS),https://www.albaraka.com.tr/tr/kobi/yatirim/elektronik-urun-senedi-elus,Yatırım Ürünü Kampanyası,0.637,"eslesen alanlar: url,breadcrumb,govde","Elektronik Ürün Senedi (ELÜS) ELÜS’lerinizi artık Albaraka Yatırım hesabında saklayabilir, ELÜS ihraç, alım-satım, ve iptal işlemlerinizi bankamız yatırım hesabıyla gerçekleştirebilirsiniz. Yatırım hesabımızı Albaraka İn",,,
albaraka-57c3b5fde148,albaraka,Vade Farksız 140.000 TL’ye Varan Destek!,https://www.albaraka.com.tr/tr/kampanyalar/detay/vade-farksiz-kampanyasi,İhtiyaç Finansmanı Kampanyası,0.409,eslesen alanlar: govde,"Vade Farksız 140.000 TL’ye Varan Destek! Kampanya Başlangıç ve Bitiş Müşteri Ol Kâr payı yok. Beklemek yok. 140.000 TL ’ye kadar vade farksız destek Albaraka’da! Şimdi Albaraka Mobil’den müşteri olanlar, %0 kâr payı ile",,,
albaraka-956cc78c9940,albaraka,Sermaye Piyasası Ürünleri,https://www.albaraka.com.tr/tr/bireysel/yatirim/sermaye-piyasasi-urunleri,Yatırım Ürünü Kampanyası,0.66,"eslesen alanlar: url,breadcrumb,govde",Sermaye Piyasası Ürünleri Kira Sertifikası (Sukuk) Albaraka Türk bünyesinde yatırım hesabı açabilir; tasarruflarınızı İnternet Şube üzerinden güncel oranlarla kira sertifikalarında değerlendirebilirsiniz. Hisse Senedi İş,,,
albaraka-03290cc71568,albaraka,Roamy eSIM’den %50 İndirim!,https://www.albaraka.com.tr/tr/kampanyalar/detay/roamy-esimden-50-indirim,Diğer / Kampanya Değil,0.3,kampanya sayfasi ama tur belirlenemedi,Roamy eSIM’den %50 İndirim! Yurtdışında internetsiz kalmamanız için %50 Roamy eSIM indirimi Albaraka Mobil’de. Kampanya Detayları 1 Ağustos – 31 Aralık 2025 tarihleri arasında ALBRK50 kodu ile Roamy eSIM siparişlerinizde,,,
albaraka-123679fd2f3a,albaraka,Albaraka Sadakat Programı,https://www.albaraka.com.tr/tr/kampanyalar/detay/albaraka-sadakat-programi,Alışveriş Puanı Kampanyası,0.389,eslesen alanlar: govde,"Albaraka Sadakat Programı Kampanya Başlangıç ve Bitiş Müşteri Ol Bankamızla kurduğunuz güçlü bağı ödüllendirmek için sizi özel bir dünyaya davet ediyoruz. Albaraka Sadakat Programı , bankacılık işlemlerinizden kazandığın",,,
albaraka-efff43972cf1,albaraka,Pocket eSIM’den %35 İndirim!,https://www.albaraka.com.tr/tr/kampanyalar/detay/pocket-esimden-35-indirim,Yeni Müşteri Kampanyası,0.504,eslesen alanlar: govde,Pocket eSIM’den %35 İndirim! Yurtdışında internetsiz kalmamanız için %35 Pocket eSIM indirimi Albaraka Mobil’de. Müşterimiz değilseniz hem masrafsız bankacılıktan faydalanmak hem de bunun gibi birçok avantajlı kampanya f,,,
albaraka-61d0904a0eca,albaraka,Havalara Uçuran Kampanya!,https://www.albaraka.com.tr/tr/kampanyalar/detay/albarakadan-ucuran-kampanya,Kart Kampanyası,0.346,eslesen alanlar: govde,"Havalara Uçuran Kampanya! Dijital Portföy Yönetimi müşterilerine özel kredi kartları ile yapacağı havayolu harcamalarında %10’u kadar, 2.000 TL’ ye varan iade kazanma fırsatı! Kampanyaya Katılım Adımları Albaraka Mobil ü",,,
albaraka-84561a7d12f7,albaraka,Madame Coco\u0027da 350 TL İndirim!,https://www.albaraka.com.tr/tr/kampanyalar/detay/madame-cocoda-350-tl-indirim,Diğer / Kampanya Değil,0.3,kampanya sayfasi ama tur belirlenemedi,"Madame Coco'da 350 TL İndirim! Madam Coco’da özel ayrıcalık. Albaraka ayrıcalığıyla seçkin ürünler sizi bekliyor. Nasıl Kullanılır? Albaraka Mobil’e giriş yapın, Kampanyalar sayfasından “Seçkin Fırsatlar Albaraka’da!” ka",,,
albaraka-22a6a07baf87,albaraka,Yakınını Davet Et Kampanyası,https://www.albaraka.com.tr/tr/kampanyalar/detay/yakinini-davet-et-kampanyasi,Yeni Müşteri Kampanyası,0.848,"eslesen alanlar: url,baslik,govde","Yakınını Davet Et Kampanyası Kampanya Başlangıç ve Bitiş Albaraka Türk'e müşteri olan her yakınınız için 500 TL, toplamda 5.000 TL'ye varan Worldpuan kazanın! Üstelik davet edilen yakınınınız da 500 TL Worldpuan kazanıyo",,,
albaraka-3e771c247998,albaraka,Macrocenter.com.tr\u0027de %10 İndirim!,https://www.albaraka.com.tr/tr/kampanyalar/detay/macrocentercomtrde-10-indirim,Diğer / Kampanya Değil,0.3,kampanya sayfasi ama tur belirlenemedi,"Macrocenter.com.tr'de %10 İndirim! Macrocenter.com.tr'de Albaraka müşterilerine özel ayrıcalıklar sizi bekliyor. Nasıl Kullanılır? Albaraka Mobil’e giriş yapın, Kampanyalar sayfasından “Seçkin Fırsatlar Albaraka’da!” kam",,,
albaraka-756af2fa7435,albaraka,Trend 4 GB İnternet Kampanyası,https://www.albaraka.com.tr/tr/kampanyalar/detay/trend-4-gb-internet-kampanyasi,Kart Kampanyası,0.346,eslesen alanlar: govde,"Trend 4 GB İnternet Kampanyası Kampanya Başlangıç ve Bitiş Neye ihtiyacın olduğunu en iyi Albaraka Türk bilir! Alışverişlerinde Trend Kredi Kartı’nı kullan, internet paketi hediyeni kap! Hem de bir kere değil, her ay kaz",,,
albaraka-0a485a5a7960,albaraka,Yolcu 360 – Yurt İçi Uçak Bileti,https://www.albaraka.com.tr/tr/kampanyalar/detay/yolcu-360-yurt-ici-ucak-bileti,Diğer / Kampanya Değil,0.3,kampanya sayfasi ama tur belirlenemedi,"Yolcu 360 – Yurt İçi Uçak Bileti Yola çıkmak artık çok kolay! Albaraka Mobil’den kampanya kodunuzu alın, yurt içi uçak bileti alımlarınızda özel indirim fırsatlarıyla konforlu ve avantajlı bir yolculuğa çıkın. Nasıl Kull",,,
albaraka-4c01cb2ffafa,albaraka,Döviz Alım-Satım,https://www.albaraka.com.tr/tr/bireysel/yatirim/hazine-urunleri/doviz-alim-satim,Yatırım Ürünü Kampanyası,0.88,"eslesen alanlar: url,breadcrumb,govde","Döviz Alım-Satım Cazip kur avantajıyla döviz alış ve satış işlemlerini gerçekleştirebilir, yatırımlarınızı farklı para birimlerine taşıyabilirsiniz. İnternet Bankacılığı’mız aracılığıyla döviz işlemlerinizi 7 gün 24 saat",,,
albaraka-713b6f854dc7,albaraka,Kahve Keyfiniz Albaraka’dan!,https://www.albaraka.com.tr/tr/kampanyalar/detay/2026/kahve-keyfiniz-albarakadan,Diğer / Kampanya Değil,0.3,kampanya sayfasi ama tur belirlenemedi,"Kahve Keyfiniz Albaraka’dan! Espressolab’de Elmas ve Platin müşterilerimize özel haftada 1 kahve hediyesi! Kampanyaya Katılım Adımları: Albaraka Mobil’e giriş yapın, Kampanyalar> ”Kahve Keyfiniz Albaraka’dan!” kampanyası",,,
albaraka-935275afc03c,albaraka,Yolcu 360 – Yurt Dışı Uçak Bileti,https://www.albaraka.com.tr/tr/kampanyalar/detay/yolcu-360-yurt-disi-ucak-bileti,Diğer / Kampanya Değil,0.3,kampanya sayfasi ama tur belirlenemedi,"Yolcu 360 – Yurt Dışı Uçak Bileti Yola çıkmak artık çok kolay! Albaraka Mobil’den kampanya kodunuzu alın, yurt dışı uçak bileti alımlarınızda özel indirim fırsatlarıyla konforlu ve avantajlı bir yolculuğa çıkın. Nasıl Ku",,,
albaraka-c0028e81db8a,albaraka,Hızlı döviz işlemleri sayesinde Albaraka Türk\u0027ün avantajlı döviz ,https://www.albaraka.com.tr/tr/kobi/yatirim/hazine-urunleri/hizli-doviz-islemleri,Yatırım Ürünü Kampanyası,0.88,"eslesen alanlar: url,breadcrumb,govde",Hızlı Döviz İşlemleri Yüksek hacimli işlemler yapıyorsanız Hızlı Döviz İşlemleri tam size göre. Mobil Bankacılığımız üzerinden Hızlı Döviz İşlemleri menüsüne erişebilmek için öncelikle en yakın şubemizden başvuru yapmanı,,,
albaraka-2d30cd9acf45,albaraka,Yoyo\u0027da %40 GastroClub İndirim!,https://www.albaraka.com.tr/tr/kampanyalar/detay/2026/yoyoda-40-gastroclub-indirim,Yeni Müşteri Kampanyası,0.504,eslesen alanlar: govde,Yoyo'da %40 GastroClub İndirim! Araç kiralamada %40 Albaraka indirimi! GastroClub kodunuzu almak için şimdi Albaraka Mobil > Kampanyalar > Seçkin Fırsatlar adımlarını izleyin. Nasıl Kullanılır? Kampanya kodu alınır. Yoyo,,,
albaraka-e37453130dd0,albaraka,Halka Arz Nedir?,https://www.albaraka.com.tr/tr/bireysel/yatirim/sermaye-piyasasi-urunleri/halka-arz,Yatırım Ürünü Kampanyası,0.847,"eslesen alanlar: url,breadcrumb,govde","Halka Arz Albaraka Türk Katılım Bankası ile katılım endeksine uygun halka arzlara katılmak artık çok kolay. ve İnternet Şube kanallarımız üzerinden güncel halk arzlara katılabilir, yatırım fırsatlarını anında değerlendir",,,
albaraka-a6e48ebc4145,albaraka,Akaryakıt Harcamalarınıza 1000 TL İndirim,https://www.albaraka.com.tr/tr/kampanyalar/akaryakit-harcamalariniza-1000-tl-indirim,Kart Kampanyası,0.346,eslesen alanlar: govde,"Akaryakıt Harcamalarınıza 1000 TL İndirim Siz de hemen Albaraka kredi kartı sahibi olun, Yapacağınız ilk 1.000 TL ve üstü akaryakıt harcamanıza 1.000 TL kazanın! Kampanya Koşulları: Kampanya, 1-31 Ağustos 2025 tarihleri",,,
albaraka-aa5d95d6862c,albaraka,Temmuz Ayına Özel Fatura Kampanyası,https://www.albaraka.com.tr/tr/kampanyalar/detay/temmuz-ayina-ozel-fatura-kampanyasi,Alışveriş Puanı Kampanyası,0.392,eslesen alanlar: govde,"Temmuz Ayına Özel Fatura Kampanyası Kampanya Başlangıç ve Bitiş Müşteri Ol “OFT2026” koduyla görüntülü görüşme ile müşterimiz olun, Albaraka World kredi kartınızla Albaraka Mobil üzerinden vereceğiniz her otomatik fatura",,,
albaraka-49ba76604dd4,albaraka,bilet.com Uçak Bileti Kampanyası,https://www.albaraka.com.tr/tr/kampanyalar/detay/2026/biletcom-ucak-bileti-kampanyasi,Kart Kampanyası,0.346,eslesen alanlar: govde,"bilet.com Uçak Bileti Kampanyası Siz de hemen Albaraka kredi kartları ile bilet.com mobil uygulaması üzerinden yurt içi ve yurt dışı uçak bileti alımı yapın, 700 TL’ye varan indirim kodu kazanın! Kampanyaya Katılım Adıml",,,
albaraka-5d387bdabe21,albaraka,Keyifli Konaklamanın Albaraka Hali!,https://www.albaraka.com.tr/tr/kampanyalar/detay/2026/konaklama-harcamaniza-10-indirim,Kart Kampanyası,0.346,eslesen alanlar: govde,Keyifli Konaklamanın Albaraka Hali! Dijital Portföy Yönetimi müşterilerine özel kredi kartları ile yapacağı 10.000 TL ve üzeri konaklama harcamasına %10 iade fırsatı! Kampanyaya Katılım Adımları Albaraka Mobil üzerinden,,,
albaraka-8cab2165f6a6,albaraka,The House Cafe\u0027lerde Tatlı İkramı!,https://www.albaraka.com.tr/tr/kampanyalar/detay/2026/the-house-cafelerde-tatli-ikrami,Diğer / Kampanya Değil,0.3,kampanya sayfasi ama tur belirlenemedi,"The House Cafe'lerde Tatlı İkramı! Tatlı ikramınız Albaraka’dan! GastroClub kodunuzu almak için şimdi Albaraka Mobil > Kampanyalar > Seçkin Fırsatlar adımlarını izleyin. Tatlı ikramı, ana yemek siparişi sonrasında geçerl",,,
albaraka-e641d498c1fe,albaraka,Uber\u0027de İlk Yolculukta %80 İndirim!,https://www.albaraka.com.tr/tr/kampanyalar/detay/2026/uberde-ilk-yolculukta-80-indirim,Diğer / Kampanya Değil,0.3,kampanya sayfasi ama tur belirlenemedi,Uber'de İlk Yolculukta %80 İndirim! Uber harcamalarınızda %80 indirim sizi bekliyor. GastroClub kodunuzu almak için şimdi Albaraka Mobil > Kampanyalar > Seçkin Fırsatlar adımlarını izleyin Nasıl Kullanılır? Eğer uygulama,,,
albaraka-37eff1531ee7,albaraka,Hızlı Çiçek %25 İndirim Kampanyası,https://www.albaraka.com.tr/tr/kampanyalar/detay/2026/hizli-cicek-25-indirim-kampanyasi,Diğer / Kampanya Değil,0.3,kampanya sayfasi ama tur belirlenemedi,"Hızlı Çiçek %25 İndirim Kampanyası Siz de hemen Hızlı Çiçek mobil uygulamasından sevdiklerinizi mutlu edecek hediyenizi seçin, %25 indirim kodunuzu kaçırmayın. Kampanyaya Katılım Adımları: Albaraka Mobil’e giriş yapın, K",,,
albaraka-77b4ebc21605,albaraka,Trend’lilere Tüm Banka ATM’leri Ücretsiz,https://www.albaraka.com.tr/tr/kampanyalar/detay/trendlilere-tum-banka-atmleri-ucretsiz,Kart Kampanyası,0.472,eslesen alanlar: govde,"Trend’lilere Tüm Banka ATM’leri Ücretsiz Kampanya Başlangıç ve Bitiş Albaraka Türk Trend Bankacılık, gençlerin hayatını kolaylaştırmaya devam ediyor. Trend Banka Kartı’na sahipsen tüm ATM’ler ücretsiz olarak hizmetinde!",,,
albaraka-fb5badc0959b,albaraka,Kıymetli Maden Alım-Satım,https://www.albaraka.com.tr/tr/bireysel/yatirim/hazine-urunleri/kiymetli-maden-alim-satim,Yatırım Ürünü Kampanyası,0.6,"eslesen alanlar: url,breadcrumb","Kıymetli Maden Alım-Satım Albaraka Türk güvencesi ile kıymetli maden alım satım işlemlerinizi yapabilirsiniz. Size en yakın şubelerimiz, ATM, Albaraka Mobil uygulamamız ve İnternet Şubemizden en uygun kurlarla kıymetli m",,,
albaraka-c21bd7bf1ea4,albaraka,Eflatun’lulara Tüm Banka ATM’leri Ücretsiz,https://www.albaraka.com.tr/tr/kampanyalar/detay/eflatunlulara-tum-banka-atmleri-ucretsiz,Kart Kampanyası,0.472,eslesen alanlar: govde,"Eflatun’lulara Tüm Banka ATM’leri Ücretsiz Kampanya Başlangıç ve Bitiş Albaraka Türk Eflatun Bankacılık, kadınların hayatını kolaylaştırmaya devam ediyor. Eflatun Banka Kartı’na sahipsen tüm ATM’ler ücretsiz olarak hizme",,,
albaraka-ff381e5e58e3,albaraka,İstanbul Havalimanı,https://www.albaraka.com.tr/tr/kampanyalar/detay/istanbul-havalimani-hizli-gecis-kampanyasi,Diğer / Kampanya Değil,0.3,kampanya sayfasi ama tur belirlenemedi,"İstanbul Havalimanı - Hızlı Geçiş Kampanyası Seyahatlerinizde konforu ve ayrıcalığı bir arada yaşayın! İstanbul Havalimanı’nda hızlı geçiş ayrıcalığı ile yolculuk öncesi vakit kaybetmeden geçişinizi yapın, seyahatinize k",,,
albaraka-230070c39aaa,albaraka,MTV Ödemelerinize Vade Farksız 3 Taksit!,https://www.albaraka.com.tr/tr/kampanyalar/detay/mtv-odemelerinize-vade-farksiz-3-taksit-10,Yeni Müşteri Kampanyası,0.369,eslesen alanlar: govde,"MTV Ödemelerinize Vade Farksız 3 Taksit! Kampanya Başlangıç ve Bitiş Müşteri Ol Motorlu Taşıtlar Vergisi (MTV) 2026 yılı 2. dönem ödemelerinizi, Albaraka Mobil, Albaraka İnternet Şubesi, Alo Albaraka (0850 222 5 666) Alb",,,
albaraka-02d0d4550f4b,albaraka,"Hisse Senedi Nedir, Nasıl Alınır?",https://www.albaraka.com.tr/tr/bireysel/yatirim/sermaye-piyasasi-urunleri/hisse-senedi-islemleri,Yatırım Ürünü Kampanyası,0.643,"eslesen alanlar: url,baslik,breadcrumb,govde","Hisse Senedi İşlemleri Hisse senedi, yurtiçi ve yurtdışı borsalarda işlem gören halka açık şirketlerin en küçük sermaye birimini temsil eden yatırım aracıdır. Sahip olduğunuz hisse senetleri yatırım yaptığınız şirkete ol",,,
albaraka-b279c1399fdd,albaraka,Kira Sertifikası (Sukuk),https://www.albaraka.com.tr/tr/bireysel/yatirim/sermaye-piyasasi-urunleri/kira-sertifikasi-sukuk,Yatırım Ürünü Kampanyası,0.644,"eslesen alanlar: url,baslik,breadcrumb,govde",Kira Sertifikası (Sukuk) Albaraka Mobil İndir Albaraka Türk Katılım Bankası A.Ş.’nin varlık kiralama şirketi Bereket VKŞ aracılığı ile ihraç ettiği Türk Lirası cinsi kira sertifikalarına hem şubelerimiz aracılığı ile hem,,,
albaraka-bd2f2e54fda4,albaraka,Sabiha Gökçen Havalimanı,https://www.albaraka.com.tr/tr/kampanyalar/detay/sabiha-gokcen-havalimani-hizli-gecis-kampanyasi,Diğer / Kampanya Değil,0.3,kampanya sayfasi ama tur belirlenemedi,"Sabiha Gökçen Havalimanı - Hızlı Geçiş Kampanyası Seyahatlerinizde konforu ve ayrıcalığı bir arada yaşayın! Sabiha Gökçen Havalimanı’nda hızlı geçiş ayrıcalığı ile yolculuk öncesi vakit kaybetmeden geçişinizi yapın, seya",,,
albaraka-f45a8acd8399,albaraka,Ücretsiz İSPARK Otopark Kampanyası | Albarakalılara Özel,https://www.albaraka.com.tr/tr/kampanyalar/detay/albarakalilara-ozel-ucretsiz-ispark-kampanyasi-1,Yeni Müşteri Kampanyası,0.504,eslesen alanlar: govde,"Ücretsiz İSPARK Otopark Kampanyası | Albarakalılara Özel Kampanya Başlangıç ve Bitiş Ücretsiz İSPARK Otopark kampanyası ile Albaraka Türk, hayatınızı kolaylaştırmaya devam ediyor. Albaraka Türk müşterisi olup, kampanya ş",,,
albaraka-7915da07cfc1,albaraka,404 | Albaraka Türk,https://www.albaraka.com.tr/tr/kampanyalar/detay/albaraka-restoran-harcamaniza-5-indirim-kazandiriyor,Finansman Kampanyası,0.441,eslesen alanlar: govde,"Üzgünüz, aradığınız sayfa bulunamadı! Anasayfaya Dön Anketimize katılmak ister misiniz? Evet Hayır Alba Merhaba, ben Alba! Unutmayın, görüşmeniz boyunca vereceğiniz bilgiler kaydedilecek ve işlenecektir. Detaylı bilgi iç",,,
albaraka-fc00bd01d9c0,albaraka,Albaraka Konaklama Harcamanıza %5 İndirim Kazandırıyor!,https://www.albaraka.com.tr/tr/kampanyalar/detay/albaraka-konaklama-harcamaniza-5-indirim-kazandiriyor,Kart Kampanyası,0.346,eslesen alanlar: govde,"Albaraka Konaklama Harcamanıza %5 İndirim Kazandırıyor! 'Albaraka Konaklama Harcamanıza %5 İndirim Kazandırıyor!' kampanyasına katılım sağlayarak, kartınızla yapacağınız 10.000 TL ve üzeri konaklama harcamanıza %5 indiri",,,
albaraka-315ad4281247,albaraka,Albaraka Restoran Harcamanıza %10 İndirim Kazandırıyor!,https://www.albaraka.com.tr/tr/kampanyalar/detay/albaraka-restoran-harcamaniza-5-indirimm-kazandiriyor,Finansman Kampanyası,0.441,eslesen alanlar: govde,"Albaraka Restoran Harcamanıza %10 İndirim Kazandırıyor! Anketimize katılmak ister misiniz? Evet Hayır Alba Merhaba, ben Alba! Unutmayın, görüşmeniz boyunca vereceğiniz bilgiler kaydedilecek ve işlenecektir. Detaylı bilgi",,,
albaraka-0c63aed9130d,albaraka,Sağlık Harcamalarına Vade Farksız 6 Taksit Kampanyası,https://www.albaraka.com.tr/tr/kampanyalar/detay/saglik-harcamalarina-vade-farksiz-6-taksit-kampanyasi-1_1,Yeni Müşteri Kampanyası,0.369,eslesen alanlar: govde,Sağlık Harcamalarına Vade Farksız 6 Taksit Kampanyası Kampanya Başlangıç ve Bitiş Müşteri Ol TROY kredi kartlarınız ile yapacağınız 1.000 TL- 100.000 TL arası sağlık harcamalarınıza vade farksız 6 taksit fırsatı! Kampany,,,
albaraka-ab5e7eb44b52,albaraka,Kira Ödeyen Hesap,https://www.albaraka.com.tr/tr/bireysel/finansmanlar/ihtiyac/kisa-sureli-ihtiyaclariniz-icin/kira-odeyen-hesap,Finansman Kampanyası,0.604,"eslesen alanlar: url,breadcrumb,govde","Kira Ödeyen Hesap Kira Ödeyen Hesap kiracılara yönelik olup, kira yönetim sistemini kullanan ev sahiplerinin kiracıları kullanabilir. Kira Ödeyen Hesap’a başvurup, kirayı ödemek için yeterli bütçeniz olmadığı takdirde si",,,
albaraka-b9e0a81a0c3d,albaraka,Albaraka Otopark ve Vale Harcamanıza %50 İndirim Kazandırıyor!,https://www.albaraka.com.tr/tr/kampanyalar/detay/albaraka-otopark-ve-vale-harcamaniza-10-indirim-kazandiriyorr,Finansman Kampanyası,0.441,eslesen alanlar: govde,"Albaraka Otopark ve Vale Harcamanıza %50 İndirim Kazandırıyor! Anketimize katılmak ister misiniz? Evet Hayır Alba Merhaba, ben Alba! Unutmayın, görüşmeniz boyunca vereceğiniz bilgiler kaydedilecek ve işlenecektir. Detayl",,,
albaraka-478447c96eb0,albaraka,BES Teminatlı Finansman,https://www.albaraka.com.tr/tr/bireysel/finansmanlar/birikimlerinizi-koruyan-bes-teminatli-finansman-albarakada,Finansman Kampanyası,0.629,"eslesen alanlar: url,baslik,breadcrumb,govde","BES Teminatlı Finansman Birikimlerinizi Koruyan, BES Teminatlı Finansman Albaraka’da! İhtiyaç anında BES’inizi bozdurmayın, şimdi Albaraka ile birikimleriniz ve devlet katkılarını koruyan BES teminatlı finansman var! Bey",,,
albaraka-91f1767949c4,albaraka,Aidat Ödeyen Hesap,https://www.albaraka.com.tr/tr/bireysel/finansmanlar/ihtiyac/kisa-sureli-ihtiyaclariniz-icin/aidat-odeyen-hesap,Finansman Kampanyası,0.604,"eslesen alanlar: url,breadcrumb,govde",Aidat Ödeyen Hesap Albaraka’nın Aidat Ödeyen Hesap’ı ile site sakinlerinin işleri aksamıyor! Özellikler Vade tarihinde site sakinlerinin hesabından otomatik tahsilat yapıyor. Hesapta yeterli bakiye yok ise site sakinine,,,
albaraka-244e6d1126f7,albaraka,Fatura Ödeyen Hesap,https://www.albaraka.com.tr/tr/bireysel/finansmanlar/ihtiyac/kisa-sureli-ihtiyaclariniz-icin/fatura-odeyen-hesap,İhtiyaç Finansmanı Kampanyası,0.687,"eslesen alanlar: url,breadcrumb","Fatura Ödeyen Hesap Albaraka Türk’te otomatik ödeme talimatınız varsa hesabınızda yeterli bakiye olmadığı zaman, kendinizin belirlenmiş olduğu limit dahilinde otomatik ödeme talimatı olan faturalarınızın ödenmesini sağla",,,
albaraka-b4c348a4effc,albaraka,Özel Fon Havuzuna Dayalı Kira Sertifikası,https://www.albaraka.com.tr/tr/bireysel/yatirim/sermaye-piyasasi-urunleri/ozel-fon-havuzuna-dayali-kira-sertifikasi,Yatırım Ürünü Kampanyası,0.644,"eslesen alanlar: url,baslik,breadcrumb,govde",Özel Fon Havuzuna Dayalı Kira Sertifikası Albaraka Türk’ün müşterilerine sunduğu Özel Fon Havuzuna Dayalı Kira Sertifikası ile birikimlerinizi katılım finans ilke ve esaslarına uygun olarak yönettiğimiz Özel Fon Havuzund,,,
albaraka-91226eb985c5,albaraka,Kobi Kartlar Kobilere Özel Fırsatlar Sunar,https://www.albaraka.com.tr/tr/kobi/kartlar,Kart Kampanyası,0.804,"eslesen alanlar: url,baslik,breadcrumb,govde",Kartlar Kobi Kartları World Business Kart Banka Kartı Albaraka Hasılat Kart Bayi Kart Faydalı Bilgiler Albaraka Türk'ün tüm kartlarına dair aklınıza takılan sorulara cevap bulabilir; merak ettiğiniz konulara dair detaylı,,,
albaraka-cb566f12a247,albaraka,Banka ve Kredi Kartlarından Size Özel Olanı Keşfedin,https://www.albaraka.com.tr/tr/bireysel/kartlar,Kart Kampanyası,0.531,"eslesen alanlar: url,baslik,breadcrumb,govde","Kartlar Harcama İtiraz Formu Kredi kartınızda/Debit kartınızda yapılan işlem size ait değilse, kartınızla yaptığınız ödemeye istinaden ürünü/hizmeti alamadıysanız vb gibi itirazlarınız varsa formu doldurabilirsiniz. Diji",,,
albaraka-66ebad55959d,albaraka,Bireysel Yatırım İmkanı ve Fırsatlarını Yakalayın,https://www.albaraka.com.tr/tr/bireysel/yatirim,Yatırım Ürünü Kampanyası,0.88,"eslesen alanlar: url,baslik,breadcrumb,govde","Yatırım Yatırım Hesabı Sermaye piyasası araçlarına yatırım yapmak isterseniz, kolayca yatırım yapabilmenizi, yatırımlarınızın takip edebilmesini sağlayan bir hesap türüdür. Platformlar Platformlarımızda gelişmiş grafikle",,,
albaraka-0919ef9a7cd5,albaraka,Kobi Finansal Desteğiniz Albaraka\u0027da!,https://www.albaraka.com.tr/tr/kobi/finansmanlar,Finansman Kampanyası,0.738,"eslesen alanlar: url,breadcrumb,govde",Finansmanlar Kobi Nakdi Finansman İşletmenizi büyütmek isteyen bir KOBİ’yseniz ve finansman ihtiyacınız varsa finansal desteği size en uygun geri ödeme seçeneğiyle Albaraka’da! Kobi Gayri Nakdi Finansman Kobiler kârlı ya,,,
albaraka-29d59dc3d664,albaraka,Finansmanlar,https://www.albaraka.com.tr/tr/bireysel/finansmanlar,Finansman Kampanyası,0.629,"eslesen alanlar: url,baslik,breadcrumb,govde",Finansmanlar Konut Finansmanı Hayalinizdeki eve kira öder gibi sahip olun! Uzun vade ve size özel ödeme seçenekleri ile Albaraka Türk Konut Finansmanı tam size göre! Taşıt Finansmanı Togg Finansmanı Dijital Araç Finansma,,,
albaraka-f340ae79c829,albaraka,albaFX - Yurtdışı Hisse Senedi ve Fon Yatırımları Alım Satımı,https://www.albaraka.com.tr/tr/bireysel/yatirim/albafx,Yatırım Ürünü Kampanyası,0.643,"eslesen alanlar: url,baslik,breadcrumb,govde","albaFX Borsa İstanbul, Yurt Dışı Borsaları ve Yatırım Fonları albaFX’te! albaFX ile Borsa İstanbul artık parmaklarınızın ucunda! Bunun yanında; Amerika ve Avrupa borsalarında hisse senedi ve yatırım fonu alıp satabilir,",,,
albaraka-3e65aefc8b64,albaraka,Kobi Kartları,https://www.albaraka.com.tr/tr/kobi/kartlar/kobi-kartlari,Kart Kampanyası,0.825,"eslesen alanlar: url,baslik,breadcrumb,govde",Kobi Kartları World Business Kart World Business Card ile dünyanın her yerinde alışveriş yapmanın keyfini çıkarabilirsiniz. Üstelik kart aidatı da ödemezsiniz. Banka Kartı Albaraka Ticari Banka Kartı: İşletmenizin Finans,,,
albaraka-974c724d43d4,albaraka,Platformlar,https://www.albaraka.com.tr/tr/bireysel/yatirim/platformlar,Yatırım Ürünü Kampanyası,0.764,"eslesen alanlar: url,breadcrumb","Platformlar TradingView TradingView, hammadde ticaretiyle ilgilenen kullanıcılara da değerli bir araç sunar. Anketimize katılmak ister misiniz? Evet Hayır Alba Merhaba, ben Alba! Unutmayın, görüşmeniz boyunca vereceğiniz",,,
albaraka-3a73682512d0,albaraka,İhtiyaç Finansmanı,https://www.albaraka.com.tr/tr/bireysel/finansmanlar/ihtiyac,İhtiyaç Finansmanı Kampanyası,0.775,"eslesen alanlar: url,baslik,breadcrumb,govde","İhtiyaç Finansmanı Jet Finansman Başvurusu Albaraka Türk İhtiyaç Finansmanı ile hiçbir ihtiyacınızı ertelemeyin! İster yeni bir eşya ister tatile çıkmak olsun, uygun kar oranları ve esnek ödeme planlarıyla ihtiyacınız ka",,,
albaraka-c8ac2fdf39a6,albaraka,Tarım Bankacılığınız Hasılat Kart ile Daha Kolay,https://www.albaraka.com.tr/tr/kobi/tarim-bankaciligi/kartlar,Kart Kampanyası,0.587,"eslesen alanlar: url,baslik,breadcrumb,govde","Kartlar Hasılat Kart, mifare özelliği bulunan bir banka kartıdır. Kartınız ile Toprak Mahsülleri Ofisleri’ndeki kart okuyuculara kartlarınızı okutup TMO’ya hesap bilgilerinizi anında aktararak masrafsız olarak ürün bedel",,,
albaraka-b99c08b2f9cc,albaraka,Banka Kartları,https://www.albaraka.com.tr/tr/bireysel/kartlar/banka-kartlari,Kart Kampanyası,0.619,"eslesen alanlar: url,baslik,breadcrumb,govde","Banka Kartları 7/24 Albaraka Banka Kartı 7/24 Albaraka Türk Banka Kartı ile her an nakit ihtiyacınızı karşılayabilir, alışveriş yapabilir ve tüm bankacılık işlemlerinizi şubeye gitmeden gerçekleştirebilirsiniz. Hicaz Kar",,,
albaraka-5c12f9ab739b,albaraka,Dijital Ekstre ile Doğaya Destek Ol,https://www.albaraka.com.tr/tr/bireysel/kartlar/dijital-ekstre,Kart Kampanyası,0.551,"eslesen alanlar: url,breadcrumb,govde",Dijital Ekstre Tüm kredi kartlarınız için Dijital Ekstre talebinde bulunarak hem ekstrelerinize istediğiniz anda dijital kanallarımız üzerinden ulaşabilir hem de doğanın korunmasına destek olabilirsiniz. Albaraka Mobil ü,,,
albaraka-3538859544d4,albaraka,Bireysel Kredi Kartlarından Size En Uygun Olanı Seçin,https://www.albaraka.com.tr/tr/bireysel/kartlar/kredi-kartlari,Kart Kampanyası,0.645,"eslesen alanlar: url,baslik,breadcrumb,govde","Kredi Kartı Başvurusu Albaraka Türk Kredi Kartlarında kart ücreti yok, karta özel kampanyalar var! Kartınıza özel ayrıcalıklardan yararlanmak ve üye işyerlerinden yapacağınız alışverişlerinizden Worldpuan kazanmak için h",,,
albaraka-5779a3cb812f,albaraka,Yatırım Hesabı,https://www.albaraka.com.tr/tr/bireysel/yatirim/yatirim-hesabi,Yatırım Ürünü Kampanyası,0.66,"eslesen alanlar: url,baslik,breadcrumb,govde","Yatırım Hesabı Albaraka Mobil İndir Yatırım Hesabı; Menkul Kıymetlerin alım-satımı için açılması gereken özel nitelikli bir hesaptır. Sermaye piyasası araçlarına yatırım yapmak isterseniz, kolayca yatırım yapabilmenizi,",,,
albaraka-00428198c3f7,albaraka,Yatırım Fonları,https://www.albaraka.com.tr/tr/bireysel/yatirim/yatirim-fonlari,Yatırım Ürünü Kampanyası,0.88,"eslesen alanlar: url,baslik,breadcrumb,govde","Yatırım Fonları Menkul Kıymet Yatırım Fonları Açtıracağınız yatırım fonu ile birçok avantaj elde edebilirsiniz. Hem katılım miktarınız kadar getiriden istifade eder, hem de istediğiniz zaman nakde çevirebilirsiniz. Gayri",,,
albaraka-0e0e57f60300,albaraka,Faydalı Bilgiler,https://www.albaraka.com.tr/tr/bireysel/kartlar/faydali-bilgiler,Kart Kampanyası,0.735,"eslesen alanlar: url,breadcrumb,govde",Faydalı Bilgiler Kredi Kartı Gecikme Cezası Albaraka Türk Katılım Bankası’nda kredi kartlarımız için asgari ödeme oranı yüzde yüzdür. Müşteri borcunun vadesi geldiğinde söz konusu aya yansıyan tüm borcunu ödemekle mükell,,,
albaraka-31f183e0fb81,albaraka,Bayide Finansman,https://www.albaraka.com.tr/tr/kobi/finansmanlar/bayide-finansman,Finansman Kampanyası,0.56,"eslesen alanlar: url,baslik,breadcrumb,govde",Bayide Finansman Bayide Finansman Nedir? Firmanızın ürün/hizmetlerini satın almak isteyen bireysel müşterilerin finansman kullanarak ücret bedelinin anında hesabınıza geçeceği alternatif online bir satış kanalıdır. Firma,,,
albaraka-d654bf839672,albaraka,Dijital Banka Kartı,https://www.albaraka.com.tr/tr/bireysel/kartlar/dijital-banka-karti,Kart Kampanyası,0.783,"eslesen alanlar: url,baslik,breadcrumb,govde",Dijital Banka Kartı Albaraka Türk müşterimizseniz Albaraka Mobil veya İnternet Şubesinden dijital banka kartınızı oluşturabilir ve hemen kullanmaya başlayabilirsiniz. Albaraka Türk müşterimiz değilseniz şubeye gitmeden d,,,
albaraka-7f9df6142c0a,albaraka,Bayi Kart ile Vadeli Satış Yapabilirsiniz,https://www.albaraka.com.tr/tr/kobi/kartlar/kobi-kartlari/bayi-kart,Kart Kampanyası,0.602,"eslesen alanlar: url,baslik,breadcrumb,govde",Bayi Kart Albaraka Bayi Kart vadeli mal satışı yapan ve bu satışlarını garanti altına almak isteyen firmalara hızlı ve pratik çözüm sunan bir üründür. Albaraka Bayi Kart kapalı devre bir kart olup yalnızca ana firmadan m,,,
albaraka-3c74d138452f,albaraka,Harcama İtiraz Formu,https://www.albaraka.com.tr/tr/bireysel/kartlar/harcama-itiraz-formu,Kart Kampanyası,0.551,"eslesen alanlar: url,breadcrumb,govde","Harcama İtiraz Formu Harcama İtiraz Formunu İndir Nasıl itiraz edebilirim? Harcama İtiraz Formu ” doldurularak harcamaitirazi@albarakaturk.com.tr adresine gönderilmelidir. Forma ulaşılamaması durumunda, itiraz nedenini a",,,
albaraka-8812c26c29e7,albaraka,Bayide Finansman ile Satış Hacminize Katkıda Bulunun,https://www.albaraka.com.tr/tr/bireysel/finansmanlar/bayide-finansman,Finansman Kampanyası,0.629,"eslesen alanlar: url,baslik,breadcrumb,govde","Bayide Finansman Albaraka Türk’ten ihtiyaçlarınızı alışveriş anında karşılayan finansman fırsatı. Alışverişlerinizde Bayide Finansman’ı tercih edin, 36 aya varan vadelerle ödeyin. Üstelik elektronikten ev tekstiline kada",,,
albaraka-a33eeb8e79c1,albaraka,Kobi Nakdi Finansman,https://www.albaraka.com.tr/tr/kobi/finansmanlar/kobi-nakdi-finansman,Finansman Kampanyası,0.702,"eslesen alanlar: url,baslik,breadcrumb,govde",Kobi Nakdi Finansman Kobi Finansman Desteği İşletmenizi büyütmek isteyen bir Kobi’yseniz ve finansman ihtiyacınız varsa finansal desteği size en uygun geri ödeme seçeneğiyle Albarak a’da! Proje Finansmanı Yenilenebilir e,,,
albaraka-2536b9b51968,albaraka,Ek Kart - Albaraka Türk,https://www.albaraka.com.tr/tr/bireysel/kartlar/kredi-kartlari/ek-kart,Kart Kampanyası,0.698,"eslesen alanlar: url,baslik,breadcrumb,govde","Ek Kart Ek kart başvurusunda bulunarak sevdiklerinizin de Albaraka Worldcard’ın size sunduğu kampanya ve ayrıcalıklardan yararlanmasını sağlayın. Ek kart talebinde bulunarak, asıl kart limitiniz kadar ya da asıl kart lim",,,
albaraka-41a8828ec82d,albaraka,Trend Kartlar,https://www.albaraka.com.tr/tr/bireysel/trend-bankacilik/trend-kartlar,Kart Kampanyası,0.825,"eslesen alanlar: url,baslik,govde","Trend Kartlar Albaraka Türk’ün gençlere özel ayrıcalıklı dünyasına katıl, Trend Banka Kartı ile özgür alışverişin tadını çıkar. Trend Banka Kartı’nda hesap işletim ücreti ve masraf yok, sana özel ayrıcalıklar var! Trend",,,
albaraka-48da49745ae1,albaraka,Kredi Kartı Yaş Sınırı Nedir? | Albaraka Blog,https://www.albaraka.com.tr/tr/blog/detay/kredi-karti-yas-siniri-nedir,Kart Kampanyası,0.484,"eslesen alanlar: url,baslik,govde","Kredi Kartı Yaş Sınırı Nedir? 23.06.2026 • 7 Dakika Okuma Süresi Kredi kartı, günlük harcamalarınızı yönetmenizi kolaylaştıran ve acil nakit ihtiyaçlarınızı karşılamanızı sağlayan önemli bir finansal araçtır. Ancak herke",,,
albaraka-93e8fd286e0a,albaraka,Findeks Kredi Notu Öğrenme,https://www.albaraka.com.tr/tr/bireysel/finansmanlar/kredi-notu-ogrenme,Finansman Kampanyası,0.653,"eslesen alanlar: url,baslik,breadcrumb,govde","Findeks Kredi Notu Öğrenme Müşteri Ol Findeks Kredi Notu, sigorta poliçe işlemlerinde, ev ya da araç kiralarken, cep telefonu veya beyaz eşya alırken de önemli bir gösterge olarak kullanılmaktadır. Özellikle, kredi (fina",,,
albaraka-4e820c2ea15e,albaraka,TradingView,https://www.albaraka.com.tr/tr/bireysel/yatirim/platformlar/tradingview,Yatırım Ürünü Kampanyası,0.88,"eslesen alanlar: url,breadcrumb,govde","TradingView albaFX ve TradingView ile Finansal Bakış Albaraka Türk olarak, müşterilerimize finansal piyasalarda daha geniş bir perspektif sunmak için TradingView platformuyla iş birliği yapıyoruz. albaFX uygulamamız üzer",,,
albaraka-866e82762894,albaraka,Evinizin İhtiyaçları İçin Avantajlı Finansmanları Kaçırmayın,https://www.albaraka.com.tr/tr/bireysel/finansmanlar/ihtiyac/eviniz-icin,Finansman Kampanyası,0.629,"eslesen alanlar: url,baslik,breadcrumb,govde","Eviniz İçin Konut Kirası Yıllık peşin kira bedelininizi, kiracı adına ev sahibine tek seferde ödüyoruz; kiracı da 12 ay eşit vadede geri ödemesini yapabiliyor. Böylece hem ev sahini hem de kiracı rahat ediyor. Taşınma Üc",,,
albaraka-adf274803938,albaraka,Diğer Finansmanlar,https://www.albaraka.com.tr/tr/kobi/tarim-bankaciligi/diger-finansmanlar,Finansman Kampanyası,0.727,"eslesen alanlar: url,baslik,breadcrumb,govde",Diğer Finansmanlar TMO Makbuz Senedi Karşılığı Finansman Toprak Mahsulleri Ofisi’ne (TMO) teslim ettiğiniz ürünler için düzenlenmiş olan makbuz senetleri karşılığında bankamızdan finansman desteği alabilirsiniz. TMO makb,,,
albaraka-27281c4629c8,albaraka,Hicaz Kart,https://www.albaraka.com.tr/tr/bireysel/kartlar/banka-kartlari/hicaz-kart,Kart Kampanyası,0.619,"eslesen alanlar: url,baslik,breadcrumb,govde","Hicaz Kart Hac ve umre ziyareti yapacak müşterilerimize özel bir ürün olan Hicaz Kart ile dilediğiniz her an nakit ihtiyacınızı karşılayabilir, alışveriş yapabilir ve tüm bankacılık işlemlerinizi şubeye gitmeden gerçekle",,,
albaraka-c402c4f9bf8e,albaraka,Sanal Kart,https://www.albaraka.com.tr/tr/bireysel/kartlar/kredi-kartlari/sanal-kart,Kart Kampanyası,0.698,"eslesen alanlar: url,baslik,breadcrumb,govde","Sanal Kart Albaraka World Sanal Kart, Albaraka Worldcard'ınıza bağlı olarak açabileceğiniz ve internet alışverişlerinizi fiziki kart bulundurmadan güvenle gerçekleştirebileceğiniz World özellikli sanal kredi kartıdır. Öz",,,
albaraka-3a4d4c0aba2c,albaraka,Kart Güvenliği,https://www.albaraka.com.tr/tr/dijital-bankacilik/guvenlik/kart-guvenligi,Kart Kampanyası,0.802,"eslesen alanlar: url,baslik,breadcrumb,govde",Kart Güvenliği Albaraka Türk olarak güvenliğinize azami önem göstermekteyiz. Güvenliğinizi en yüksek seviyede tutabilmek için siz müşterilerimizin de kartlarını kullanırken dikkat etmesi gereken bazı hususlar bulunmaktad,,,
albaraka-27716d3fd386,albaraka,Dış Ticaret Finansmanları,https://www.albaraka.com.tr/tr/kobi/dis-ticaret/dis-ticaret-finansmanlari,Finansman Kampanyası,0.77,"eslesen alanlar: url,baslik,breadcrumb,govde",Dış Ticaret Finansmanları İthalat Finansmanı Birçok ödeme şekli ile ithalat ödemeleri yapabilirsiniz. Her bir ödemeniz için farklı finanasman imkanı sunulur. Dilediğiniz veya ihtiyacınız olan finansmanları kullanabilirsi,,,
albaraka-35128eccba8a,albaraka,Tarım Finansmanları,https://www.albaraka.com.tr/tr/kobi/tarim-bankaciligi/tarim-finansmanlari,Finansman Kampanyası,0.727,"eslesen alanlar: url,baslik,breadcrumb,govde","Tarım Finansmanları Çiftçilerimize makina ekipman, traktör, biçerdöver, tarla alım, seracılık, bitkisel üretim finansmanı gereksinimleri ve IPARD destekli projeleri için finansman taleplerinde hasat dönemine uygun ödeme",,,
albaraka-7aadbf0bf374,albaraka,Eflatun Kredi Kartı ve Eflatun Banka Kartı,https://www.albaraka.com.tr/tr/bireysel/eflatun-bankacilik/eflatun-kartlar,Kart Kampanyası,0.708,"eslesen alanlar: url,baslik,breadcrumb,govde",Eflatun Kartlar Eflatun Kredi Kartı Artık kredi kartınız sizi yansıtıyor. Üstelik asistanlık hizmetleri ile her anınızda yanınızda. Yıl boyunca çeşitli kampanyalar sizi bekliyor Eflatun Banka Kartı Eflatun Banka Kartınız,,,
albaraka-4432cb9f7d53,albaraka,Jet Finansman,https://www.albaraka.com.tr/tr/bireysel/finansmanlar/ihtiyac/jet-finansman,Finansman Kampanyası,0.49,"eslesen alanlar: url,baslik,breadcrumb,govde","Jet Finansman Jet Finansman Başvurusu Şubeye gitmeden, anında kullanabileceğiniz Jet Finansman Albaraka’da! Dilediğiniz mağazadan ya da kurumdan yaptığınız harcamalarınız için Albaraka Mobil üzerinden anında finansman ku",,,
albaraka-cecb347b057c,albaraka,Leasing - Finansal Kiralama,https://www.albaraka.com.tr/tr/kobi/finansmanlar/leasing-finansal-kiralama,Finansman Kampanyası,0.747,"eslesen alanlar: url,baslik,breadcrumb,govde","Leasing - Finansal Kiralama Hayal ettiğiniz işi kurmayı, işinizi geliştirmeyi veya kullandığınız teknolojiyi yenilemeyi planlıyorsanız Albaraka Leasing gibi bir finansal partneriniz var. Öz kaynaklarınıza ve nakit akışın",,,
albaraka-e26d50b3cb09,albaraka,Çocuğunuzun Her Türlü İhtiyacı İçin Finansmanınız Yanınızda!- Albaraka,https://www.albaraka.com.tr/tr/bireysel/finansmanlar/ihtiyac/cocugunuz-icin,Finansman Kampanyası,0.472,"eslesen alanlar: url,baslik,breadcrumb,govde",Çocuğunuz İçin Bebeklik Dönemi Albaraka olarak bebeklik dönemi için doğum öncesi ve sonrası ihtiyaç duyabileceğiniz her türlü bebek ve anne ürünlerine dair kredi başvurusu yapabilirsiniz. Yurt Öğrenciler için yurt ihtiya,,,
albaraka-bf4e2560a809,albaraka,Tatiliniz İçin,https://www.albaraka.com.tr/tr/bireysel/finansmanlar/ihtiyac/tatiliniz-icin,Finansman Kampanyası,0.604,"eslesen alanlar: url,breadcrumb,govde","Tatiliniz İçin Seyahat Turistik seyahatlerinizdeki ulaşım, konaklama vb. her türlü ihtiyacınız için en uygun kredi seçenekleri için Albaraka Seyahat Finansmanına başvurabilirsiniz. Devre Mülk Albaraka Türk olarak devre m",,,
albaraka-a31315069cd2,albaraka,Kredi Kartı Başvurusu,https://www.albaraka.com.tr/tr/bireysel/kartlar/kredi-kartlari/kart-basvuru,Kart Kampanyası,0.645,"eslesen alanlar: url,baslik,breadcrumb,govde",Kart Başvuru Kredi Kartı Hızlı Başvuru T.C. Kimlik Numaranız Bu alanın doldurulması zorunludur. Doğum Tarihiniz Cep Telefonu Numaranız Bu alanın doldurulması zorunludur. Güvenlik Kodu Bu alanın doldurulması zorunludur. K,,,
albaraka-4b52586eb15d,albaraka,Katılım Finans Kefalet (KFK),https://www.albaraka.com.tr/tr/kobi/finansmanlar/katilim-finans-kefalet-kfk,Finansman Kampanyası,0.738,"eslesen alanlar: url,breadcrumb,govde","Katılım Finans Kefalet (KFK) KFK, kurumsal bir kefalet kuruluşu olarak faaliyet göstermekte olup teminat yetersizliği nedeniyle finansman ihtiyacını gideremeyen Küçük ve Orta Büyüklükteki İşletmelerin (KOBİ) ve KOBİ Dışı",,,
dunya_katilim-454d7fe648e9,dunya_katilim,Enerya yeni doğal gaz abonelerine Dünya Katılım’dan finansman fırsatı!,https://dunyakatilim.com.tr/kampanyalar/enerya-finansmani,Finansman Kampanyası,0.77,"eslesen alanlar: url,baslik,breadcrumb,govde",Bu finansman türünden Enerya Abonelik Bedeli ve Doğalgaz Dönüşüm için kullanacağınız konut içi tesisat bedellerini finanse edebilirsiniz. Enerya Abonelik Bedeli ve Doğalgaz Dönüşüm sürecinizde ihtiyaç duyacağınız konut i,,,
dunya_katilim-5cc5f1f6d488,dunya_katilim,İncehesap.Com'da Peşin Fiyatına 3 Taksit Fırsatı!,https://dunyakatilim.com.tr/kampanyalar/incehesap,Kart Kampanyası,0.698,"eslesen alanlar: baslik,govde",Dünya Katılım Paraf ile www.incehesap.com web adresinde Paraf POS’undan yapılacak alışverişlerinize peşin fiyatına 3 taksit imkanı sunulacaktır. Taksit kampanyasından yararlanabilmek için işlem anında 3 taksitin seçilmes,,,
dunya_katilim-1ea4bfcd5302,dunya_katilim,"Davet Et, Altın Kazan!",https://dunyakatilim.com.tr/kampanyalar/davetetkazan,Yeni Müşteri Kampanyası,0.857,"eslesen alanlar: url,baslik,breadcrumb,govde","🟡 Yeni Müşteri Davet Et, Altın Kazan! Dünya Katılım, müşterilerine özel hazırladığı bu kampanya ile yakınlarını davet eden müşterilerine altın kazandırıyor. Dünya Katılım Mobil Şube'de yer alan size özel davet kodunu pay",,,
dunya_katilim-9062423b0317,dunya_katilim,Kip’te 5 Taksit Fırsatı!,https://dunyakatilim.com.tr/kampanyalar/kip,Kart Kampanyası,0.692,"eslesen alanlar: baslik,govde",Dünya Katılım Paraf ile KİP mağazaları ve www.kip.com.tr ’de Paraf POS’larından yapılacak alışverişlerde 5 taksit imkanı sunulacaktır. Kampanyadan Dünya Katılım Paraf kartlar faydalanabilecektir. Sanal kartlar kampanyaya,,,
dunya_katilim-0fbbcdee8806,dunya_katilim,Hepsiburada'da Peşin Fiyatına 6 Aya Varan Taksit Fırsatı!,https://dunyakatilim.com.tr/kampanyalar/hepsiburada,Kart Kampanyası,0.692,"eslesen alanlar: baslik,govde",Dünya Katılım Paraf ile www.hepsiburada.com ve mobil uygulamasından tek seferde yapılacak alışverişlerde vade farksız 3-6 taksit imkanı sunulacaktır. 100 TL altındaki alışverişlerde taksitlendirme yapılmaz. 100 TL – 1.00,,,
dunya_katilim-f93506e16846,dunya_katilim,Paraf İle Zsa Zsa Zsu Mağazalarında 6 Taksit Fırsatı!,https://dunyakatilim.com.tr/kampanyalar/zsa-zsa-zsu,Kart Kampanyası,0.692,"eslesen alanlar: baslik,govde",Dünya Katılım Paraf ile Zsa Zsa Zsu mağazalarında Paraf POS’larından yapacağınız alışverişlerde 6 taksit imkanı sağlanacaktır. Yapmak istediğiniz taksit sayısını satış görevlisine bildirmeniz gerekmektedir. Mağazalardan,,,
dunya_katilim-082f9aa92fd4,dunya_katilim,Altın Kazandıran Alışveriş Dünya Katılım’da !,https://dunyakatilim.com.tr/kampanyalar/altin-kesemTicari,Kart Kampanyası,0.346,eslesen alanlar: govde,"Kampanyadan bireysel DKart Debit, DKart Kredi Kartı, Paraf Kredi Kartı ve Paraf Platinum Kredi Kartları faydalanabilir. Bireysel DKart Debit kartlar ile yapılacak toplamda 7.500 TL, kredi kartları ile yapılacak toplamda",,,
dunya_katilim-fc927b76d445,dunya_katilim,Paraf İle ADV Mağazalarında 6 Taksit Fırsatı!,https://dunyakatilim.com.tr/kampanyalar/adv,Kart Kampanyası,0.692,"eslesen alanlar: baslik,govde",Dünya Katılım Paraf ile ADV mağazalarında Paraf POS’larından yapılacak alışverişlerde 6 aya varan taksit imkanı sunulacaktır. Mağazalardan yapılacak alışverişlerde 6 taksitten yararlanabilmek için kampanyanın satış görev,,,
dunya_katilim-f678aa1a136a,dunya_katilim,Twist’te 4 Taksit Fırsatı!,https://dunyakatilim.com.tr/kampanyalar/twist,Kart Kampanyası,0.692,"eslesen alanlar: baslik,govde",Dünya Katılım Paraf ile Twist mağazaları ve www.twist.com.tr ’de Paraf POS’larından yapılacak alışverişlerde 4 taksit imkanı sunulacaktır. Kampanyadan Dünya Katılım Paraf kartlar faydalanabilecektir. Sanal kartlar kampan,,,
dunya_katilim-2c67278ab727,dunya_katilim,VAKKO’da 4 Taksit Fırsatı!,https://dunyakatilim.com.tr/kampanyalar/vakko,Kart Kampanyası,0.692,"eslesen alanlar: baslik,govde",Dünya Katılım Paraf ile Vakko mağazaları ve vakko.com 'da Paraf POS’larından yapılacak alışverişlerde 4 taksit imkanı sunulacaktır. Kampanyadan Dünya Katılım Paraf kartlar faydalanabilecektir. Sanal kartlar kampanyaya da,,,
dunya_katilim-7a0234363166,dunya_katilim,Vatan’da Peşin Fiyatına 6 Aya Varan Taksit Fırsatı!,https://dunyakatilim.com.tr/kampanyalar/vatan,Kart Kampanyası,0.692,"eslesen alanlar: baslik,govde",Dünya Katılım Paraf ile Vatan Bilgisayar mağazalarında ve vatanbilgisayar.com web adresinden Paraf POS’u üzerinden yapılacak taksitli alışverişlerde vade farksız 6 aya varan taksit imkanı sunulacaktır. Kampanyadan faydal,,,
dunya_katilim-e476ba0441ff,dunya_katilim,Yataş’ta 8 Taksit Fırsatı!,https://dunyakatilim.com.tr/kampanyalar/yatas,Kart Kampanyası,0.692,"eslesen alanlar: baslik,govde","Dünya Katılım Paraf ile Yataş Bedding, Yataş Enza, Yataş Puffy ve Yataş Divanev mağazalarında veya web sitelerinden Paraf Posların’dan yapacağınız alışverişlerde 8 taksit imkanı sağlanacaktır. Mağazalardan yapılacak alış",,,
dunya_katilim-b8792344966e,dunya_katilim,Paraf ile Koçtaş'ta 5 Taksit Fırsatı!,https://dunyakatilim.com.tr/kampanyalar/koctas,Kart Kampanyası,0.692,"eslesen alanlar: baslik,govde",Dünya Katılım Paraf ile Koçtaş’ta Paraf POS'undan yapacağınız alışverişlerinize 5 taksit fırsatı sunulacaktır. Taksit kampanyasından yararlanabilmek için işlem anında 5 taksitin seçilmesi gerekmektedir. İşlem gerçekleşti,,,
dunya_katilim-6d7fb698d2e8,dunya_katilim,Vestel’de 9 Aya Varan Taksit Fırsatı!,https://dunyakatilim.com.tr/kampanyalar/vestel,Kart Kampanyası,0.692,"eslesen alanlar: baslik,govde","Dünya Katılım Paraf kartları ile Vestel.com.tr 'den yapacağınız alışverişlerinizde peşin fiyatına 7 taksit, Paraf üyesi olan Vestel mağazalarında ise 9’a varan taksit fırsatından faydalanabilirsiniz. İşleminiz esnasında",,,
dunya_katilim-a69cd4087eed,dunya_katilim,Paraf ile Yenilio'da Peşin Fiyatına 12 Aya Varan Taksit Fırsatı!,https://dunyakatilim.com.tr/kampanyalar/yenilio,Kart Kampanyası,0.692,"eslesen alanlar: baslik,govde",Dünya Katılım Paraf ile Yenilio mağazalarında ve yenilio.com’da Paraf POS’undan yapılacak alışverişlere 12 aya varan taksit fırsatı sağlanacaktır. Taksit kampanyasından yararlanabilmek için işlem anında seçilmesi veya sa,,,
dunya_katilim-50260963799a,dunya_katilim,Trendyol'da Peşin Fiyatına 9 Aya Varan Taksit Fırsatı!,https://dunyakatilim.com.tr/kampanyalar/trendyol,Kart Kampanyası,0.692,"eslesen alanlar: baslik,govde",Dünya Katılım Paraf ile trendyol.com ve mobil uygulamasından tek seferde yapacağınız 1.000 TL ve üzeri taksitli alışverişlerinizde peşin fiyatına 3 taksit; 6.000 TL ve üzeri seçili ürünlerde peşin fiyatına 6 taksit; 10.0,,,
dunya_katilim-89de84db35a9,dunya_katilim,Vaillant’ta 9 Aya Varan Taksit Fırsatı!,https://dunyakatilim.com.tr/kampanyalar/vaillant,Kart Kampanyası,0.692,"eslesen alanlar: baslik,govde",Dünya Katılım Paraf ile Paraf üyesi Vaillant sanal Pos’u üzerinden gerçekleşen işlemlere vade farksız 9 aya varan taksit imkanı sunulacaktır. Kampanyaya sadece Vaillant’ın kendi POS’undan gerçekleşen işlemler dahildir. B,,,
dunya_katilim-808c82f7ca48,dunya_katilim,A101 de Vade Farksız 6 Aya Varan Taksit Fırsatı!,https://dunyakatilim.com.tr/kampanyalar/a-101-paraf,Kart Kampanyası,0.692,"eslesen alanlar: baslik,govde","Paraf ile A101 Mağazalarında ve www.a101.com.tr ‘de Paraf POS’undan yapılacak 300 TL ve üzeri alışverişlerinizde vade farksız, peşin fiyatına 6 aya varan taksit imkanı sunulacaktır. Peşin fiyatına taksit mağazalarda kasa",,,
dunya_katilim-f7366ac6e080,dunya_katilim,Paraf İle Damat Tween’de 6 Taksit Fırsatı!,https://dunyakatilim.com.tr/kampanyalar/damat-tween,Kart Kampanyası,0.692,"eslesen alanlar: baslik,govde",Dünya Katılım Paraf ile Paraf POS’larından yapılacak alışverişlerde 6 aya varan taksit imkanı sunulacaktır. Mağazalardan yapılacak alışverişlerde 6 taksitten yararlanabilmek için kampanyanın satış görevlisine belirtilmes,,,
dunya_katilim-04fb5cc9cb1e,dunya_katilim,N11'de Peşin Fiyatına 3 Taksit Fırsatı,https://dunyakatilim.com.tr/kampanyalar/n11,Kart Kampanyası,0.692,"eslesen alanlar: baslik,govde",Dünya Katılım Paraf ile n11’de tek seferde yapılacak alışverişlerde peşin fiyatına 3 aya varan taksit imkanı sunulmaktadır. Peşin fiyatına 3 taksit uygulaması sepet toplamı 2.000 TL ve üzeri siparişlerde geçerlidir. n11,,,
dunya_katilim-aeefe0c24788,dunya_katilim,İder Mobilya’da 7 Taksite %15 indirim Fırsatı!,https://dunyakatilim.com.tr/kampanyalar/ider,Alışveriş Puanı Kampanyası,0.398,eslesen alanlar: govde,Dünya Katılım Paraf ile İder Mobilya mağazalarında Paraf POS’larından yapacağınız alışverişlerde 7 taksit imkanı sunulacak ve %15 indirim uygulanacaktır. Kampanya kapsamıdan %15 indirim sadece 6 ve 7 taksit için sağlanac,,,
dunya_katilim-8c0589fa4870,dunya_katilim,Dyson’da Peşin Fiyatına 9 Aya Varan Taksit Fırsatı!,https://dunyakatilim.com.tr/kampanyalar/dyson,Kart Kampanyası,0.692,"eslesen alanlar: baslik,govde",Dünya Katılım Paraf ile dyson.com.tr'den peşin fiyatına 9 aya varan taksit fırsatından faydalanabilirsiniz. 9 taksit avantajı firmanın belirlediği tutarın üzerinde yapacağınız alışverişlerde geçerlidir. Taksitten yararla,,,
dunya_katilim-270dd2fba958,dunya_katilim,Alfemo’da Peşin fiyatına 8 Taksit Fırsatı!,https://dunyakatilim.com.tr/kampanyalar/alfemo,Kart Kampanyası,0.692,"eslesen alanlar: baslik,govde",Dünya Katılım Paraf ile Alfemo mağazalarında veya www.alfemo.com web sayfasından Paraf POS’larından yapacağınız alışverişlerde 8 taksit imkanı sağlanacaktır. Mağazalardan yapılacak alışverişlere sistem tarafından artı ta,,,
dunya_katilim-670f3453c17c,dunya_katilim,Paraf ile Evidea’da 4 Taksit Fırsatı!,https://dunyakatilim.com.tr/kampanyalar/evidea,Kart Kampanyası,0.692,"eslesen alanlar: baslik,govde",Dünya Katılım Paraf ile Evidea web sitesi ve mağazalarında Paraf POS’u üzerinden taksitli alışverişlere 4 taksit uygulanacaktır. Mağazalardan ya da internet mağazasından yapılacak alışverişlere sistem tarafından artı tak,,,
dunya_katilim-f2e8b1dedc22,dunya_katilim,ITOPYA.COM'da Vade Farksız 6 Taksit Fırsatı!,https://dunyakatilim.com.tr/kampanyalar/itopya,Kart Kampanyası,0.692,"eslesen alanlar: baslik,govde",Dünya Katılım Paraf ile Itopya mağazaları ve www.itopya.com ’dan yapılacak taksitli alışverişinize vade farksız 6 taksit imkanı sunulacaktır. Kampanyadan faydalanmak için ödeme esnasında POS üzerinden 6 taksitin seçilmes,,,
dunya_katilim-9ae91cbe15d2,dunya_katilim,Ramsey’de 5 Taksit Fırsatı!,https://dunyakatilim.com.tr/kampanyalar/ramsey,Kart Kampanyası,0.692,"eslesen alanlar: baslik,govde",Dünya Katılım Paraf ile Ramsey mağazaları ve ramsey.com.tr ’de Paraf POS’larından yapılacak alışverişlerde 5 taksit imkanı sunulacaktır. Kampanyadan Dünya Katılım Paraf kartlar faydalanabilecektir. Sanal kartlar kampanya,,,
dunya_katilim-120ed2e25ce8,dunya_katilim,İpekyol’da 4 Taksit Fırsatı!,https://dunyakatilim.com.tr/kampanyalar/ipekyol,Kart Kampanyası,0.692,"eslesen alanlar: baslik,govde",Dünya Katılım Paraf ile İpekyol mağazaları ve www.ipekyol.com.tr ’de Paraf POS’larından yapılacak 5.000 TL üzeri alışverişlerde 4 taksit imkanı sunulacaktır. Kampanyadan Dünya Katılım Paraf kartlar faydalanabilecektir. S,,,
dunya_katilim-7328282d55ec,dunya_katilim,Monster Notebook’ta Peşin Fiyatına 12 Aya Varan Taksit Fırsatı!,https://dunyakatilim.com.tr/kampanyalar/monster,Kart Kampanyası,0.692,"eslesen alanlar: baslik,govde",Dünya Katılım Paraf ile Monster Notebook mağazalarında ve www.monsternotebook.com.tr ’de yapılacak taksitli alışverişlerde vade farksız 12 aya varan taksit imkanı sunulacaktır. Kampanyadan faydalanmak için ödeme esnasınd,,,
dunya_katilim-be2f0be760c6,dunya_katilim,Network’te 4 Taksit Fırsatı!,https://dunyakatilim.com.tr/kampanyalar/network,Kart Kampanyası,0.692,"eslesen alanlar: baslik,govde",Dünya Katılım Paraf ile Network mağazaları ve network.com.tr’de Paraf POS’larından yapılacak alışverişlerde 4 taksit imkanı sunulacaktır. Kampanyadan Dünya Katılım Paraf kartlar faydalanabilecektir. Sanal kartlar kampany,,,
dunya_katilim-1e06c6df2a28,dunya_katilim,Carter's Mağazalarında 4 Taksit Fırsatı!,https://dunyakatilim.com.tr/kampanyalar/carter-s,Kart Kampanyası,0.692,"eslesen alanlar: baslik,govde",Dünya Katılım Paraf ile Carter's mağazalarında Paraf POS’larından yapılacak alışverişlerde 4 taksit imkanı sunulacaktır. Kampanyadan Dünya Katılım Paraf kartlar faydalanabilecektir. Sanal kartlar kampanyaya dahildir. Par,,,
dunya_katilim-8f6188f9271e,dunya_katilim,Divarese’de 4 Taksit Fırsatı!,https://dunyakatilim.com.tr/kampanyalar/divarese,Kart Kampanyası,0.692,"eslesen alanlar: baslik,govde",Dünya Katılım Paraf ile Divarese mağazaları ve www.divarese.com.tr 'de Paraf POS’larından yapılacak alışverişlerde 4 taksit imkanı sunulacaktır. Kampanyadan Dünya Katılım Paraf kartlar faydalanabilecektir. Sanal kartlar,,,
dunya_katilim-f790aae2ba01,dunya_katilim,Paraf ile Demirdöküm’de 9 Aya Varan Taksit Fırsatı!,https://dunyakatilim.com.tr/kampanyalar/demirdokum,Kart Kampanyası,0.692,"eslesen alanlar: baslik,govde",Dünya Katılım Paraf ile Paraf üyesi Demirdöküm sanal Pos’u üzerinden gerçekleşecek işlemlere vade farksız 9 ay taksit imkanı sunulacaktır. Kampanyaya sadece Demirdöküm’ün kendi POS’undan gerçekleşen işlemler dahildir. Ba,,,
dunya_katilim-2efb25014867,dunya_katilim,Gürgençler’de Peşin Fiyatına 9 Aya Varan Taksit Fırsatı!,https://dunyakatilim.com.tr/kampanyalar/gurgencler,Kart Kampanyası,0.692,"eslesen alanlar: baslik,govde",Dünya katılım Paraf ile Gürgençler Apple mağazaları veya www.gurgencler.com.tr ’de Paraf POS’undan yapılacak taksitli alışverişlerde vade farksız 9 aya varan taksit imkanı sunulacaktır. Mağazalardan ya da internet mağaza,,,
dunya_katilim-051a9296ca21,dunya_katilim,Minycenter Mağazalarında 4 Taksit Fırsatı!,https://dunyakatilim.com.tr/kampanyalar/minycenter,Kart Kampanyası,0.692,"eslesen alanlar: baslik,govde",Dünya Katılım Paraf ile Minycenter mağazalarında Paraf POS’larından yapılacak alışverişlerde 4 taksit imkanı sunulacaktır. Kampanyadan Dünya Katılım Paraf kartlar faydalanabilecektir. Sanal kartlar kampanyaya dahildir. P,,,
dunya_katilim-125acb444dbe,dunya_katilim,Touristica.com.tr'de Peşin Fiyatına 9 Taksit Fırsatı!,https://dunyakatilim.com.tr/kampanyalar/touristica,Kart Kampanyası,0.692,"eslesen alanlar: baslik,govde","Dünya Katılım Paraf ile www.touristica.com.tr mağazalarından yapılacak alışverişlerde 9 taksit imkanı sunulacaktır. Taksit sayısı otel bazında değişiklik gösterebilmektedir, işlem tamamlanmadan önce taksit sayısının seçi",,,
dunya_katilim-169c6a2afa64,dunya_katilim,Pazarama’da Peşin Fiyatına 6 Taksit Fırsatı!,https://dunyakatilim.com.tr/kampanyalar/pazarama-paraf,Kart Kampanyası,0.692,"eslesen alanlar: baslik,govde",Dünya Katılım Paraf ile pazarama.com ve mobil uygulamasından tek seferde yapılacak alışverişlerde peşin fiyatına 6 aya varan taksit imkanı sunulmaktadır. Kampanya kapsamında 600 TL ve üzeri alışverişlerde peşin fiyatına,,,
dunya_katilim-d7a6a13e530b,dunya_katilim,Casper.com.tr'de Peşin Fiyatına 3 Taksit Fırsatı!,https://dunyakatilim.com.tr/kampanyalar/casper-com-tr-de-pesin-fiyatina-6-taksit-firsati,Kart Kampanyası,0.804,"eslesen alanlar: url,baslik,breadcrumb,govde",Dünya Katılım Paraf ile www.casper.com.tr web adresinde Paraf POS’undan yapılacak alışverişlerinize peşin fiyatına 3 taksit imkanı sunulacaktır. Taksit kampanyasından yararlanabilmek için işlem anında 3 taksitin seçilmes,,,
dunya_katilim-729d16202a67,dunya_katilim,DKart Debit'le Koton’da Harcadıkça Kazanın!,https://dunyakatilim.com.tr/kampanyalar/koton,Kart Kampanyası,0.472,eslesen alanlar: govde,Dkart Debit Kartınızla Koton alışverişlerinizde nakit iade kazanma fırsatı sizi bekliyor! 💸 Dkart Debit Kartınızla Koton mağazalarından yapacağınız alışverişlerinizde işlem tutarlarınızın %8’i kadar nakit iade anında kar,,,
dunya_katilim-6c4583c0d749,dunya_katilim,"Dünya Katılım Paraf Kredi Kartı ile Harcamaya Başlayın, Harcadıkça Kaz",https://dunyakatilim.com.tr/kampanyalar/paraf,Kart Kampanyası,0.57,"eslesen alanlar: baslik,govde",Kampanya Detayları Dünya Katılım Paraf Kredi Kartı ile Nisan ayı içerisinde toplamda 5.000 TL ve üzeri yapılan işlemlere %10 nakit iade verilecektir. Kampanyadan faydalanabilmek için toplamda minimum 5.000 TL harcama yap,,,
dunya_katilim-4046b59632bf,dunya_katilim,"Paraf Kart’la alışverişe başla, TOD ayrıcalığını ücretsiz yaşa!",https://dunyakatilim.com.tr/kampanyalar/tod-paraf,Kart Kampanyası,0.698,"eslesen alanlar: baslik,govde",01.01.2026 - 29.01.2026 tarihleri arasında Dünya Katılım Paraf kredi kartı ile yapacağınız toplam 1.000 TL ve üzeri alışverişine özel 3 aylık TOD Trendyol Süperlig Paketi üyeliği hediye! tarihleri arasında Dünya Katılım,,,
dunya_katilim-87caa295b399,dunya_katilim,DKart Debit'le Jack & Jones’da Harcadıkça Kazanın!,https://dunyakatilim.com.tr/kampanyalar/jack-jones,Kart Kampanyası,0.472,eslesen alanlar: govde,Dkart Debit Kartınızla Jack & Jones alışverişlerinizde nakit iade kazanma fırsatı sizi bekliyor! 💸 Dkart Debit Kartınızla Jack & Jones mağazalarından yapacağınız alışverişlerinizde işlem tutarlarınızın ’i kadar nakit iad,,,
dunya_katilim-d24ceb6f207b,dunya_katilim,Dünya Katılım,https://dunyakatilim.com.tr/kampanyalar/tahsile-cek,Yeni Müşteri Kampanyası,0.504,eslesen alanlar: govde,"Tahsile Çek, müşterilerin ödeme almak amacıyla bankaya bıraktıkları çeklerin işleme alınmasını ifade eder. Bu çekler, Bankalararası Takas Odası Merkezi (BTOM) aracılığıyla güvenli bir şekilde işlenir. Bankaya teslim edil",,,
dunya_katilim-709b527c0979,dunya_katilim,⏰ Kampanya Süresi Dolmuştur! Yeni Müşterilere Özel Altına Altın Hediye,https://dunyakatilim.com.tr/kampanyalar/fiziki-altin,Yeni Müşteri Kampanyası,0.742,"eslesen alanlar: baslik,govde","⏰ Kampanya Süresi Dolmuştur! ✨ Yeni Kampanyalarımız İçin Bizi Takip Etmeyi Unutmayın! Dünya Katılım’dan Yeni Müşterilere Altın Değerinde Fırsat! Dünya Katılım, yeni müşterilerine özel yepyeni bir kampanya ile karşınızda!",,,
dunya_katilim-884e2c918c88,dunya_katilim,Kur Farkıyla Öndesin!,https://dunyakatilim.com.tr/kampanyalar/avantajli-kurlar,Yatırım Ürünü Kampanyası,0.367,eslesen alanlar: govde,"Dünya Katılım ile Döviz ve Kıymetli Maden İşlemleri Dünya Katılım’ın döviz ve kıymetli maden alım satım hizmeti, yatırımcılar için uluslararası para birimleri ve kıymetli metallerde işlem yapma fırsatı sunuyor! Neden Dün",,,
dunya_katilim-5ee3d820d5e7,dunya_katilim,Dünya Katılım,https://dunyakatilim.com.tr/kampanyalar,Yeni Müşteri Kampanyası,0.369,eslesen alanlar: govde,"Davet Et, Altın Kazan! Altın Kazandıran Alışveriş Dünya Katılım’da ! Davet Et, Altın Kazan! Davet kodunla Dünya Katılım müşterisi olup Paraf Kart başvurusu yapan arkadaşların için toplamda 1 grama kadar hediye Altın Kese",,,
dunya_katilim-f44806a668d8,dunya_katilim,Sermaye Piyasası Ürünleri,https://dunyakatilim.com.tr/kendim-icin/yatirim-urunleri/sermaye-piyasasi-urunleri,Yatırım Ürünü Kampanyası,0.88,"eslesen alanlar: url,breadcrumb,govde",Sermaye Piyasası Ürünleri Hisse Senedi Hisse senedi; anonim ortaklıklarca ihraç edilen ve anonim ortaklık sermaye payını temsil eden kıymetli evrak niteliğindeki senetlerdir. Kira Sertifikası (Sukuk) Kira Sertifikası ile,,,
dunya_katilim-6c24d6d8929b,dunya_katilim,Yatırım Ürünleri,https://dunyakatilim.com.tr/kendim-icin/yatirim-urunleri,Yatırım Ürünü Kampanyası,0.88,"eslesen alanlar: url,baslik,breadcrumb,govde","Yatırım Ürünleri Dünya Katılım, müşteri odaklı yaklaşımı ve geniş ürün yelpazesiyle birikimlerinize değer katmaktadır. Hazine Ürünleri Sermaye Piyasası Ürünleri Hazine Ürünleri Döviz/Kıymetli Maden Alım Satımı Döviz ve k",,,
dunya_katilim-aa032d4c07a1,dunya_katilim,Dünya Katılım,https://dunyakatilim.com.tr/isim-icin/yatirim/sermaye-piyasasi-urunleri/hisse-senedi,Yatırım Ürünü Kampanyası,0.66,"eslesen alanlar: url,breadcrumb,govde",Hisse Senedi Nedir? Hisse senedi; anonim ortaklıklarca ihraç edilen ve anonim ortaklık sermaye payını temsil eden kıymetli evrak niteliğindeki senetlerdir. Borsa İstanbul’da işlem gören halka açık bir şirketin hisse sene,,,
dunya_katilim-c29ccc21e919,dunya_katilim,Yatırım Fonları,https://dunyakatilim.com.tr/isim-icin/yatirim/sermaye-piyasasi-urunleri/yatirim-fonlari,Yatırım Ürünü Kampanyası,0.88,"eslesen alanlar: url,baslik,breadcrumb,govde",Yatırım Fonları Yatırım Fonu Nedir? Yatırımcılardan toplanan birikimlerin çeşitli para ve sermaye piyasası araçlarında değerlendirmek üzere profesyonel yöneticiler tarafından yönetilmesi esasına dayalı bir yatırım aracıd,,,
dunya_katilim-ed3eacef82de,dunya_katilim,Kira Sertifikası,https://dunyakatilim.com.tr/isim-icin/yatirim/sermaye-piyasasi-urunleri/kira-sertifikasi,Yatırım Ürünü Kampanyası,0.644,"eslesen alanlar: url,baslik,breadcrumb,govde","Kira Sertifikası Nedir? Sukuk, bir varlığa sahip olmayı veya ondan yararlanma hakkını gösteren, yatırımcısına belirli periyotlarda sabit veya değişken getiri sağlayan, varlık kiralama şirketleri tarafından ihraç edilen,",,,
dunya_katilim-a6f72088727d,dunya_katilim,Döviz/ Kıymetli Maden Alım Satımı,https://dunyakatilim.com.tr/isim-icin/yatirim/hazine-urunleri/doviz-kiymetli-maden-alim-satimi,Yatırım Ürünü Kampanyası,0.88,"eslesen alanlar: url,breadcrumb,govde","Döviz/ Kıymetli Maden Alım Satımı Nedir? Döviz ve kıymetli maden alım satım hizmeti, yatırımcılara uluslararası para birimleri ve kıymetli metaller için işlem yapma fırsatı sunmaktadır. Özellikleri İşlemler için uygun ku",,,
dunya_katilim-9cfafc1e50ef,dunya_katilim,Dünya Katılım,https://dunyakatilim.com.tr/kendim-icin/yatirim-urunleri/sermaye-piyasasi-urunleri/hisse-senedi,Yatırım Ürünü Kampanyası,0.66,"eslesen alanlar: url,breadcrumb,govde",Hisse Senedi Nedir ? Hisse senedi; anonim ortaklıklarca ihraç edilen ve anonim ortaklık sermaye payını temsil eden kıymetli evrak niteliğindeki senetlerdir. Borsa İstanbul’da işlem gören halka açık bir şirketin hisse sen,,,
dunya_katilim-415b47cffdbc,dunya_katilim,Kira Sertifikası (Sukuk),https://dunyakatilim.com.tr/kendim-icin/yatirim-urunleri/sermaye-piyasasi-urunleri/kira-sertifikasi,Yatırım Ürünü Kampanyası,0.644,"eslesen alanlar: url,baslik,breadcrumb,govde","Kira Sertifikası (Sukuk) Nedir ? Sukuk, bir varlığa sahip olmayı veya ondan yararlanma hakkını gösteren, yatırımcısına belirli periyotlarda sabit veya değişken getiri sağlayan, varlık kiralama şirketleri tarafından ihraç",,,
dunya_katilim-a10f292afc71,dunya_katilim,Döviz/Kıymetli Maden Alım Satımı,https://dunyakatilim.com.tr/kendim-icin/yatirim-urunleri/hazine-urunleri/doviz-kiymetli-maden-alim-satimi,Yatırım Ürünü Kampanyası,0.88,"eslesen alanlar: url,breadcrumb,govde","Döviz/Kıymetli Maden Alım Satımı Nedir ? Döviz ve kıymetli maden alım satım hizmeti, yatırımcılara uluslararası para birimleri ve kıymetli madenler için işlem yapma fırsatı sunmaktadır. Özellikler İşlemler için uygun kur",,,
dunya_katilim-361d6341068a,dunya_katilim,Sermaye Piyasası Ürünleri,https://dunyakatilim.com.tr/isim-icin/yatirim/sermaye-piyasasi-urunleri,Yatırım Ürünü Kampanyası,0.88,"eslesen alanlar: url,breadcrumb,govde",Sermaye Piyasası Ürünleri Kira Sertifikası Kira Sertifikası ile güvenli yatırım fırsatını Dünya Katılım ile yakalayın! Hisse Senedi Hisse senedi; anonim ortaklıklarca ihraç edilen ve anonim ortaklık sermaye payını temsil,,,
dunya_katilim-24a2f0088c5a,dunya_katilim,"Dünya Katılım TROY kartlarınızla, LC Waikiki’de 3.000 TL ve üzeri alış",https://dunyakatilim.com.tr/kampanyalar/lc-waikiki,Kart Kampanyası,0.698,"eslesen alanlar: baslik,govde","Dünya Katılım TROY kartlarınızla, LC Waikiki’ den yapacağınız 3.000 TL ve üzeri alışverişe anında 300 TL indirim fırsatı! Mağaza, lcw.com ve mobil uygulamada geçerli avantajı kaçırmayın. Nasıl Faydalanılır? LC Waikiki ma",,,
dunya_katilim-23c49527e081,dunya_katilim,Konut Finansmanı Rehberi: İlk Konut İçin Ne Kadar Finansman Kullanabil,https://dunyakatilim.com.tr/blog/konut-finansmani-rehberi-ilk-konut-icin-ne-kadar-finansman-kullanabilirim,Konut Finansmanı Kampanyası,0.796,"eslesen alanlar: url,baslik,breadcrumb,govde","Yatırım ve Finans Konut Finansmanı Rehberi: İlk Konut İçin Ne Kadar Finansman Kullanabilirim? 10 Ara 2025 Okuma Süresi: 7 dk. Kısaca Bu Yazıda; İlk kez ev alacakların kullanabileceği konut finansmanı oranları, Konut fina",,,
dunya_katilim-1d151744d61e,dunya_katilim,Altın / Gümüş Rasyosu: Kıymetli Maden Yatırımlarında Stratejik Yol Har,https://dunyakatilim.com.tr/blog/altin-gumus-rasyosu-kiymetli-maden-yatirimlarinda-stratejik-yol-haritasi,Yatırım Ürünü Kampanyası,0.66,"eslesen alanlar: url,baslik,breadcrumb,govde","Yatırım ve Finans Altın / Gümüş Rasyosu: Kıymetli Maden Yatırımlarında Stratejik Yol Haritası 07 Mar 2026 Okuma Süresi: 6 dk. Kısaca Bu Yazıda; Altın / gümüş rasyosunun ne olduğu, Nasıl hesaplandığı, Yatırımcılar tarafın",,,
dunya_katilim-d630d86cae50,dunya_katilim,Araç Finansmanları,https://dunyakatilim.com.tr/kendim-icin/finansmanlar/arac-finansmanlari,Taşıt Finansmanı Kampanyası,0.796,"eslesen alanlar: url,baslik,breadcrumb,govde","Araç Finansmanları Araç Finansmanı Dünya Katılım Bankası ile hayalinizdeki araca ulaşmak artık çok daha kolay. Esnek ödeme planları, hızlı süreçler ve güvenilir finansman desteğiyle, yola çıkmak isteyen herkes için uygun",,,
dunya_katilim-4a42ced8985c,dunya_katilim,İhtiyaç Finansmanı,https://dunyakatilim.com.tr/kendim-icin/finansmanlar/ihtiyac-finansmani,İhtiyaç Finansmanı Kampanyası,0.581,"eslesen alanlar: url,baslik,breadcrumb,govde","İhtiyaç Finansmanı Dünya Katılım İhtiyaç Finansmanı Nedir? Dünya Katılım ihtiyaç finansmanı, bireysel müşteriler ve işletme sahiplerinin her türlü finansal ihtiyacını karşılamak için sunulan esnek ve güvenli bir finansma",,,
dunya_katilim-cdd39434dce6,dunya_katilim,Konut Finansmanları,https://dunyakatilim.com.tr/kendim-icin/finansmanlar/konut-finansmanlari,Konut Finansmanı Kampanyası,0.796,"eslesen alanlar: url,baslik,breadcrumb,govde","Konut Finansmanları Konut Finansmanı Ev sahibi olmak için uzun süreler boyunca beklemenize gerek yok! Dünya Katılım Bankası, katılım esaslı yapısıyla bütçenize uygun fırsatlar sunuyor. Huzurlu bir yuvaya giden yolda sizi",,,
dunya_katilim-fe2dae395d00,dunya_katilim,İhtiyaç Finansmanları,https://dunyakatilim.com.tr/kendim-icin/finansmanlar/ihtiyac-finansmanlari,İhtiyaç Finansmanı Kampanyası,0.581,"eslesen alanlar: url,baslik,breadcrumb,govde",İhtiyaç Finansmanları İhtiyaç Finansmanı Hayallerinizi bekletmeyin! Dünya Katılım ihtiyaç finansmanı ile bütçenize uygun ve güvenli çözümler sizi bekliyor. Enerya İhtiyaç Finansmanı Enerya yeni doğal gaz abonelerine özel,,,
dunya_katilim-42dbfbebfcb5,dunya_katilim,Araç Finansmanı,https://dunyakatilim.com.tr/kendim-icin/finansmanlar/arac-finansmanlari/arac-finansmani,Taşıt Finansmanı Kampanyası,0.597,"eslesen alanlar: url,baslik,breadcrumb,govde","Araç Finansmanı Dünya Katılım Araç Finansmanı Nedir? Araç finansmanı, sıfır ya da ikinci el bir araca kolay ve güvenli şekilde sahip olabilmeniz için sunulan, katılım esaslarına uygun bir finansman desteğidir. Bu yöntem",,,
dunya_katilim-89c3d8fed62d,dunya_katilim,Çevre Dostu Araç Finansmanı,https://dunyakatilim.com.tr/kendim-icin/finansmanlar/arac-finansmanlari/cevre-dostu-arac-finansmani,Taşıt Finansmanı Kampanyası,0.796,"eslesen alanlar: url,baslik,breadcrumb,govde","Çevre Dostu Araç Finansmanı Dünya Katılım Çevre Dostu Araç Finansmanı Nedir? Gelecek nesillere daha yaşanabilir bir dünya bırakma hedefiyle geliştirdiğimiz Çevre Dostu Araç Finansmanı, çevresel sürdürülebilirliği destekl",,,
dunya_katilim-59bfd0676814,dunya_katilim,Enerya İhtiyaç Finansmanı,https://dunyakatilim.com.tr/kendim-icin/finansmanlar/ihtiyac-finansmanlari/enerya-ihtiyac-finansmani,İhtiyaç Finansmanı Kampanyası,0.581,"eslesen alanlar: url,baslik,breadcrumb,govde","Enerya İhtiyaç Finansmanı Enerya İhtiyaç Finansmanı Nedir? Enerya Enerji A.Ş. faaliyet alanı içerisinde yer alan illerde doğalgaz dönüşümü kapsamında abonelik işlemleri başlatan Dünya Katılım müşterileri, doğalgaz dönüşü",,,
dunya_katilim-6e3c993fa0ea,dunya_katilim,Kartlar | Dünya Katılım,https://dunyakatilim.com.tr/kendim-icin/kartlar,Kart Kampanyası,0.801,"eslesen alanlar: url,baslik,breadcrumb,govde","Kartlar Bankamızın kredi kartları ve banka kartlarıyla tüm yurt içi alışverişlerinizi temassız, güvenle ve kolayca yapabilirsiniz. Kredi Kartları Banka Kartları Kredi Kartları Paraf Platinum Kredi Kartı Dünya Katılım Par",,,
dunya_katilim-bb3da47268a5,dunya_katilim,DKart Kredi Kartı,https://dunyakatilim.com.tr/kendim-icin/kartlar/kredi-kartlari/dkart-kredi-karti,Kart Kampanyası,0.645,"eslesen alanlar: url,baslik,breadcrumb,govde","DKart Kredi Kartı Nedir ? DKart Kredi Kartı; ödemelerinizi temassız, güvenli ve kolaylıkla gerçekleştirebileceğiniz, yıllık kart ücreti ödemeden sahip olabileceğiniz kredi kartıdır. Özellikler DKart Kredi Kartı’nızı tüm",,,
dunya_katilim-2d7a23e45c70,dunya_katilim,Paraf Kredi Kartı,https://dunyakatilim.com.tr/kendim-icin/kartlar/kredi-kartlari/paraf-kredi-karti,Kart Kampanyası,0.645,"eslesen alanlar: url,baslik,breadcrumb,govde","Paraf Kredi Kartı Nedir ? Dünya Katılım Paraf Kredi Kartı; yurt içindeki Paraf üye iş yerlerinde yapacağınız tüm alışverişlerinizde güvenle kullanabileceğiniz; esnek taksit seçenekleri, sonraki alışverişlerinde kullanabi",,,
dunya_katilim-fd7fc29314b3,dunya_katilim,Paraf Platinum Kredi Kartı,https://dunyakatilim.com.tr/kendim-icin/kartlar/kredi-kartlari/paraf-platinum-kredi-karti,Kart Kampanyası,0.645,"eslesen alanlar: url,baslik,breadcrumb,govde","Paraf Platinum Kredi Kartı Nedir ? Dünya Katılım Paraf Platinum Kredi Kartı; yurt içindeki Paraf üye iş yerlerinde yapacağınız tüm alışverişlerinizde güvenle kullanabileceğiniz; esnek taksit seçenekleri, sonraki alışveri",,,
dunya_katilim-c072f9d98357,dunya_katilim,Finansmana Bağlı Hayat Sigortası,https://dunyakatilim.com.tr/kendim-icin/sigortalar/hayat-sigortalari/finansmana-bagli-hayat-sigortasi,Finansman Kampanyası,0.562,"eslesen alanlar: url,baslik,breadcrumb,govde","Finansmana Bağlı Hayat Sigortası Nedir ? Finansmana Bağlı Hayat Sigortası, bireysel kredi kullanan müşterilerimizin yaşam kaybı veya tam ve daimi maluliyet durumunda kredi borcunu teminat kapsamında güvence altına alan s",,,
dunya_katilim-c55424a60bfc,dunya_katilim,Finansman'a Bağlı Ferdi Kaza Sigortası,https://dunyakatilim.com.tr/kendim-icin/sigortalar/hayat-sigortalari/finansmana-bagli-ferdi-kaza-sigortasi,Finansman Kampanyası,0.578,"eslesen alanlar: url,baslik,breadcrumb,govde","Finansman'a Bağlı Ferdi Kaza Sigortası Nedir ? Dünya Katılım Ferdi Kaza Sigortası, finansman süresi boyunca devam eden bir sigorta türüdür. Poliçe vadesi içinde katılımcının kaza sonucu vefat etmesi veya sakat kalması du",,,
dunya_katilim-be4879f3b02d,dunya_katilim,Kredi Notu Nedir ve Nasıl Yükseltilir? Finansal Güvenilirliğinizi Artı,https://dunyakatilim.com.tr/blog/kredi-notu-nedir-ve-nasil-yukseltilir,Finansman Kampanyası,0.559,"eslesen alanlar: url,baslik,breadcrumb,govde","Yatırım ve Finans Kredi Notu Nedir ve Nasıl Yükseltilir? Finansal Güvenilirliğinizi Artırmanın Yolları 01 Mar 2025 Okuma Süresi: 3 dk. Kısaca Bu Yazıda; Kredi notu nedir, Kredi notu nasıl hesaplanır, Kredi notunu etkiley",,,
dunya_katilim-f8462c208a97,dunya_katilim,İlk Maaşınızla Nasıl Yatırım Yapabilirsiniz?,https://dunyakatilim.com.tr/blog/ilk-maasinizla-nasil-yatirim-yapabilirsiniz,Yatırım Ürünü Kampanyası,0.88,"eslesen alanlar: url,baslik,breadcrumb,govde","Yatırım ve Finans İlk Maaşınızla Nasıl Yatırım Yapabilirsiniz? 01 Şub 2025 Okuma Süresi: 6 dk. 🔹İlk Maaşınızla Geleceğe Güvenle Yatırım Yapın! Hayatınızdaki ilk maaşı kazanmak, kariyerinizde önemli bir dönüm noktasıdır.",,,
dunya_katilim-d9495074425b,dunya_katilim,Kredi Kartları,https://dunyakatilim.com.tr/kendim-icin/kartlar/kredi-kartlari,Kart Kampanyası,0.645,"eslesen alanlar: url,baslik,breadcrumb,govde","Kredi Kartları Paraf Platinum Kredi Kartı Dünya Katılım Paraf Platinum Kredi Kartı’nın Paraf Para, taksitli alışveriş ve kampanya avantajları ile ödemelerinizi keyif ve güvenle gerçekleştirin! Paraf Kredi Kartı Dünya Kat",,,
dunya_katilim-3761d6b22342,dunya_katilim,DKART | Dünya Katılım,https://dunyakatilim.com.tr/kendim-icin/kartlar/banka-kartlari/dkart,Kart Kampanyası,0.825,"eslesen alanlar: url,breadcrumb,govde","DKart Debit Nedir ? DKart Debit, yurt içi tüm ATM’lerde bankacılık işlemlerinizi ve tüm işyerlerinde alışverişlerinizi vadesiz hesabınızdan temassız ve güvenle gerçekleştirmenizi sağlayan banka kartıdır. Özellikler Yurt",,,
dunya_katilim-0a3b4a4f10c5,dunya_katilim,İşletme Finansmanı,https://dunyakatilim.com.tr/isim-icin/finansmanlar/nakdi-finansman/isletme-finansmani,Finansman Kampanyası,0.77,"eslesen alanlar: url,baslik,breadcrumb,govde","İşletme Finansmanı Nedir ? İşletme finansmanı, işletmenin kısa vadeli ve uzun vadeli mali gereksinimlerini karşılamak için gerekli fonları sağlama ve esnek ödeme seçeneği ile tekrar kullanma imkanı sağlayan ve vade sonun",,,
dunya_katilim-b9a7361f9468,dunya_katilim,Yatırım Hizmet ve Faaliyetleri,https://dunyakatilim.com.tr/politikalarimiz/yatirim-hizmet-ve-faaliyetleri,Yatırım Ürünü Kampanyası,0.66,"eslesen alanlar: url,baslik,breadcrumb,govde",Yatırım Hizmet ve Faaliyetleri Bankamızın III-37.1 sayılı Yatırım Hizmetleri ve Faaliyetleri ile Yan Hizmetlere İlişkin Esaslar Hakkında Tebliğ (Yatırım Hizmetleri Tebliği) ve III-39.1 sayılı Yatırım Kuruluşlarının Kurul,,,
dunya_katilim-16f55cc9f707,dunya_katilim,Dünya Katılım,https://dunyakatilim.com.tr/kendim-icin/finansmanlar,Finansman Kampanyası,0.552,"eslesen alanlar: url,breadcrumb,govde","Finansmanlar Katılım finansman ürünlerimiz, faizsiz bankacılık prensipleri doğrultusunda, ihtiyaçlarınızı karşılamanız için size esnek ve uygun çözümler sunar. İhtiyaç Finansmanları Araç Finansmanları Konut Finansmanları",,,
dunya_katilim-0a4315e1b8d2,dunya_katilim,Yatırım | Dünya Katılım,https://dunyakatilim.com.tr/isim-icin/yatirim,Yatırım Ürünü Kampanyası,0.88,"eslesen alanlar: url,baslik,breadcrumb,govde","Yatırım Dünya Katılım, müşteri odaklı yaklaşımı ve geniş ürün yelpazesiyle birikimlerinize değer katmaktadır. Hazine Ürünleri Sermaye Piyasası Ürünleri Hazine Ürünleri Döviz/ Kıymetli Maden Alım Satımı Döviz ve kıymetli",,,
dunya_katilim-fcaf847e4853,dunya_katilim,Dünya Katılım,https://dunyakatilim.com.tr/isim-icin/finansmanlar,Finansman Kampanyası,0.578,"eslesen alanlar: url,breadcrumb,govde","Finansmanlar Katılım finansman ürünlerimiz, faizsiz bankacılık prensipleri doğrultusunda, ihtiyaçlarınızı karşılamanız için size esnek ve uygun çözümler sunar. Nakdi Finansman Gayri Nakdi Finansman Nakdi Finansman Taksit",,,
dunya_katilim-011de66549cb,dunya_katilim,Teminat Mektupları,https://dunyakatilim.com.tr/isim-icin/finansmanlar/gayri-nakdi-finansman/teminat-mektuplari,Finansman Kampanyası,0.525,"eslesen alanlar: url,breadcrumb","Teminat Mektupları Nedir? Teminat mektubu, bir işlem veya sözleşme kapsamında taraflar arasındaki taahhütlerin yerine getirilmesini garanti etmek için bankamız tarafından verilen yazılı bir belgedir. Bu mektuplar, genell",,,
dunya_katilim-2a177093b4f7,dunya_katilim,Referans Mektupları,https://dunyakatilim.com.tr/isim-icin/finansmanlar/gayri-nakdi-finansman/referans-mektuplari,Finansman Kampanyası,0.525,"eslesen alanlar: url,breadcrumb","Referans Mektupları Referans mektupları, bir işletmenin finansal taahhütlerini yerine getirme kabiliyetini değerlendirmek amacıyla bankamızdan talep edilen yazılı belgelerdir. İçeriği itibarıyla firmanın banka nezdindeki",,,
dunya_katilim-37c9abd759c4,dunya_katilim,Taksitli Ticari Finansman,https://dunyakatilim.com.tr/isim-icin/finansmanlar/nakdi-finansman/taksitli-ticari-finansman,Finansman Kampanyası,0.77,"eslesen alanlar: url,baslik,breadcrumb,govde","Taksitli Ticari Finansman Nedir ? Müşterilerimizin faaliyetleri doğrultusunda ihtiyaç duyulan emtia,hizmet bedeli, 0/2.el konut alımı, 0/2.el taşıt alımlarına yönelik Bankamız tarafından sağlanan finansman çözümüdür. Öze",,,
dunya_katilim-60b1327f15ac,dunya_katilim,Ticari Kredili Hayat Sigortaları,https://dunyakatilim.com.tr/isim-icin/sigortalar/hayat-sigortalari/ticari-kredili-hayat-sigortalari,Finansman Kampanyası,0.441,eslesen alanlar: govde,"Ticari Kredili Hayat Sigortaları Nedir ? Ticari Kredili Hayat Sigortaları, kredi süreci boyunca olası zorluklarda ve beklenmedik durumlar karşısında sizin ve sevdiklerinizin hayat standartlarını korumayı amaçlayarak güve",,,
dunya_katilim-9f3cf6ef50f1,dunya_katilim,Nakdi Finansman,https://dunyakatilim.com.tr/isim-icin/finansmanlar/nakdi-finansman,Finansman Kampanyası,0.77,"eslesen alanlar: url,baslik,breadcrumb,govde","Nakdi Finansman Taksitli Ticari Finansman Arsa, araç, iş yeri, makine teçhizat, ekipman ihtiyaçlarınızı Taksitli Ticari Finansman ile rahatça karşılayabilirsiniz. İşletme Finansmanı İhtiyaç duyduğunuz finansmanı, Dünya K",,,
dunya_katilim-3b516fa261bb,dunya_katilim,Gayri Nakdi Finansman,https://dunyakatilim.com.tr/isim-icin/finansmanlar/gayri-nakdi-finansman,Finansman Kampanyası,0.77,"eslesen alanlar: url,baslik,breadcrumb,govde","Gayri Nakdi Finansman Teminat Mektupları Banka teminat mektupları, işlemlerde güven sağlamak ve taahhütlerin yerine getirilmesini garanti altına almak için yaygın olarak kullanılan etkili bir finansal araçtır. Referans M",,,
dunya_katilim-26a530de5a88,dunya_katilim,FERAH Cari Hesap,https://dunyakatilim.com.tr/kendim-icin/hesaplar/cari-hesaplar/ferah-hesap,Yatırım Ürünü Kampanyası,0.377,eslesen alanlar: govde,"FERAH Cari Hesap FERAH Nedir? FERAH Cari Hesap, fiziki erişimi rahat altın kurları (FERAH kurlar) üzerinden altın birikimi yapmanıza imkân tanıyan, birikimlerinizi dilediğinizde fiziki altın olarak masrafsız çekebileceği",,,
dunya_katilim-b7666588eea7,dunya_katilim,Brüt Maaş - Net Maaş Nasıl Hesaplanır? | Dünya Katılım,https://dunyakatilim.com.tr/blog/brut-maas-net-maas-nasil-hesaplanir,Diğer / Kampanya Değil,0.45,kampanya sayfasi degil,"Yatırım ve Finans Brüt Maaş - Net Maaş Nasıl Hesaplanır? 01 Oca 2025 Okuma Süresi: 4 dk. 🔹Finansal başarıya ilk adımınızı bizimle atın! Maaş bordrosu üzerindeki ""brüt maaş"" ve ""net maaş"" kavramları çoğu kişi için kafa ka",,,
dunya_katilim-273b92bbbd52,dunya_katilim,Platin Hesapları,https://dunyakatilim.com.tr/kendim-icin/hesaplar/cari-hesaplar/platin-hesaplari,Diğer / Kampanya Değil,0.7,kampanya sayfasi degil,Platin Hesapları Nedir ? Dilediğiniz zaman gram bazında platin alım satımı yapabileceğiniz vadesiz bir hesap türüdür. Özellikleri Fiziki Alım Yapılamaz: Müşterilerden fiziki platin kabul edilmemektedir; ancak hesap bakiy,,,
dunya_katilim-b8f219da3d34,dunya_katilim,Paladyum Hesapları,https://dunyakatilim.com.tr/kendim-icin/hesaplar/cari-hesaplar/paladyum-hesaplari,Diğer / Kampanya Değil,0.7,kampanya sayfasi degil,Paladyum Hesapları Nedir ? Dilediğiniz zaman gram bazında paladyum alım satımı yapabileceğiniz vadesiz bir hesap türüdür. Özellikleri Fiziki Alım Yapılamaz: Müşterilerden fiziki paladyum kabul edilmemektedir; ancak hesap,,,
dunya_katilim-1292045905a9,dunya_katilim,Hesaplar | Dünya Katılım,https://dunyakatilim.com.tr/kendim-icin/hesaplar,Yatırım Ürünü Kampanyası,0.504,eslesen alanlar: govde,"Hesaplar Katılım hesapları ile, birikimlerinize değer katarken, cari hesaplar ile günlük finansal işlemlerinizi hızlı ve kolay bir şekilde yönetebilirsiniz. Katılma Hesapları Cari Hesaplar Katılma Hesapları Standart Katı",,,
dunya_katilim-2ebc740e3e1d,dunya_katilim,Güneş Katılma Hesabı,https://dunyakatilim.com.tr/kendim-icin/hesaplar/katilma-hesaplari/gunes-katilma-hesabi,Yatırım Ürünü Kampanyası,0.644,"eslesen alanlar: url,baslik,breadcrumb,govde","Güneş Katılma Hesabı Nedir ? Gündelik tasarruflarınızı değerlendirebildiğiniz günlük açılabilen katılma hesabıdır. Her gün bir adım daha ileri: Güneş Katılma Hesabı, birikimlerinizin yeni adresi ! Gündelik tasarruflarını",,,
dunya_katilim-687efe249aec,dunya_katilim,Standart Katılma Hesabı,https://dunyakatilim.com.tr/kendim-icin/hesaplar/katilma-hesaplari/standart-katilma-hesabi,Yatırım Ürünü Kampanyası,0.644,"eslesen alanlar: url,baslik,breadcrumb,govde","Standart Katılma Hesabı Nedir ? Dijital Katılma Hesabı, müşterilerimizin dijital kanallarımız üzerinden TL, USD, EUR olarak açabildiği ve diğer katılma hesaplarına nazaran daha yüksek kâr paylaşım oranları alabildiği kat",,,
dunya_katilim-4d2c86625e18,dunya_katilim,Katılma Hesapları,https://dunyakatilim.com.tr/kendim-icin/hesaplar/katilma-hesaplari,Yatırım Ürünü Kampanyası,0.504,eslesen alanlar: govde,Katılma Hesapları Standart Katılma Hesabı Avantajlardan yararlanmak için Standart Katılma Hesabı'nı hemen açabilirsiniz. Güneş Katılma Hesabı Gündelik tasarruflarınızı değerlendirebildiğiniz günlük açılabilen katılma hes,,,
dunya_katilim-01ac50208c55,dunya_katilim,Cari Hesaplar,https://dunyakatilim.com.tr/kendim-icin/hesaplar/cari-hesaplar,Diğer / Kampanya Değil,0.45,kampanya sayfasi degil,"Cari Hesaplar Altın Hesapları Altın Cari Hesabı, tasarruflarınızı altın olarak değerlendirilmesini sağlayan vadesiz bir hesap türüdür. FERAH Cari Hesap FERAH Cari Hesap, fiziki erişimi rahat altın kurları (FERAH kurlar)",,,
dunya_katilim-0eb52136d812,dunya_katilim,Altın Hesapları,https://dunyakatilim.com.tr/kendim-icin/altin-bankaciligi/altin-hesaplari,Diğer / Kampanya Değil,0.45,kampanya sayfasi degil,"Altın Hesapları Altın Cari Hesabı Altın Cari Hesabı, tasarruflarınızı altın olarak değerlendirilmesini sağlayan vadesiz bir hesap türüdür. Altın Katılma Hesabı Dünya Katılım ile Altınlarınız Değer Kazansın! ATOM Tasarruf",,,
dunya_katilim-7b2ad2f9446b,dunya_katilim,Altın Hesapları,https://dunyakatilim.com.tr/kendim-icin/hesaplar/cari-hesaplar/altin-hesaplari,Finansman Kampanyası,0.441,eslesen alanlar: govde,"Altın Hesapları Nedir ? Altın Cari Hesabı, tasarruflarınızı altın olarak değerlendirilmesini sağlayan vadesiz bir hesap türüdür. Özellikleri Minimum işlem limiti 0.01 gramdır. Depolanan altınlar 995/1000 saflıkta muhafaz",,,
dunya_katilim-0e040c9253a2,dunya_katilim,Gümüş Hesapları,https://dunyakatilim.com.tr/kendim-icin/hesaplar/cari-hesaplar/gumus-hesaplari,Diğer / Kampanya Değil,0.7,kampanya sayfasi degil,"Gümüş Hesapları Nedir ? Gümüş Hesabı, birikimlerinizi gümüş olarak değerlendirmenize olanak sağlayan, dilediğiniz zaman gram bazında gümüş alım satımı yapabileceğiniz vadesiz bir hesap türüdür. Özellikleri Kaybolma, çalı",,,
hayat_finans-74d4dc7ed45e,hayat_finans,Ürün ve Hizmet Ücretleri,https://hayatfinans.com.tr/urun-ve-hizmet-ucretleri,Diğer / Kampanya Değil,0.7,kampanya sayfasi degil,Ürün ve Hizmet Ücretleri Bireysel Para Transferleri Para Cinsi Asgari Tutar Azami Tutar Açıklama Güncellenme Tarihi Havale TL Ücretsizdir. EFT TL Ücretsizdir. FAST TL Ücretsizdir. Döviz Transferi (Swift) USD/ EUR/ GBP BS,,,
hayat_finans-a8e709276062,hayat_finans,Xiaomi Ürünlerinde Finansman Avantajı,https://hayatfinans.com.tr/kampanyalar/xiaomi-urunlerinde-finansman-avantaji,Finansman Kampanyası,0.749,"eslesen alanlar: url,baslik,breadcrumb,govde",Xiaomi Ürünlerinde Finansman Avantajı Hayat Finanslılara özel Xiaomi mağazalarında 3 aya varan taksit fırsatı Bana Bunu Al İş Ortağımda! Kampanya Koşulları Kampanya 31 Ağustos 2026 tarihine kadar geçerlidir. Kampanya sad,,,
hayat_finans-f99e5ff0e127,hayat_finans,Biz Kart Arkadaşını Getir & Kazan,https://hayatfinans.com.tr/kampanyalar/biz-kart-ile-arkadasini-getir-kazan,Yeni Müşteri Kampanyası,0.687,"eslesen alanlar: url,baslik,breadcrumb,govde",Biz Kart Arkadaşını Getir & Kazan Kampanya Dönemi: 16 Haziran - 31 Ağustos 2026 Kampanya Koşulları Bu kampanya Hayat Finans bireysel müşterileri için geçerlidir. Hayat Finans müşterisi olan kişiler Hayat Finans Mobil Uyg,,,
hayat_finans-a62cb4567cd4,hayat_finans,Biz Kart ile Dijital Üyeliklerde %75 Nakit İade Fırsatı!,https://hayatfinans.com.tr/kampanyalar/biz-kart-dijital-uyelikler-kampanyasi,Kart Kampanyası,0.825,"eslesen alanlar: url,baslik,breadcrumb,govde",Biz Kart ile Dijital Üyeliklerde %75 Nakit İade Fırsatı! Kampanya Dönemi: 16 Haziran - 31 Ağustos 2026 Kampanya Koşulları Kampanya Hayat Finans bireysel müşterileri için geçerlidir. Kampanyadan yararlanabilmek için Hayat,,,
hayat_finans-8b671a148aff,hayat_finans,Biz Kart ile Yemek Harcamalarına 1.000 TL’ye Varan Nakit İade!,https://hayatfinans.com.tr/kampanyalar/biz-kart-yemek-harcamasi-nakit-iade-kampanyasi,Kart Kampanyası,0.802,"eslesen alanlar: url,baslik,breadcrumb,govde","Biz Kart ile Yemek Harcamalarına 1.000 TL’ye Varan Nakit İade! Yakınlarınıza verdiğiniz Biz Kart ile yemek sektöründe yapılan harcamaların %10’una kadar nakit iade kazanın. Kampanya kapsamında günlük en fazla 100 TL, ayl",,,
hayat_finans-5d87674d8392,hayat_finans,Avantajlı Hesap Müşterilerine Özel FX Dar Makas Avantajı!,https://hayatfinans.com.tr/kampanyalar/avantajli-hesap-musterilerine-ozel-fx-dar-makas-avantaji,Yatırım Ürünü Kampanyası,0.504,eslesen alanlar: govde,"Avantajlı Hesap Müşterilerine Özel FX Dar Makas Avantajı! Kampanya dönemi içerisinde Avantajlı Hesap açan bireysel müşteriler, Hayat FX üzerinden gerçekleştirecekleri işlemlerde 5.000 USD veya karşılığı işlem hacmine kad",,,
hayat_finans-689d52235da1,hayat_finans,"Arkadaşını Davet Et, Avantajlı Hesapla Kazanmaya Başla!",https://hayatfinans.com.tr/kampanyalar/arkadasini-getir-avantajli-hesap-ac-nakit-odul-kazan,Yeni Müşteri Kampanyası,0.856,"eslesen alanlar: url,baslik,breadcrumb,govde","Arkadaşını Davet Et, Avantajlı Hesapla Kazanmaya Başla! Arkadaşlarınızı Hayat Finans'a davet edin. Davet ettiğiniz arkadaşlarınız ilk Avantajlı Hesaplarını açtığında nakit ödül kazanın, arkadaşlarınız ise Hayat Finans Ba",,,
hayat_finans-7f49b22fb7b2,hayat_finans,Biz Kart Dijital Üyelikler Kampanyası,https://hayatfinans.com.tr/kampanyalar/dijital-uyeliklerde-geri-odeme-firsati,Kart Kampanyası,0.825,"eslesen alanlar: baslik,breadcrumb,govde",Biz Kart Dijital Üyelikler Kampanyası Kampanya Dönemi: 16 Haziran - 31 Ağustos 2026 Kampanya Koşulları Kampanya Hayat Finans bireysel müşterileri için geçerlidir. Kampanyadan yararlanabilmek için Hayat Finans banka kartı,,,
hayat_finans-3cd5730120a6,hayat_finans,Bana Bunu Al İş Ortağım ile Troy Mağazalarında Finansman Fırsatı!,https://hayatfinans.com.tr/kampanyalar/bana-bunu-al-is-ortagim-ile-troy-magaza-firsatlari,Finansman Kampanyası,0.737,"eslesen alanlar: baslik,breadcrumb,govde",Bana Bunu Al İş Ortağım ile Troy Mağazalarında Finansman Fırsatı! Hayat Finanslılara özel Troy mağazalarında 3 aya varan taksit fırsatı Bana Bunu Al İş Ortağımda! Kampanya Koşulları Kampanya 31 Ağustos 2026 tarihine kada,,,
hayat_finans-d914b7ce3837,hayat_finans,Gümüş İşlemleri Hayat FX'te!,https://hayatfinans.com.tr/kampanyalar/hayatfx-ile-gumus-islemleri,Yatırım Ürünü Kampanyası,0.504,eslesen alanlar: govde,"Gümüş İşlemleri Hayat FX'te! Gümüş İşlemlerinde Dar Makas Avantajı Hayat FX’de! Gümüş yatırımlarınızı daha avantajlı koşullarla gerçekleştirin. Hayat FX üzerinden yapacağınız gümüş alım ve satım işlemlerinde, dar makas u",,,
hayat_finans-819f56b9d0d4,hayat_finans,En Güncel Banka Kampanyaları,https://hayatfinans.com.tr/kampanyalar,Yatırım Ürünü Kampanyası,0.367,eslesen alanlar: govde,"Kampanyalar Arkadaşını Getir Arkadaşını Davet Et, Avantajlı Hesapla Kazanmaya Başla! Yatırım Avantajlı Hesap Müşterilerine Özel FX Dar Makas Avantajı! Biz Kart Biz Kart Arkadaşını Getir & Kazan Biz Kart Biz Kart ile Diji",,,
hayat_finans-9b3ac05674c6,hayat_finans,Hayat Finans’la İşlem Yaptıkça Kazan!,https://hayatfinans.com.tr/kampanyalar/hayatfinansla-islem-yaptikca-kazan,Kart Kampanyası,0.472,eslesen alanlar: govde,"Hayat Finans’la İşlem Yaptıkça Kazan! Masraf yok, kazanç var: Hayat’la Kazan Bankacılık işlemlerinizi kazanca dönüştürün. Günlük bankacılık işlemlerinizi Hayat Finans'tan gerçekleştirin, yaptığınız işlemlerden nakit ödül",,,
hayat_finans-1152659e87b4,hayat_finans,2025 Piyasa Raporu: Yılın En Başarılı Yatırım Ürünleri ve Performans A,https://hayatfinans.com.tr/finansal-kilavuz/2025-piyasa-raporu-yilin-en-basarili-yatirim-urunleri,Yatırım Ürünü Kampanyası,0.88,"eslesen alanlar: url,baslik,govde","2025 Piyasa Raporu: Yılın En Başarılı Yatırım Ürünleri ve Performans Analizi 2025 yılı yapay zekanın ""vaatten gerçeğe"" dönüştüğü, kripto varlıkların kurumsal portföylerde demirbaş haline geldiği ve ""güvenli liman"" algısı",,,
hayat_finans-ca029f91ebcb,hayat_finans,HFY - Günlük Kazandıran Fon | Hayat Finans,https://hayatfinans.com.tr/yatirim-ve-birikim/hfy-gunluk-kazandiran-fon,Yatırım Ürünü Kampanyası,0.66,"eslesen alanlar: url,baslik,breadcrumb,govde","HFY – Günlük Kazandıran Fon Paranızı getirisi üzerinden değerlendirin, mesai saatleri arasında (09.45–16.00) nakde geçin! HFY – Hayat Finans Günlük Kazandıran Fon Nedir? Katılım finans ilkeleri çerçevesinde yönetilen HFY",,,
hayat_finans-8f1420a1d1fb,hayat_finans,Yatırımcı Seviyesi ile Daha Fazla Avantaj Sizi Bekliyor,https://hayatfinans.com.tr/yatirim-ve-birikim/yatirimci-seviye-sistemi,Yatırım Ürünü Kampanyası,0.88,"eslesen alanlar: url,baslik,breadcrumb,govde","Yatırımcı Seviyesi ile Daha Fazla Avantaj Sizi Bekliyor Yatırım Yaptıkça Kazancınız Katlanır Hayat Finans’ta yatırım işlemleri sadece kazanç sağlamakla kalmaz, aynı zamanda size özel avantajların kapısını da aralar. Dövi",,,
hayat_finans-dc7ba4948d4b,hayat_finans,"Harcadıkça Kazan, Cebin Hep Dolu Kalsın!",https://hayatfinans.com.tr/kampanyalar/hayat-finans-ile-gastroclub-ayricaliklari,Diğer / Kampanya Değil,0.3,kampanya sayfasi ama tur belirlenemedi,"Harcadıkça Kazan, Cebin Hep Dolu Kalsın! Hayat Finans’ın ayrıcalıklı dünyasında GastroClub üyeliği ile harcadıkça kazan! Hayat Finans Mobil uygulaması üzerinden GastroClub üyeliğinizi oluşturarak seçkin restoranlar, mark",,,
hayat_finans-cf63a4ace2aa,hayat_finans,Kira Sertifikası,https://hayatfinans.com.tr/yatirim-ve-birikim/kira-sertifikasi-yatirim-ve-birikim,Yatırım Ürünü Kampanyası,0.644,"eslesen alanlar: url,baslik,breadcrumb,govde","Kira Sertifikası Kira sertifikası (sukuk) bir varlık, proje, iş veya yatırım faaliyeti üzerinde kısmi mülkiyeti temsil eden ve faizsiz finansman ilkelerine uygun olarak ihraç edilen menkul kıymetlerdir. Bu sertifikalar,",,,
hayat_finans-369d48cd49f9,hayat_finans,Hisse Senedi İşlemleri,https://hayatfinans.com.tr/yatirim-ve-birikim/hisse-senedi-islemleri-yatirim-ve-birikim,Yatırım Ürünü Kampanyası,0.88,"eslesen alanlar: url,baslik,breadcrumb,govde","Hisse Senedi Hayat Finans Hisse Senedi Hesabı ile Borsa İstanbul’da işlem gören hisse senetlerini kolayca alabilir, yatırım fırsatlarını değerlendirebilirsiniz. Hisse Senedine Yatırım Kısa/Uzun Vadeli Yatırım İmkânı: His",,,
hayat_finans-19fbc1580e1a,hayat_finans,Döviz Alım Satım,https://hayatfinans.com.tr/yatirim-ve-birikim/doviz-kiymetli-maden-alim-satim-yatirim-ve-birikim,Yatırım Ürünü Kampanyası,0.88,"eslesen alanlar: url,breadcrumb,govde","Hayat FX Birikimlerinizi, döviz ve kıymetli maden alım satım işlemleriyle değerlendirebilirsiniz. Hayat FX - Döviz Alım Satım Nedir? Hayat FX, kıymetli madenler ve farklı döviz çiftleri arasında alım-satım yapmanızı sağl",,,
hayat_finans-20fc9be543e2,hayat_finans,Yatırım ve Birikim,https://hayatfinans.com.tr/yatirim-ve-birikim,Yatırım Ürünü Kampanyası,0.66,"eslesen alanlar: url,baslik,breadcrumb,govde",Yatırım ve Birikim Hayat Finans'ın sunduğu farklı yatırım ürünleriyle birikimlerinize değer katıyor ve ihtiyacınıza uygun çözümler üretiyoruz. Yatırım Hesabı Binbir emekle elde ettiğiniz birikimlerinizi en doğru şekilde,,,
hayat_finans-40a44337f0b7,hayat_finans,Yatırım Hesabı,https://hayatfinans.com.tr/yatirim-ve-birikim/yatirim-hesabi,Yatırım Ürünü Kampanyası,0.66,"eslesen alanlar: url,baslik,breadcrumb,govde","Yatırım Hesabı Binbir emekle elde ettiğiniz birikimlerinizi en doğru şekilde değerlendirmek için Hayat Finans'ta Yatırım Hesabı'nızı hemen oluşturabilirsiniz. Yatırım Hesabı Nedir? Yatırım Hesabı, birikimlerinizi sermaye",,,
hayat_finans-249295a1fe00,hayat_finans,Yatırım Fonları,https://hayatfinans.com.tr/yatirim-ve-birikim/yatirim-fonlari-yatirim-ve-birikim,Yatırım Ürünü Kampanyası,0.66,"eslesen alanlar: url,baslik,breadcrumb,govde","Yatırım Fonları Hisse senedi, değerli madenler, döviz, yabancı hisse senedi ve daha birçok seçenek ile yatırımlarınızı profesyoneller tarafından yönetilen TEFAS fonları ile değerlendirebilirsiniz. Sunduğumuz çeşitli fon",,,
hayat_finans-798643f9b664,hayat_finans,Biz Kart ile Sevdiklerinizin Harcamalarını Yönetin,https://hayatfinans.com.tr/kartlar/biz-kart,Kart Kampanyası,0.603,"eslesen alanlar: url,baslik,breadcrumb,govde","Biz Kart Nedir? Biz Kart, cari hesabınıza bağlı olarak tanımlanan sevdiklerinizin harcamalarını kontrol etmenizi , limitlerini belirlemenizi ve işlemleri anlık takip etmenizi sağlayan güvenli ve esnek bir ek banka kartıd",,,
hayat_finans-a425564b08ef,hayat_finans,Mikro Finansman,https://hayatfinans.com.tr/finansmanlar-is/mikro-finansman,Finansman Kampanyası,0.561,"eslesen alanlar: url,baslik,breadcrumb,govde","Mikro Finansman Küçük işletmeler için hızlı, pratik ve kesintisiz finansman çözümleri ile yanınızdayız! Küçük işletmeniz için finansman İşinizi aksatmadan, hızlı ve zahmetsiz finansmana ulaşın. Sadece birkaç dakika içind",,,
hayat_finans-e5001890086b,hayat_finans,Ticari Finansman,https://hayatfinans.com.tr/finansmanlar-is/ticari-finansman,Finansman Kampanyası,0.748,"eslesen alanlar: url,baslik,breadcrumb,govde","Ticari Finansman Firmanıza özel, ticari faaliyetlerinize uyum sağlayan esnek ve avantajlı finansman çözümlerinden faydalanın! Firmanıza özel finansman çözümleri Ticari faaliyetlerinize uygun esnek finansman seçeneklerind",,,
hayat_finans-d388d39e4ebd,hayat_finans,Biz Kart ile Yeni Nesil Aile Bankacılığına Yakından Bakış,https://hayatfinans.com.tr/finansal-kilavuz/biz-kart-ile-yeni-nesil-aile-bankaciligina-yakindan-bakis,Kart Kampanyası,0.825,"eslesen alanlar: url,baslik,breadcrumb,govde","Biz Kart ile Yeni Nesil Aile Bankacılığına Yakından Bakış Değişen dünya, dönüşen alışkanlıklar ve dijitalleşen yaşam biçimleri finansal karar alma süreçlerini de kökten etkiliyor. Özellikle aile yapısının ve kuşaklar ara",,,
hayat_finans-7d08c8bac7af,hayat_finans,Çocuklar İçin Hangi Kart Kullanılır? Aileler İçin Güvenli Bir Finansal,https://hayatfinans.com.tr/finansal-kilavuz/cocuklar-icin-hangi-kart-kullanilir-aileler-icin-guvenli-bir-finansal-baslangic,Kart Kampanyası,0.825,"eslesen alanlar: url,baslik,breadcrumb,govde","Çocuklar İçin Hangi Kart Kullanılır? Aileler İçin Güvenli Bir Finansal Başlangıç Günümüzde çocuklar çok küçük yaşlardan itibaren dijital dünyayla tanışıyor. Alışveriş, ödeme ve para kavramı artık yalnızca yetişkinlerin g",,,
hayat_finans-a479a20c1f6a,hayat_finans,Hayat Finans’tan 8 Yaş ve Üzeri Herkes için Dijital & Finansal Yol Ark,https://hayatfinans.com.tr/finansal-kilavuz/dijital-finansal-yol-arkadasi-biz-kart,Kart Kampanyası,0.825,"eslesen alanlar: url,baslik,breadcrumb,govde","Hayat Finans’tan 8 Yaş ve Üzeri Herkes için Dijital & Finansal Yol Arkadaşı: Biz Kart Türkiye’nin ilk lisanslı dijital bankası Hayat Finans tarafından geliştirilen Biz Kart, aile içi para yönetimini tek bir dijital çatı",,,
hayat_finans-80e7c5a11210,hayat_finans,Mastercard Silver Hayat Plus Kredi Kartı,https://hayatfinans.com.tr/kartlar/hayat-plus-kredi-karti,Kart Kampanyası,0.645,"eslesen alanlar: url,baslik,breadcrumb,govde","Mastercard Silver Hayat Plus Kredi Kartı Silver logolu kartnızı kullanın, giyimden restorana, araç kiralamadan konaklamaya 100'den fazla yurt dışı markasında ekstrenizde indirimler alın. Bunun için tek yapmanız gereken M",,,
hayat_finans-9144a0c5ec74,hayat_finans,Yatırım Psikolojisi: Finansal Kararlarınızı Etkileyen Faktörler,https://hayatfinans.com.tr/finansal-kilavuz/yatirim-psikolojisi-finansal-kararlarinizi-etkileyen-faktorler,Yatırım Ürünü Kampanyası,0.88,"eslesen alanlar: url,baslik,breadcrumb,govde","Yatırım Psikolojisi: Finansal Kararlarınızı Etkileyen Faktörler Finansal dünyada başarı, yalnızca hangi yatırım aracını seçtiğinizle değil, aynı zamanda karar alma sürecinizle de doğrudan bağlantılıdır. Yatırım psikoloji",,,
hayat_finans-50a235114726,hayat_finans,Son 10 Yılın Yatırım Raporu: Büyük Sermaye Nereye Aktı? (2015–2025),https://hayatfinans.com.tr/finansal-kilavuz/son-on-yilin-yatirim-raporu,Yatırım Ürünü Kampanyası,0.88,"eslesen alanlar: url,baslik,breadcrumb,govde","Son 10 Yılın Yatırım Raporu: Büyük Sermaye Nereye Aktı? (2015–2025) 2015 yılından 2025’in sonuna kadar geçen 10 yıllık süreç, finans piyasaları için bir sınav dönemi olmaktan öte, yatırım algısının tamamen değiştiği bir",,,
hayat_finans-babea35e70f2,hayat_finans,"En Riskli Yatırım Tercihleri: Yüksek Getiri mi, Yüksek Tehlike mi?",https://hayatfinans.com.tr/finansal-kilavuz/en-riskli-yatirim-tercihleri,Yatırım Ürünü Kampanyası,0.88,"eslesen alanlar: url,baslik,breadcrumb,govde","En Riskli Yatırım Tercihleri: Yüksek Getiri mi, Yüksek Tehlike mi? Yatırım dünyasında kazanç beklentisi ne kadar yüksekse, risk de genellikle o denli büyüktür. Finansal piyasalarda birçok araç yatırımcılara “ kısa sürede",,,
hayat_finans-8c86030e0ba1,hayat_finans,Küçük Yatırımcı Nasıl Portföy Oluşturmalı?,https://hayatfinans.com.tr/finansal-kilavuz/kucuk-yatirimci-nasil-portfoy-olusturmali,Yatırım Ürünü Kampanyası,0.855,"eslesen alanlar: url,baslik,breadcrumb,govde","Küçük Yatırımcı Nasıl Portföy Oluşturmalı? Yatırım dünyasına adım atan pek çok kişi, “Paramı nasıl değerlendirmeliyim?” sorusuyla karşı karşıya kalır. Küçük yatırımcı için en büyük zorluklardan biri, sınırlı sermayeyi do",,,
hayat_finans-60759acc7a1f,hayat_finans,Hayat Finans Mastercard Tüzel Kredi Kartı,https://hayatfinans.com.tr/kartlar-tuzel/hayat-finans-tuzel-kredi-karti,Kart Kampanyası,0.645,"eslesen alanlar: url,baslik,breadcrumb,govde",Hayat Finans Mastercard Tüzel Kredi Kartı Şirketinizin tüm alışveriş ve harcamalarını kolayca yönetmek için Hayat Finans Mastercard Tüzel Kredi Kartı tercih edebilirsiniz. Hayat Finans Mastercard Tüzel Kredi Kartı İşletm,,,
hayat_finans-530a449684aa,hayat_finans,Hayat Finans TROY Tüzel Kredi Kartı,https://hayatfinans.com.tr/kartlar-tuzel/hayat-finans-troy-tuzel-kredi-karti,Kart Kampanyası,0.645,"eslesen alanlar: url,baslik,breadcrumb,govde","Hayat Finans TROY Tüzel Kredi Kartı İşletmenizin büyümesine güç katarken, esnek ödeme seçenekleri ve yüksek harcama limitleriyle günlük operasyonlarınızı kolaylaştırır ve harcamalarınızdan avantaj elde etmenizi sağlar. H",,,
hayat_finans-6c4ffe017e04,hayat_finans,Bireysel Finansmanlar,https://hayatfinans.com.tr/finansmanlar,Finansman Kampanyası,0.641,"eslesen alanlar: url,baslik,breadcrumb,govde",Bireysel Finansmanlar İhtiyacınıza uygun finansman türlerimizle hayatınızı kolaylaştırıyoruz. Bana Bunu Al İş Ortağım Anlaşmalı bayilerimiz aracılığıyla Bankamızdan kredi (finansman) desteği sağlamak çok hızlı ve kolay!,,,
hayat_finans-09e7b5d88214,hayat_finans,Tüzel Kartlar,https://hayatfinans.com.tr/kartlar-tuzel,Kart Kampanyası,0.804,"eslesen alanlar: url,baslik,breadcrumb,govde","Tüzel Kartlar Hayat Finans Banka Kartları ile bankacılık işlemlerinizi, temassız özelliğimizle de alış verişlerinizi hızlıca gerçekleştirebilirsiniz. Hayat Finans Mastercard Tüzel Kredi Kartı Şirketinizin tüm alışveriş v",,,
hayat_finans-7f446bba1b36,hayat_finans,İş Finansmanı,https://hayatfinans.com.tr/finansmanlar-is,Finansman Kampanyası,0.747,"eslesen alanlar: url,baslik,breadcrumb,govde","İş Finansmanı İşletme ve firmanızın ihtiyacına uygun nakdi ve gayrinakdi finansman türlerimizle işinizi kolaylaştırıyoruz. Nakdi Finansmanlar Mikro Finansman İşinizi aksatmadan, hızlı ve zahmetsiz finansmana ulaşın. Nakd",,,
hayat_finans-073c05108f76,hayat_finans,Yatırımda Yeni Dönem: Eşitliği Sağlayan Adil ve Kapsayıcı Finans,https://hayatfinans.com.tr/finansal-kilavuz/yatirimda-yeni-donem,Yatırım Ürünü Kampanyası,0.88,"eslesen alanlar: url,baslik,breadcrumb,govde","Yatırımda Yeni Dönem: Eşitliği Sağlayan Adil ve Kapsayıcı Finans Geleneksel yatırım dünyası, uzun yıllar boyunca büyük sermayeye sahip olanların avantaj sağladığı, küçük yatırımcıların ise çoğu zaman sistemin dışında kal",,,
hayat_finans-ddc9363972e9,hayat_finans,Yatırım Dünyasında İz Bırakanlar,https://hayatfinans.com.tr/finansal-kilavuz/yatirim-dunyasinda-iz-birakanlar,Yatırım Ürünü Kampanyası,0.88,"eslesen alanlar: url,baslik,breadcrumb,govde","Yatırım Dünyasında İz Bırakanlar Yatırım dünyası, yalnızca hisse senetlerinden ibaret değildir. Bu alanın arkasında, piyasaları analiz eden, riskleri yöneten ve sermayeyi stratejik biçimde değerlendiren fon yöneticileri",,,
hayat_finans-3cd5ae2913cf,hayat_finans,Kartlar | Hayat Finans,https://hayatfinans.com.tr/kartlar,Kart Kampanyası,0.804,"eslesen alanlar: url,baslik,breadcrumb,govde","Kartlar Hayat Finans Banka Kartları ile bankacılık işlemlerinizi, temassız özelliğimizle de alış verişlerinizi hızlıca gerçekleştirebilirsiniz. Yeni Biz Kart (Ek Banka Kartı) Aile içi finansal yönetimi kolaylaştıran, güv",,,
hayat_finans-c9855e3772ef,hayat_finans,Yatırım Nedir ve Nasıl Yatırım Yapılmalıdır?,https://hayatfinans.com.tr/finansal-kilavuz/yatirim-nedir-ve-nasil-yatirim-yapilmalidir,Yatırım Ürünü Kampanyası,0.66,"eslesen alanlar: url,baslik,breadcrumb,govde","Yatırım Nedir ve Nasıl Yatırım Yapılmalıdır? Yatırım, kişisel finansal büyüme ve uzun vadeli zenginlik yaratma yolculuğunda kritik bir bileşendir. Finansal güvence sağlamak, birikimleri değerlendirmek ve geleceğe yönelik",,,
hayat_finans-691147b6d76a,hayat_finans,Altın Yatırımcılar Tarafından Neden Bu Kadar Çok Tercih Ediliyor?,https://hayatfinans.com.tr/finansal-kilavuz/altin-yatirimcilar-tarafindan-neden-tercih-ediliyor,Yatırım Ürünü Kampanyası,0.88,"eslesen alanlar: url,baslik,breadcrumb,govde","Altın Yatırımcılar Tarafından Neden Bu Kadar Çok Tercih Ediliyor? Altın, yüzyıllardır hem bir değer saklama aracı hem de yatırım aracı olarak önemli bir rol oynamaktadır. Fiyatındaki dalgalanmalara rağmen, altın dünya ça",,,
hayat_finans-306543d577f7,hayat_finans,Bana Bunu Al Alışveriş Kredisi,https://hayatfinans.com.tr/krediler/bana-bunu-al,Diğer / Kampanya Değil,0.7,kampanya sayfasi degil,Bana Bunu Al Hayat Finans ile ihtiyaçlarınızı karşılamanın tam zamanı! Bana Bunu Al Nedir? Bana Bunu Al bireysel ihtiyaçlarınızı finanse edebileceğiniz ihtiyaç finansmanı (ihtiyaç kredisi)* limitidir. Bu finansman ile mo,,,
hayat_finans-c7c0380b6548,hayat_finans,E-Teminat Mektubu,https://hayatfinans.com.tr/finansmanlar-is/e-teminat-mektubu,Finansman Kampanyası,0.553,"eslesen alanlar: url,breadcrumb,govde","E-Teminat Mektubu Hayat Finans E-Teminat Mektubu ile yurt içi iş birliklerinizi güvence altına alın! E-Teminat Mektubu Nedir? Elektronik Teminat Mektubu Platformu (ETMP), üyelerine pek çok kolaylık sağlar. ETMP üyesi müş",,,
hayat_finans-d58344a93b14,hayat_finans,İşletme Finansmanı,https://hayatfinans.com.tr/finansmanlar-is/isletme-finansmani,Finansman Kampanyası,0.561,"eslesen alanlar: url,baslik,breadcrumb,govde",İşletme Finansmanı Finansal desteğe ihtiyaç duyduğunuzda Hayat Finans uygun geri ödeme seçenekleriyle yanınızda! İşletme Finansmanı ile işinizi büyütün Hayat Finans ile işletmenizin nakit akışını destekleyecek finansmana,,,
hayat_finans-41225b134b62,hayat_finans,Tarihten Gelen Bir Strateji: Değer Yatırımcılığı,https://hayatfinans.com.tr/finansal-kilavuz/deger-yatirimciligi-nedir,Yatırım Ürünü Kampanyası,0.66,"eslesen alanlar: url,baslik,breadcrumb,govde","Tarihten Gelen Bir Strateji: Değer Yatırımcılığı Finans dünyası, zaman içinde birçok farklı yatırım stratejisi ve felsefesi görmüştür. Bu stratejilerden biri olan değer yatırımcılığı, sadece finansal başarı sağlamakla ka",,,
hayat_finans-bba7225fe395,hayat_finans,Eğitim Finansmanı Sistemi,https://hayatfinans.com.tr/krediler/hayat-finans-egitim-finansmani-sistemi,Finansman Kampanyası,0.747,"eslesen alanlar: url,baslik,breadcrumb,govde","Eğitim Finansmanı Sistemi Eğitim Finansmanında hızlı, kolay ve avantajlı çözümler. Vade farksız, gelir belgesiz eğitim finansmanı fırsatı! Üstelik 3 ay erteleme seçeneği ile! Eğitim ihtiyaçlarınıza özel hızlı ve pratik E",,,
hayat_finans-b8d3f657cdb3,hayat_finans,Dünya Borsalarında Katılım Esaslı Yatırım Nasıl Yapılır?,https://hayatfinans.com.tr/finansal-kilavuz/dunya-borsalarinda-katilim-esasli-yatirim-nasil-yapiliir,Yatırım Ürünü Kampanyası,0.644,"eslesen alanlar: url,baslik,breadcrumb,govde","Dünya Borsalarında Katılım Esaslı Yatırım Nasıl Yapılır? Katılım esaslı yatırımın temeli nedir? Katılım esaslı yatırım, faizsiz ve adil kazançları hedefleyen bir yapı sunar. İslami finans prensiplerine uygun olarak yönet",,,
hayat_finans-601b497c9159,hayat_finans,Krediler | Hayat Finans,https://hayatfinans.com.tr/krediler,Finansman Kampanyası,0.441,eslesen alanlar: govde,Krediler Bana Bunu Al Avantajlı oranlar ve uygun ödeme planlarıyla hayatınızı kolaylaştırın. Bana Bunu Al İş Ortağım Anlaşmalı bayilerimiz aracılığıyla Bankamızdan kredi (finansman) desteği sağlamak çok hızlı ve kolay! E,,,
hayat_finans-ea1acfd3959f,hayat_finans,Yatırım ve Hazine,https://hayatfinans.com.tr/yatirim-ve-hazine,Yatırım Ürünü Kampanyası,0.88,"eslesen alanlar: url,baslik,breadcrumb,govde",Yatırım ve Hazine Hayat Finans’ın yatırım ihtiyaçları için sunmuş olduğu farklı yatırım ürünleriyle işletme ve firmanızın birikimlerine değer katıyoruz. Katılma Hesabı Birikimleriniz yastık altında kalmasın! Katılma Hesa,,,
hayat_finans-42038e71a5c9,hayat_finans,Bana Bunu Al İş Ortağım,https://hayatfinans.com.tr/finansmanlar/bana-bunu-al-is-ortagim,Finansman Kampanyası,0.503,"eslesen alanlar: url,breadcrumb,govde",Bana Bunu Al İş Ortağım Anlaşmalı bayilerimiz aracılığıyla Bankamızdan kredi (finansman) desteği sağlamak çok hızlı ve kolay! Bana Bunu Al İş Ortağım anlaşmalı firmaları incelemek için tıklayınız! Bana Bunu Al İş Ortağım,,,
hayat_finans-78a510bf4e9a,hayat_finans,Tedarikçi Finansman Sistemi (TFS) (Çok Yakında!),https://hayatfinans.com.tr/nakit-yonetimi/tedarikci-finansman-sistem,Finansman Kampanyası,0.77,"eslesen alanlar: url,baslik,breadcrumb,govde","Tedarikçi Finansman Sistemi (TFS) (Çok Yakında!) Hayat Finans, tedarik süreçlerinizde sunduğu finansman çözümleriyle daima yanınızda! Tedarikçi Finansman Sistemi (TFS) Nedir? Tedarikçi Finansmanı Sistemi, tedarikçilerin",,,
hayat_finans-09b090a5019d,hayat_finans,Altın Fonları ile Altın Yatırımı Yapmanın Avantajları,https://hayatfinans.com.tr/finansal-kilavuz/altin-fonlari-ile-altin-yatirimi-yapmanin-avantajlari,Yatırım Ürünü Kampanyası,0.88,"eslesen alanlar: url,baslik,breadcrumb,govde","Altın Fonları ile Altın Yatırımı Yapmanın Avantajları Altın yüzyıllardan beri hem toplumlar hem de devletler arasında güvenli bir takas aracı olmuş, kriz anlarında “güvenilir liman” olarak adlandırılmıştır. Eski dönemler",,,
hayat_finans-32044ced25eb,hayat_finans,Yatırımın Geleceğinde Yapay Zeka Etkisi,https://hayatfinans.com.tr/finansal-kilavuz/yatirimin-geleceginde-yapay-zeka-etkisi,Yatırım Ürünü Kampanyası,0.88,"eslesen alanlar: url,baslik,breadcrumb,govde","Yatırımın Geleceğinde Yapay Zeka Etkisi Yapay Zeka ve Yatırım İlişkisi Yapay zeka, hayatımızın her alanında olduğu gibi finans ve yatırım dünyasında da devrim yaratmaya devam ediyor. Özellikle yatırım kararlarında veri a",,,
hayat_finans-64790d305f33,hayat_finans,Finansal Tablolar ve Yatırım Kararlarında Rolü,https://hayatfinans.com.tr/finansal-kilavuz/finansal-tablolar-ve-yatirim-kararlarinda-rolu,Yatırım Ürünü Kampanyası,0.66,"eslesen alanlar: url,baslik,breadcrumb,govde","Finansal Tablolar ve Yatırım Kararlarında Rolü Finansal Tablo Nedir? Finansal tablolar, işletmelerin mali durumunu ortaya koyan en önemli araçlardır. Bu tablolar sayesinde bir şirketin gelir, gider, varlık, borç ve nakit",,,
hayat_finans-edb7ee7a829e,hayat_finans,Hayat Finans Banka Kartı,https://hayatfinans.com.tr/kartlar/hayat-finans-banka-karti,Kart Kampanyası,0.825,"eslesen alanlar: url,baslik,breadcrumb,govde","Hayat Finans Banka Kartı Fiziki ve sanal alışverişlerinizin tümünü Hayat Finans Banka Kartınızdaki vadesiz hesap bakiyenizi kullanarak yapabilirsiniz. Hayat Finans Banka Kartı Para çekme, para yatırma ya da bakiye sorgul",,,
hayat_finans-04eebfd5e8c7,hayat_finans,1 Günlük Avantajlı Hesap,https://hayatfinans.com.tr/hesaplar/avantajli-gunluk-hesap,Yatırım Ürünü Kampanyası,0.504,eslesen alanlar: govde,"Avantajlı Günlük Hesap Bir gün üzerinden işleyen, esnek ve avantajlı katılma hesabı ile birikimlerinizi her gün değerlemeye başlayın. Avantajlı Günlük Hesap Nedir? Hayat Finans olarak, tasarruflarınızı değerlendirmek içi",,,
hayat_finans-8230fc99e9e5,hayat_finans,Yüksek Kâr Paylı Avantajlı Katılma Hesabı,https://hayatfinans.com.tr/hesaplar/avantajli-hesap,Yatırım Ürünü Kampanyası,0.8,"eslesen alanlar: baslik,govde","Birikimin Büyüsün, Avantajın Bitmesin! Finansal gücünüzü artırmanın etkili yolu: Avantajlı Hesap ile birikim yaparken avantajlarınız hiç bitmesin. Hayat Finans Avantajlı Hesap Avantajlı Hesap ile birikiminizin büyüklüğün",,,
hayat_finans-6dc088772ba0,hayat_finans,Hesaplar | Hayat Finans,https://hayatfinans.com.tr/hesaplar,Yatırım Ürünü Kampanyası,0.504,eslesen alanlar: govde,Hesaplar Hayat Finans’ın sunmuş olduğu farklı hesap türleriyle hem ihtiyaçlarınızı karşılayabilir hem de birikimlerinizi değerlendirebilirsiniz. Avantajlı Hesap Avantajlı Katılma Hesabı ile kazancınızı üst seviyeye çıkar,,,
hayat_finans-41f99cedd419,hayat_finans,Katılma Hesabı Başvurusu,https://hayatfinans.com.tr/hesaplar/katilma-hesabi/katilma-hesabi-basvurusu,Yatırım Ürünü Kampanyası,0.66,"eslesen alanlar: url,baslik,breadcrumb,govde","Katılma Hesabı Başvurusu Birikimleriniz aynı gün içerisinde değer kazansın! Katılma hesapları, dönem sonunda kâr ve zarar dağıtarak tasarruflarınızı artırmanıza olanak tanır. Katılma hesapları, önceden belirlenmiş ve taa",,,
hayat_finans-51c6a4fe122d,hayat_finans,Faizsiz Birikim Nasıl Yapılır? İslami Finans İlkelerine Uygun Tasarruf,https://hayatfinans.com.tr/finansal-kilavuz/faizsiz-birikim-nasil-yapilir,Yatırım Ürünü Kampanyası,0.88,"eslesen alanlar: url,baslik,breadcrumb,govde","Faizsiz Birikim Nasıl Yapılır? İslami Finans İlkelerine Uygun Tasarruf Rehberi Günümüz ekonomik koşullarında bireylerin finansal güvenliğini sağlamak için tasarruf yapması artık bir tercih değil, bir zorunluluk haline ge",,,
hayat_finans-6a5e186a3a42,hayat_finans,Yüksek Kâr Payı Veren Katılım Hesabı,https://hayatfinans.com.tr/hesaplar/katilma-hesabi,Yatırım Ürünü Kampanyası,0.637,"eslesen alanlar: url,breadcrumb,govde",Katılma Hesabı Tasarruflarınız aynı gün değerlenmeye başlasın! Katılma Hesabı ile vade sonunda kâr-zarar ortaklığı ile paylaşılan getiri sayesinde birikimlerinize değer katabilirsiniz. Katılma Hesabı Nedir? Önceden belir,,,
hayat_finans-255935a02efc,hayat_finans,Vadeli ve Vadesiz Hesaplar: Doğru Tercih Nasıl Yapılır?,https://hayatfinans.com.tr/finansal-kilavuz/vadeli-ve-vadesiz-hesaplar-ne-demek,Yatırım Ürünü Kampanyası,0.504,eslesen alanlar: govde,"Vadeli ve Vadesiz Hesaplar: Doğru Tercih Nasıl Yapılır? Finansal kararlar alırken doğru hesap türünü seçmek, kişisel ve işletme bütçesini yönetmek açısından büyük önem taşır. Banka işlemlerinizde iki temel seçenekle karş",,,
hayat_finans-f855143a362d,hayat_finans,Cari Hesap,https://hayatfinans.com.tr/hesaplar/cari-hesap,Diğer / Kampanya Değil,0.7,kampanya sayfasi degil,"Cari Hesap Siz de Türk lirası, döviz ya da kıymetli maden cinsinden birikimlerinizi Cari Hesap açarak güvende tutabilirsiniz. Cari Hesap ile paranızın bir kısmını veya tamamını dilediğiniz zaman çekebilirsiniz. Cari Hesa",,,
hayat_finans-82a21e2c26d9,hayat_finans,"Ölçek Değil, Etki: KOBİ’lerin Ekonomideki Gerçek Gücü",https://hayatfinans.com.tr/finansal-kilavuz/kobilerin-ekonomideki-gercek-gucu,Diğer / Kampanya Değil,0.3,kampanya sayfasi ama tur belirlenemedi,"Ölçek Değil, Etki: KOBİ’lerin Ekonomideki Gerçek Gücü Alper Dayi Hayat Finans Tüzel Bankacılık Genel Müdür Yardımcısı Ölçek Değil, Etki: KOBİ’lerin Ekonomideki Gerçek Gücü Üretime ve ticarete destek veren Hayat Finans ol",,,
hayat_finans-338aa37f868e,hayat_finans,Bireysel Tasarruf Nasıl Yapılır? Etkili Yöntemler,https://hayatfinans.com.tr/finansal-kilavuz/bireysel-tasarruf-nasil-yapilir-etkili-yontemler,Diğer / Kampanya Değil,0.7,kampanya sayfasi degil,"Bireysel Tasarruf Nasıl Yapılır? Etkili Yöntemler Günümüz ekonomik koşullarında bireysel tasarruf, sadece bir tercih değil sürdürülebilir bir yaşamın ve finansal güvenliğin temel taşı haline geldi. Artan yaşam maliyetler",,,
kuveyt_turk-7f5f30beda0b,kuveyt_turk,"World Elite Kart ile Havuş, Natolia ve Otto Bite Restoranlarında %25 İ",https://www.kuveytturk.com.tr/ozel-bankacilik/ayricaliklar/kampanyalar/world-elite-kart-ile-havus-natolia-ve-otto-bite-restoranlarinda-25-indirim-firsati,Kart Kampanyası,0.825,"eslesen alanlar: url,baslik,breadcrumb,govde","Kendim İçin İşim İçin Değerli müşterimiz, Özel Bankacılık müşterilerimize özel Havuş, Natolia ve Otto Bite restoranlarında World Elite Kart ile yapacakları harcamalarda geçerli %25 indirim fırsatından yararlanabilirsiniz",,,
kuveyt_turk-41938519fb34,kuveyt_turk,Leasing'e Konu Ürünler ve KDV Oranları,https://www.kuveytturk.com.tr/isim-icin/leasing/leasinge-konu-urunler-ve-kdv-oranlari,Finansman Kampanyası,0.747,"eslesen alanlar: url,baslik,breadcrumb,govde",Yatırım planlarınız için leasing finansmanı kullanarak KDV Avantajından faydalanabilirsiniz. Leasing finansmanına konu edilebilen pek çok ürün %1 KDV ile sizleri bekliyor. Kuveyt Türklü olarak yararlanabileceğiniz Leasin,,,
kuveyt_turk-9a4c822ace07,kuveyt_turk,Ara Dönem Kâr Payı Ödemeli Hesaplar,https://www.kuveytturk.com.tr/kendim-icin/hesaplar/katilma-hesaplari/ara-donem-kar-payi-odemeli-hesaplar,Yatırım Ürünü Kampanyası,0.669,"eslesen alanlar: breadcrumb,govde","Uzun vadede yüksek getiri sağlayan hesaplar, katılımcılar için ideal ürünler olma özelliğine sahiptir. Siz de yatırımlarınızı uzun vadede değerlendirirken ara dönemlerde kâr payı ödemelerinizi almak ve uzun vadede daha d",,,
kuveyt_turk-1208d74801d9,kuveyt_turk,"PLUS1000 Kodu ile Hesap Açın, Hemen Business Plus Kart’a Başvurun!",https://www.kuveytturk.com.tr/trendyol-kampanyalari/qr-kodu-taratin-hemen-business-plus-karta-basvurun,Kart Kampanyası,0.75,"eslesen alanlar: baslik,breadcrumb","Kendim İçin İşim İçin PLUS1000 kodu ile hesap açın, Business Plus Kartınız ile Reklam Harcamasına toplamda 1000 TL indirim kazanın! Ayrıca 50.000 – 250.000 TL arasındaki ilk alışverişlerinizde 3 ay vade farksız taksitlen",,,
kuveyt_turk-e62b7088a421,kuveyt_turk,MoneyGram ve MoneyGram Masraf Tablosu,https://www.kuveytturk.com.tr/kendim-icin/odemeler-ve-hizmetler/diger-hizmetler/moneygram-ve-moneygram-masraf-tablosu,Diğer / Kampanya Değil,0.7,kampanya sayfasi degil,Yurt dışındaki bir yakınınıza acilen para göndermek istediğinizde MoneyGram’ı tercih edebilirsiniz. MoneyGram Nedir? MoneyGram vasıtasıyla dünyanın 200 ülkesine kısa süre içerisinde para gönderebilirsiniz. MoneyGram ile,,,
kuveyt_turk-b0edd42b36f6,kuveyt_turk,Kart Kampanyaları,https://www.kuveytturk.com.tr/kampanyalar/isim-icin/kart-kampanyalari,Kart Kampanyası,0.794,"eslesen alanlar: url,baslik,govde",Kendim İçin İşim İçin Kampanya Arşivi Kampanya Aralığı: 13 Ağustos 2026 - 31 Ağustos 2026 Akaryakıt Sektöründe Sağlam Oran! Kuveyt Türk Tüm Tüzel Kartları ile 500 – 300.00 Arası Akaryakıt Taksitli Harcamalarınıza %2.99 V,,,
kuveyt_turk-b5cb2ca0d03e,kuveyt_turk,Kart Kampanyaları,https://www.kuveytturk.com.tr/kampanyalar/kendim-icin/kart-kampanyalari,Kart Kampanyası,0.797,"eslesen alanlar: url,baslik,govde",Kendim İçin İşim İçin Kampanya Arşivi Kampanya Aralığı: 1 Ağustos 2026 - 31 Ağustos 2026 Yeni Sağlam Kart Troy'lulara Özel Vade Farksız 5 Aya Varan Taksit İmkanı! Yeni Sağlam Kart Troy müşterilerine özel 50.000 TL'ye kad,,,
kuveyt_turk-97b3a1d90b70,kuveyt_turk,Finansman Kampanyaları,https://www.kuveytturk.com.tr/kampanyalar/kendim-icin/finansman-kampanyalari,Finansman Kampanyası,0.741,"eslesen alanlar: url,baslik,govde",Kendim İçin İşim İçin Kendim İçin İşim İçin Kampanya Arşivi Kampanya Aralığı: 20 Ocak 2026 - 31 Aralık 2026 Taksitlio’da Yeni Müşterilere Özel Kuveyt Türk Alışveriş Finansmanı Fırsatı! Taksitlio’nun anlaşmalı olduğu mağa,,,
kuveyt_turk-cc7f8eed9d5d,kuveyt_turk,Vaillant’ta 12 Taksit Fırsatı!,https://www.kuveytturk.com.tr/kampanyalar/kendim-icin/kart-kampanyalari/vaillantta-12-taksit-firsati,Kart Kampanyası,0.804,"eslesen alanlar: url,baslik,breadcrumb,govde",Kuveyt Türk Bireysel Kredi Kartları ile 31 Aralık 2026 tarihine kadar Vaillant'ta yapacağınız alışverişlerinizde 12 aya varan taksit imkanı sizleri bekliyor. İşlemlerin taksitli olabilmesi için ödeme anında taksitli seçi,,,
kuveyt_turk-c340954e919f,kuveyt_turk,Akaryakıt Sektöründe Sağlam Oran!,https://www.kuveytturk.com.tr/kampanyalar/isim-icin/kart-kampanyalari/akaryakit-sektorunde-saglam-oran,Kart Kampanyası,0.825,"eslesen alanlar: url,breadcrumb,govde","İhtiyaçlarınızı her zaman düşünüyoruz! Kuveyt Türk Tüzel Kartlarınızdan 31 Ağustos'a kadar yapacağınız akaryakıt harcamalarınızda %2,99 oran fırsatı sizi bekliyor! NASIL YARARLANILIR? Kuveyt Türk Mobil 'e giriş yaparak h",,,
kuveyt_turk-6b1430f84ae7,kuveyt_turk,Barçın Spor’da 4 Taksit Fırsatı!,https://www.kuveytturk.com.tr/kampanyalar/kendim-icin/kart-kampanyalari/barcin-sporda-4-taksit-firsati,Kart Kampanyası,0.804,"eslesen alanlar: url,baslik,breadcrumb,govde",Kuveyt Türk Bireysel Kredi Kartları ile 31 Aralık 2026 tarihine kadar Barçın Spor’da yapacağınız alışverişlerinizde 4 aya varan taksit imkanı sizi bekliyor. Kampanyaya tüm Kuveyt Türk Bireysel Kredi Kartları (Miles & Smi,,,
kuveyt_turk-c5414f489829,kuveyt_turk,Demirdöküm’de 12 Taksit Fırsatı!,https://www.kuveytturk.com.tr/kampanyalar/kendim-icin/kart-kampanyalari/demirdokumde-12-taksit-firsati,Kart Kampanyası,0.804,"eslesen alanlar: url,baslik,breadcrumb,govde",Kuveyt Türk bireysel kredi kartları ile 31 Aralık 2026 tarihine kadar Demirdöküm’den yapacağınız alışverişlerinizde 12 aya varan taksit imkanı sizi bekliyor. Kampanyaya tüm Kuveyt Türk Bireysel Kredi Kartları (Miles & Sm,,,
kuveyt_turk-2f4f3a7d6264,kuveyt_turk,Bella Maison'da %25 İndirim Fırsatı!,https://www.kuveytturk.com.tr/kampanyalar/kendim-icin/kart-kampanyalari/bella-maisonda-25-indirim-firsati,Kart Kampanyası,0.795,"eslesen alanlar: url,breadcrumb,govde","Kuveyt Türk bireysel kredi kartları, 31 Temmuz 2026 tarihine kadar Bella Maison resmi web sitesi üzerinden yapacağınız taksitli alışverişlerde %25 indirim ve vade farksız 3 aya varan taksit imkanı sunuyor. NASIL YARARLAN",,,
kuveyt_turk-0e48e4cd0d6f,kuveyt_turk,Weltew’de 9 Aya Varan Taksit Fırsatı!,https://www.kuveytturk.com.tr/kampanyalar/kendim-icin/kart-kampanyalari/weltewde-9-aya-varan-taksit-firsati,Kart Kampanyası,0.804,"eslesen alanlar: url,baslik,breadcrumb,govde",Kuveyt Türk bireysel kredi kartları ile 31 Aralık 2026’e kadar Weltew mağazaları ve resmi web sitesinde yapacağınız alışverişlerinizde 9 aya varan taksit imkanı sizi bekliyor. Kampanyaya tüm Kuveyt Türk Bireysel Kredi Ka,,,
kuveyt_turk-f4b084930093,kuveyt_turk,Lazzoni’de 9 Aya Varan Taksit Fırsatı!,https://www.kuveytturk.com.tr/kampanyalar/kendim-icin/kart-kampanyalari/lazzonide-9-aya-varan-taksit-firsati,Kart Kampanyası,0.804,"eslesen alanlar: url,baslik,breadcrumb,govde",Kuveyt Türk bireysel kredi kartları ile 31 Aralık 2026 tarihine kadar Lazzoni mağazalarında yapacağınız alışverişlerinizde 9 aya varan taksit imkanı sizi bekliyor. Kampanyaya tüm Kuveyt Türk Bireysel Kredi Kartları (Mile,,,
kuveyt_turk-d3eb0a671024,kuveyt_turk,Gürgençler'de 9 Aya Varan Taksit İmkanı!,https://www.kuveytturk.com.tr/kampanyalar/kendim-icin/kart-kampanyalari/gurgenclerde-9-aya-varan-taksit-imkani,Kart Kampanyası,0.792,"eslesen alanlar: url,breadcrumb,govde","Kuveyt Türk Bireysel Kredi Kartları, 31 Aralık 2026 tarihine kadar Gürgençler Bilişim mağazalarında ve web sitesinde yapacağınız alışverişlerde vade farksız 9 taksite varan imkanlar sunuyor. Kampanyaya Kuveyt Türk Bireys",,,
kuveyt_turk-0751c2d90a2b,kuveyt_turk,Sağlık Harcamalarınıza 5 Taksit İmkanı,https://www.kuveytturk.com.tr/kampanyalar/kendim-icin/kart-kampanyalari/saglik-harcamalariniza-5-taksit-imkani,Kart Kampanyası,0.825,"eslesen alanlar: url,breadcrumb,govde",Sağlam Kart Sağlık Kampanyası Artık Kuveyt Türk Mobil ’de! Sağlam Kart ile istediğiniz iki adet sağlık harcamanızı işlem sonrasında Kuveyt Türk Mobil üzerinden vade farksız bir şekilde 2 ila 5 taksite bölebilirsiniz. 1.0,,,
kuveyt_turk-b6f9f5e72db2,kuveyt_turk,Eğitim Harcamalarınıza 5 Taksit İmkanı,https://www.kuveytturk.com.tr/kampanyalar/kendim-icin/kart-kampanyalari/egitim-harcamalariniza-5-taksit-imkani,Kart Kampanyası,0.825,"eslesen alanlar: url,breadcrumb,govde",Sağlam Kart Eğitim Kampanyası Artık Kuveyt Türk Mobil ’de! Sağlam Kart ile istediğiniz iki adet eğitim harcamanızı işlem sonrasında Kuveyt Türk Mobil üzerinden vade farksız bir şekilde 2 ila 5 taksite bölebilirsiniz. 1.0,,,
kuveyt_turk-31e028f7f3ff,kuveyt_turk,İşbir Yatak ile 6’ya Varan Taksit İmkanı!,https://www.kuveytturk.com.tr/kampanyalar/kendim-icin/kart-kampanyalari/isbir-yatak-ile-6ya-varan-taksit-imkani,Kart Kampanyası,0.795,"eslesen alanlar: url,breadcrumb,govde","Kuveyt Türk Kredi Kartları ile, 31 Aralık 2026 tarihine kadar Yataş grubu markaları üzerinden mağazalarda yapacağınız alışverişlerinizde peşin fiyatına 6 aya varan taksit imkanı sunuyor. Kuveyt Türk Kredi Kartları, 31 Ar",,,
kuveyt_turk-bcd8184de720,kuveyt_turk,İdefix'te 3.000 TL'ye Varan İndirim Fırsatı!,https://www.kuveytturk.com.tr/kampanyalar/kendim-icin/kart-kampanyalari/idefixte-3000-tlye-varan-indirim-firsati,Kart Kampanyası,0.795,"eslesen alanlar: url,breadcrumb,govde","Troy logolu Kuveyt Türk bireysel kredi kartları ve banka kartları ile 31 Ağustos 2026 tarihine kadar İdefix üzerinden tek seferde yapacağınız 1.000 TL ve üzeri alışverişlerinize 200 TL, toplamda 3.000 TL'ye varan indirim",,,
kuveyt_turk-05738afe6e71,kuveyt_turk,Kuba Motor’da 12 Aya Varan Taksit Fırsatı!,https://www.kuveytturk.com.tr/kampanyalar/kendim-icin/kart-kampanyalari/kuba-motorda-12-aya-varan-taksit-firsati,Kart Kampanyası,0.804,"eslesen alanlar: url,baslik,breadcrumb,govde",Kuveyt Türk Bireysel Kredi Kartları ile 31 Aralık 2026 tarihine kadar Kuba Motor’da yapacağınız alışverişlerinizde 12 aya varan taksit imkanı sizi bekliyor. Kampanyaya tüm Kuveyt Türk Bireysel Kredi Kartları (Miles & Smi,,,
kuveyt_turk-9a9eb4fb999f,kuveyt_turk,Desa Grup’ta Vade Farksız 2 Taksit Fırsatı,https://www.kuveytturk.com.tr/kampanyalar/kendim-icin/kart-kampanyalari/desa-grupta-vade-farksiz-2-taksit-firsati,Kart Kampanyası,0.804,"eslesen alanlar: url,baslik,breadcrumb,govde","Kuveyt Türk bireysel kredi kartları ile 31 Aralık 2026 tarihine kadar Desa Grubun (Samsonite, Desa , Adesa) mağazalarında yapacağınız alışverişlerinizde vade farksız 2 taksit imkanı sizi bekliyor. Kampanyaya Kuveyt Türk",,,
kuveyt_turk-414f1a100eb5,kuveyt_turk,Doğtaş Grubu'nda 5 Aya Varan Taksit İmkanı!,https://www.kuveytturk.com.tr/kampanyalar/kendim-icin/kart-kampanyalari/dogtas-grubunda-5-aya-varan-taksit-imkani,Kart Kampanyası,0.795,"eslesen alanlar: url,breadcrumb,govde","Kuveyt Türk Bireysel Kredi Kartları ile, 31 Aralık 2026 tarihine kadar Doğtaş , Kelebek , Lova markaları üzerinden mağaza ve resmi web sitesinden yapacağınız alışverişlerinizde 5 aya varan taksit imkanı sunuyor. İşlemler",,,
kuveyt_turk-23402864e008,kuveyt_turk,Konyalı Saat ile 7 Aya Varan Taksit İmkanı!,https://www.kuveytturk.com.tr/kampanyalar/kendim-icin/kart-kampanyalari/konyali-saat-ile-7-aya-varan-taksit-imkani,Kart Kampanyası,0.795,"eslesen alanlar: url,breadcrumb,govde","Kuveyt Türk Kredi Kartları, 31 Aralık 2026 tarihine kadar Konyalı Saat mağazaları ve web sitesi üzerinden yapacağınız alışverişlerinizde vade farksız 7 aya varan taksit imkanı sunuyor. Kampanyaya Kuveyt Türk Bireysel Kre",,,
kuveyt_turk-6fe1cfa7ed17,kuveyt_turk,Yolcu360'ta Araç Kiralamada İndirim Fırsatı!,https://www.kuveytturk.com.tr/kampanyalar/kendim-icin/kart-kampanyalari/yolcu360ta-arac-kiralamada-indirim-firsati,Kart Kampanyası,0.795,"eslesen alanlar: url,breadcrumb,govde","Araç Kiralama İndirim Kampanyası Detaylar: Kampanya son geçerlilik tarihi: 31 Aralık 2026 İndirim, 1-29 gün arası kiralamalarda geçerlidir. Aylık ve uzun dönem kiralamaları kapsamamaktadır. Tüm Bireysel Kuveyt Türk kartl",,,
kuveyt_turk-f7ad3ea3b31a,kuveyt_turk,Hisse Senedi İşlemleriniz Mil'lere Dönüşsün,https://www.kuveytturk.com.tr/kampanyalar/kendim-icin/kart-kampanyalari/hisse-senedi-islemleriniz-millere-donussun,Yatırım Ürünü Kampanyası,0.705,"eslesen alanlar: url,baslik,govde",Kampanya Koşulları Kampanya kapsamında 01.06.2026 ile 31.08.2026 tarihleri arasında Borsa İstanbul pay senedi işlemlerine yönelik olarak; daha önce kurumumuzda hiç işlem gerçekleştirmemiş mevcut müşteriler ile kaldıraçlı,,,
kuveyt_turk-3c2f1e72c1b4,kuveyt_turk,Tarımda Kuveyt Türk ile Büyüme Zamanı!,https://www.kuveytturk.com.tr/kampanyalar/kendim-icin/finansman-kampanyalari/tarimda-kuveyt-turk-ile-buyume-zamani,Finansman Kampanyası,0.738,"eslesen alanlar: url,breadcrumb,govde","Tarımda Kuveyt Türk ile büyüme zamanı! Tarım makineleri, ekipman ve üretim yatırımlarında Leasing finansmanı ile bütçeni koru, nakit akışını planla! Esnek ödeme seçenekleri ve ödemesiz dönem avantajı sayesinde, hasat zam",,,
kuveyt_turk-27880adb2b37,kuveyt_turk,Almila Mobilya’da 9 Aya Varan Taksit Fırsatı!,https://www.kuveytturk.com.tr/kampanyalar/kendim-icin/kart-kampanyalari/almila-mobilyada-9-aya-varan-taksit-firsati,Kart Kampanyası,0.804,"eslesen alanlar: url,baslik,breadcrumb,govde",Kuveyt Türk bireysel kredi kartları ile 31 Aralık 2026’e kadar Almila Mobilya mağazaları ve resmî web sitesinde yapacağınız alışverişlerinizde 9 aya varan taksit imkânı sizi bekliyor. Kampanyaya tüm Kuveyt Türk Bireysel,,,
kuveyt_turk-ba69b8aeda7e,kuveyt_turk,Kuveyt Türk’ten KFK Destekli Yatırım Finansmanı!,https://www.kuveytturk.com.tr/kampanyalar/isim-icin/kobi-kampanyalari/kuveyt-turkten-kfk-destekli-yatirim-finansmani,Yatırım Ürünü Kampanyası,0.698,"eslesen alanlar: url,baslik,govde","KFK (Katılım Finans Kefalet Kurumu) destekli yatırım finansman paketiyle uzun vadeli yatırım ihtiyaçlarınızı karşılayın, 6 aya kadar ödemesiz dönem ve 60 aya varan vade imkânı ile işletmenizi büyütürken nakit akışınızı r",,,
kuveyt_turk-d8b8cb4d77c6,kuveyt_turk,Wome Deluxe Hotel’de 9 Aya Varan Taksit Fırsatı!,https://www.kuveytturk.com.tr/kampanyalar/kendim-icin/kart-kampanyalari/wome-deluxe-hotelde-9-aya-varan-taksit-firsati,Kart Kampanyası,0.804,"eslesen alanlar: url,baslik,breadcrumb,govde","Kuveyt Türk kredi kartları, 31 Aralık 2026 tarihine kadar Wome Deluxe’ten yapacağınız harcamalarınızda vade farksız 9'a varan taksit imkanı sunuyor. Kampanyaya tüm Kuveyt Türk Bireysel Kredi Kartları (Miles & Smiles Kuve",,,
kuveyt_turk-55f01fc00379,kuveyt_turk,İmza’da Vade Farksız 6 Aya Varan Taksit Fırsatı,https://www.kuveytturk.com.tr/kampanyalar/kendim-icin/kart-kampanyalari/imzada-vade-farksiz-6-aya-varan-taksit-firsati,Kart Kampanyası,0.804,"eslesen alanlar: url,baslik,breadcrumb,govde",Kuveyt Türk bireysel kredi kartları ile 31 Aralık 2026 tarihine kadar İmza mağazalarında yapacağınız alışverişlerinizde vade farksız 6 aya varan taksit imkanı sizi bekliyor. Kampanyaya tüm Kuveyt Türk Bireysel Kredi Kart,,,
kuveyt_turk-4ed573441e66,kuveyt_turk,Monster Notebook'ta 12 Aya Varan Taksit Fırsatı!,https://www.kuveytturk.com.tr/kampanyalar/kendim-icin/kart-kampanyalari/monster-notebookta-12-aya-varan-taksit-firsati,Kart Kampanyası,0.804,"eslesen alanlar: url,baslik,breadcrumb,govde","Kuveyt Türk Kredi Kartları ile 31 Ağustos 2026 tarihine kadar Monster Notebook’tan yapacağınız alışverişlerinizde 90.000 TL'ye kadar vade farksız 6 taksit, 90.000 TL ve üzeri alışverişlerde 9 taksit, 120.000 TL ve üzeri",,,
kuveyt_turk-aef9b19c905f,kuveyt_turk,Araç Finansmanı Onaylanan KOBİ’lere HGS Kampanyası,https://www.kuveytturk.com.tr/kampanyalar/isim-icin/kobi-kampanyalari/arac-finansmani-onaylanan-kobilere-hgs-kampanyasi,Taşıt Finansmanı Kampanyası,0.796,"eslesen alanlar: url,baslik,govde","Araç Finansmanı Onaylanan KOBİ’lere HGS Kampanyası ile yeni araç almayı düşünen, araç finansmanına ihtiyaç duyan, hâlihazırda aracı olup yenileme/daha üst modele geçmeyi düşünen KOBİ müşterilerimize araç finansmanları on",,,
kuveyt_turk-72c59f2d3d50,kuveyt_turk,Fakir’de Vade Farksız 3 Aya Varan Taksit Fırsatı,https://www.kuveytturk.com.tr/kampanyalar/kendim-icin/kart-kampanyalari/fakirde-vade-farksiz-3-aya-varan-taksit-firsati,Kart Kampanyası,0.804,"eslesen alanlar: url,baslik,breadcrumb,govde",Kuveyt Türk bireysel kredi kartları ile 31 Aralık 2026 tarihine kadar Fakir’den yapacağınız alışverişlerinizde vade farksız 3 aya varan taksit imkanı sizi bekliyor. Kampanyaya tüm Kuveyt Türk Bireysel Kredi Kartları (Mil,,,
kuveyt_turk-971c55539968,kuveyt_turk,Civil’de Vade Farksız 4 Aya Varan Taksit Fırsatı,https://www.kuveytturk.com.tr/kampanyalar/kendim-icin/kart-kampanyalari/civilde-vade-farksiz-4-aya-varan-taksit-firsati,Kart Kampanyası,0.804,"eslesen alanlar: url,baslik,breadcrumb,govde",Kuveyt Türk bireysel kredi kartları ile 31 Aralık 2026 tarihine kadar Civil resmi web sitesinde yapacağınız alışverişlerinizde vade farksız 4 aya varan taksit imkanı sizi bekliyor. Kampanyaya tüm Kuveyt Türk Bireysel Kre,,,
kuveyt_turk-03982c3ea73a,kuveyt_turk,Tergan’da Vade Farksız 3 Aya Varan Taksit Fırsatı!,https://www.kuveytturk.com.tr/kampanyalar/kendim-icin/kart-kampanyalari/terganda-vade-farksiz-3-aya-varan-taksit-firsati,Kart Kampanyası,0.804,"eslesen alanlar: url,baslik,breadcrumb,govde",Kuveyt Türk bireysel kredi kartları ile 31 Aralık 2026 tarihine kadar Tergan’dan yapacağınız alışverişlerinizde vade farksız 3 aya varan taksit imkanı sizi bekliyor. Kampanyaya tüm Kuveyt Türk Bireysel Kredi Kartları (Mi,,,
kuveyt_turk-ce7b1a8a6656,kuveyt_turk,Ramsey’de Vade Farksız 4 Aya Varan Taksit Fırsatı!,https://www.kuveytturk.com.tr/kampanyalar/kendim-icin/kart-kampanyalari/ramseyde-vade-farksiz-4-aya-varan-taksit-firsati,Kart Kampanyası,0.804,"eslesen alanlar: url,baslik,breadcrumb,govde",Kuveyt Türk kredi kartları ile 31 Aralık 2026 tarihine kadar Ramsey ve Kip’ten yapacağınız alışverişlerinizde vade farksız 4 aya varan taksit imkanı sizi bekliyor. Kampanyaya tüm Kuveyt Türk Bireysel Kredi Kartları (Mile,,,
kuveyt_turk-b561276adeda,kuveyt_turk,Kiğılı’da Vade Farksız 4 Aya Varan Taksit Fırsatı!,https://www.kuveytturk.com.tr/kampanyalar/kendim-icin/kart-kampanyalari/kigilida-vade-farksiz-4-aya-varan-taksit-firsati,Kart Kampanyası,0.804,"eslesen alanlar: url,baslik,breadcrumb,govde",Kuveyt Türk bireysel kredi kartları ile 31 Aralık 2026 tarihine kadar Kiğılı resmi web sitesinde yapacağınız alışverişlerinizde vade farksız 4 aya varan taksit imkanı sizi bekliyor. Kampanyaya tüm Kuveyt Türk Bireysel Kr,,,
kuveyt_turk-61640905355d,kuveyt_turk,Koçtaş’ta Vade Farksız 6 Aya Varan Taksit Fırsatı!,https://www.kuveytturk.com.tr/kampanyalar/kendim-icin/kart-kampanyalari/koctasta-vade-farksiz-6-aya-varan-taksit-firsati,Kart Kampanyası,0.804,"eslesen alanlar: url,baslik,breadcrumb,govde",Kuveyt Türk bireysel kredi kartları ile 31 Aralık 2026 tarihine kadar Koçtaş resmi web sitesinde yapacağınız 10.000 TL ve üzeri alışverişlerinizde vade farksız 6 aya varan taksit imkanı sizi bekliyor. Kampanyaya tüm Kuve,,,
kuveyt_turk-68217f2bb683,kuveyt_turk,Vatan Bilgisayar’da Vade Farksız 3 Taksit Fırsatı!,https://www.kuveytturk.com.tr/kampanyalar/kendim-icin/kart-kampanyalari/vatan-bilgisayarda-vade-farksiz-3-taksit-firsati,Kart Kampanyası,0.804,"eslesen alanlar: url,baslik,breadcrumb,govde",Kuveyt Türk bireysel kredi kartları ile 31 Aralık 2026 tarihine kadar Vatan Bilgisayar’da yapacağınız alışverişlerinizde vade farksız 3 aya varan taksit imkanı sizi bekliyor. Kampanyaya tüm Kuveyt Türk Bireysel Kredi Kar,,,
kuveyt_turk-1be048d318e7,kuveyt_turk,Beymen’de Vade Farksız 4 Aya Varan Taksit Fırsatı,https://www.kuveytturk.com.tr/kampanyalar/kendim-icin/kart-kampanyalari/beymende-vade-farksiz-4-aya-varan-taksit-firsati,Kart Kampanyası,0.804,"eslesen alanlar: url,baslik,breadcrumb,govde",Kuveyt Türk bireysel kredi kartları ile 31 Aralık 2026’ya kadar Beymen resmi web sitesinde yapacağınız alışverişlerinizde 4 aya varan taksit imkanı sizi bekliyor. Kampanyaya tüm Kuveyt Türk Bireysel Kredi Kartları (Miles,,,
kuveyt_turk-2dddae7c13e1,kuveyt_turk,Aradığınız sayfaya ulaşılamıyor,https://www.kuveytturk.com.tr/kampanyalar/kendim-icin/kart-kampanyalari/konforda-vade-farksiz-9-aya-varan-taksit-firsati,Kart Kampanyası,0.675,eslesen alanlar: url,"Kendim İçin İşim İçin Aradığınız sayfaya ulaşılamıyor Aradığınız sayfa sitemizden kaldırılmış ya da adresi (URL) değiştirilmiş olabilir. Bu sayfaya sitemiz üstündeki başka bir linke, butona ya da yönlendirmeye tıklayarak",,,
kuveyt_turk-d656cc7017c2,kuveyt_turk,Kuveyt Türk'lülere Windy Car'da %30 İndirim Fırsatı!,https://www.kuveytturk.com.tr/kampanyalar/kendim-icin/kart-kampanyalari/kuveyt-turklulere-windy-carda-30-indirim-firsati,Kart Kampanyası,0.795,"eslesen alanlar: url,breadcrumb,govde",Kuveyt Türk Bireysel ve Tüzel Kredi Kartlarınızla WindyCar’da %30 indirim fırsatı sizi bekliyor! 0 Muafiyet Güvencesi dahil avantajlı fiyatlarla araç kiralayın. NASIL YARARLANILIR? www.windycar.com.tr üzerinden araç seçi,,,
kuveyt_turk-f41808b16dd9,kuveyt_turk,Colin’s’de Vade Farksız 4 Aya Varan Taksit Fırsatı,https://www.kuveytturk.com.tr/kampanyalar/kendim-icin/kart-kampanyalari/colinsde-vade-farksiz-4-aya-varan-taksit-firsati,Kart Kampanyası,0.804,"eslesen alanlar: url,baslik,breadcrumb,govde",Kuveyt Türk bireysel kredi kartları ile 31 Aralık 2026 tarihine kadar Colin’s resmi web sitesinde ve mağazalarında yapacağınız alışverişlerinizde vade farksız 4 aya varan taksit imkanı sizi bekliyor. Kampanyaya tüm Kuvey,,,
kuveyt_turk-9da40f71c4ab,kuveyt_turk,Enplus ile 3 Aya Varan Vade Farksız Taksit İmkanı!,https://www.kuveytturk.com.tr/kampanyalar/kendim-icin/kart-kampanyalari/enplus-ile-3-aya-varan-vade-farksiz-taksit-imkani,Kart Kampanyası,0.795,"eslesen alanlar: url,breadcrumb,govde",Kuveyt Türk Kredi Kartları ile Enplus mağazalarından yapacağınız alışverişlerinizde vade farksız 3 aya varan taksit imkanı sizi bekliyor. Enplus web sitesi üzerinden yapacağınız alışverişlere vade farksız 3 aya varan tak,,,
kuveyt_turk-98b771153f24,kuveyt_turk,Korayspor ile Vade Farksız 4'e Varan Taksit İmkanı!,https://www.kuveytturk.com.tr/kampanyalar/kendim-icin/kart-kampanyalari/korayspor-ile-vade-farksiz-4e-varan-taksit-imkani,Kart Kampanyası,0.795,"eslesen alanlar: url,breadcrumb,govde","Kuveyt Türk Bireysel Kredi Kartları, 31 Aralık 2026 tarihine kadar Korayspor mağazaları ve web sitesi üzerinden yapacağınız alışverişlerinizde vade farksız 4’e varan taksit imkanı sunuyor. Kampanyaya tüm Kuveyt Türk Bire",,,
kuveyt_turk-24f507c051df,kuveyt_turk,Sağlam Kart Sahipleri Halalbooking'de de Avantajlı!,https://www.kuveytturk.com.tr/kampanyalar/kendim-icin/kart-kampanyalari/saglam-kart-sahipleri-halalbookingde-de-avantajli,Kart Kampanyası,0.804,"eslesen alanlar: url,baslik,breadcrumb,govde","31 Aralık 2026 tarihine kadar yapacağınız tatil harcamalarınızda 9 aya varan taksit avantajından yararlanabilir, Halalbooking’e kaydolurken 1.000 TL değerinde indirim kazanabilirsiniz. İndirim kampanyası Halalbooking’e i",,,
kuveyt_turk-2e83cddce07e,kuveyt_turk,Avansas’da Vade Farksız 5 Aya Varan Taksit Fırsatı!,https://www.kuveytturk.com.tr/kampanyalar/kendim-icin/kart-kampanyalari/avansasda-vade-farksiz-5-aya-varan-taksit-firsati,Kart Kampanyası,0.804,"eslesen alanlar: url,baslik,breadcrumb,govde",Kuveyt Türk kredi kartları ile 31 Aralık 2026 tarihine kadar Avansas resmi web sitesinde yapacağınız alışverişlerinizde vade farksız 5 aya varan taksit imkanı sizi bekliyor. Kampanyaya Kuveyt Türk Kredi Kartları (Miles &,,,
kuveyt_turk-7c9bea9e8dca,kuveyt_turk,Hantech’de Vade Farksız 9 Aya Varan Taksit Fırsatı!,https://www.kuveytturk.com.tr/kampanyalar/kendim-icin/kart-kampanyalari/hantechde-vade-farksiz-9-aya-varan-taksit-firsati,Kart Kampanyası,0.804,"eslesen alanlar: url,baslik,breadcrumb,govde",Kuveyt Türk kredi kartları ile 31 Aralık 2026 tarihine kadar yetkili Hantech satış mağazalarında yapacağınız alışverişlerinizde vade farksız 9 aya varan taksit imkanı sizi bekliyor. Kampanyaya tüm Bireysel Kuveyt Türk Kr,,,
kuveyt_turk-5acf732b1452,kuveyt_turk,EasyCep‘te Vade Farksız 9 Aya Varan Taksit Fırsatı!,https://www.kuveytturk.com.tr/kampanyalar/kendim-icin/kart-kampanyalari/easycepte-vade-farksiz-9-aya-varan-taksit-firsati,Kart Kampanyası,0.804,"eslesen alanlar: url,baslik,breadcrumb,govde",Kuveyt Türk bireysel kredi kartları ile 31 Ağustos 2026’a kadar EasyCep ’ten yapacağınız alışverişlerinizde vade farksız 9 aya varan taksit imkanı sizi bekliyor. Kampanyaya Kuveyt Türk Bireysel Kredi Kartları (Miles & Sm,,,
kuveyt_turk-7cfc37bd97f6,kuveyt_turk,Columbia’da Vade Farksız 6 Aya Varan Taksit Fırsatı,https://www.kuveytturk.com.tr/kampanyalar/kendim-icin/kart-kampanyalari/columbiada-vade-farksiz-6-aya-varan-taksit-firsati,Kart Kampanyası,0.804,"eslesen alanlar: url,baslik,breadcrumb,govde",Kuveyt Türk bireysel kredi kartları ile 31 Aralık 2026 tarihine kadar Columbia ve The Moose Bay’den yapacağınız alışverişlerinizde vade farksız 6 aya varan taksit imkanı sizi bekliyor. Kampanyaya tüm Kuveyt Türk Bireysel,,,
kuveyt_turk-4025ce91f517,kuveyt_turk,Divarese’de Vade Farksız 4 Aya Varan Taksit Fırsatı!,https://www.kuveytturk.com.tr/kampanyalar/kendim-icin/kart-kampanyalari/divaresede-vade-farksiz-4-aya-varan-taksit-firsati,Kart Kampanyası,0.804,"eslesen alanlar: url,baslik,breadcrumb,govde",Kuveyt Türk bireysel kredi kartları ile 31 Aralık 2026 tarihine kadar Divarese resmi web sitesinde yapacağınız alışverişlerinizde vade farksız 4 aya varan taksit imkanı sizi bekliyor. Kampanyaya tüm Kuveyt Türk Bireysel,,,
kuveyt_turk-fb41ef94c583,kuveyt_turk,Eğitim ve Sağlık Harcamalarınızda 5 Taksit Fırsatı!,https://www.kuveytturk.com.tr/kampanyalar/kendim-icin/kart-kampanyalari/egitim-ve-saglik-harcamalarinizda-5-taksit-firsati,Kart Kampanyası,0.825,"eslesen alanlar: url,baslik,breadcrumb,govde",Sağlam Kart ile istediğiniz iki adet eğitim ve sağlık harcamanızı işlem sonrasında Kuveyt Türk Mobil üzerinden vade farksız bir şekilde 2 ila 5 taksite bölebilirsiniz. 1.000 TL ve üzeri taksitlendirmeye uygun işlemlerini,,,
kuveyt_turk-674da0b75ca1,kuveyt_turk,Kuveyt Türk ile E-İhracat Gönderilerinizde Mil Kazanın!,https://www.kuveytturk.com.tr/kampanyalar/isim-icin/kart-kampanyalari/kuveyt-turk-ile-e-ihracat-gonderilerinizde-mil-kazanin,Alışveriş Puanı Kampanyası,0.753,"eslesen alanlar: url,baslik,govde","Kuveyt Türk Miles&Smiles kartlarınızla yapacağınız e-ihracat kargo harcamalarınız mile dönüşüyor. Harcamalarınızdan her ay %10, ayda maksimum 10.000 Mil kazanarak yıl sonuna kadar 60.000 Mil kazanma fırsatını yakalayabil",,,
kuveyt_turk-177aa5f28162,kuveyt_turk,Yenilio'ya Özel Vade Farksız 12'ye Varan Taksit İmkanı!,https://www.kuveytturk.com.tr/kampanyalar/kendim-icin/kart-kampanyalari/yenilioya-ozel-vade-farksiz-12ye-varan-taksit-imkani,Kart Kampanyası,0.795,"eslesen alanlar: url,breadcrumb,govde","Kuveyt Türk Bireysel Kredi kartları, 31 Aralık 2026 tarihine kadar Yenilio mağazaları ve web sitesi üzerinden yapacağınız alışverişlerinizde vade farksız 12'ye varan taksit imkanı sunuyor. Kampanyaya tüm Kuveyt Türk bire",,,
kuveyt_turk-ff83c6047721,kuveyt_turk,Altınyıldız Classics'te Vade Farksız 2 Taksit Fırsatı,https://www.kuveytturk.com.tr/kampanyalar/kendim-icin/kart-kampanyalari/altinyildiz-classicste-vade-farksiz-2-taksit-firsati,Kart Kampanyası,0.804,"eslesen alanlar: url,baslik,breadcrumb,govde",Kuveyt Türk bireysel kredi kartları ile 31 Aralık 2026 tarihine kadar Altınyıldız Classisc resmi web sitesinde yapacağınız alışverişlerinizde vade farksız 2 taksit imkanı sizi bekliyor. Kampanyaya tüm Kuveyt Türk Bireyse,,,
kuveyt_turk-b20b4e7a73fc,kuveyt_turk,Yuki Motor’da Vade Farksız 12 Aya Varan Taksit Fırsatı,https://www.kuveytturk.com.tr/kampanyalar/kendim-icin/kart-kampanyalari/yuki-motorda-vade-farksiz-12-aya-varan-taksit-firsati,Kart Kampanyası,0.804,"eslesen alanlar: url,baslik,breadcrumb,govde",Kuveyt Türk bireysel kredi kartları ile 31 Aralık 2026 tarihine kadar Yuki Motor’da yapacağınız alışverişlerinizde vade farksız 12 aya varan taksit imkanı sizi bekliyor. Kampanyaya tüm Kuveyt Türk Bireysel Kredi Kartları,,,
kuveyt_turk-1a902b318ace,kuveyt_turk,Saat&Saat Alışverişlerinizde 5'e Varan Taksit İmkanı!,https://www.kuveytturk.com.tr/kampanyalar/kendim-icin/kart-kampanyalari/saatandsaat-alisverislerinizde-5e-varan-taksit-imkani,Kart Kampanyası,0.795,"eslesen alanlar: url,breadcrumb,govde","Kuveyt Türk Kredi Kartları, 31 Aralık tarihine kadar Saat&Saat mağazaları ve web sitesi üzerinden yapacağınız alışverişlerinizde vade farksız 5'e varan taksit imkanı sunuyor. Kampanyaya tüm Kuveyt Türk bireysel kredi kar",,,
kuveyt_turk-b62225921d97,kuveyt_turk,Gree Klima’da Vade Farksız 12 Aya Varan Taksit Fırsatı!,https://www.kuveytturk.com.tr/kampanyalar/kendim-icin/kart-kampanyalari/gree-klimada-vade-farksiz-12-aya-varan-taksit-firsati,Kart Kampanyası,0.804,"eslesen alanlar: url,baslik,breadcrumb,govde",Kuveyt Türk bireysel kredi kartları ile Gree TLC Klima mağazalarında ve resmi web sitesinde vade farksız 12 aya varan taksit imkanı sizi bekliyor. Kampanyaya tüm Kuveyt Türk Bireysel Kredi Kartları (Miles & Smiles Kuveyt,,,
kuveyt_turk-a1936b77f5a3,kuveyt_turk,"Proemtia Sağlam Bayi Kart: Tedarikte Güç, Ödemede Esneklik!",https://www.kuveytturk.com.tr/kampanyalar/isim-icin/kart-kampanyalari/proemtia-saglam-bayi-kart-tedarikte-guc-odemede-esneklik,Kart Kampanyası,0.825,"eslesen alanlar: url,baslik,breadcrumb,govde",Proemtia Sağlam Bayi Kart sahibi olacak müşterilerimize 100.000 TL ve üzeri ilk işleme özel %1 nakit iade kazanın. Proemtia web sitesini ziyaret etmek için buraya tıklayınız. Kampanya Detayları KOBİ'lere özel Proemtia Sa,,,
kuveyt_turk-4a6baee64eb0,kuveyt_turk,Lastikcim.com'da Vade Farksız 6 Aya Varan Taksit Fırsatı!,https://www.kuveytturk.com.tr/kampanyalar/kendim-icin/kart-kampanyalari/lastikcimcomda-vade-farksiz-6-aya-varan-taksit-firsati,Kart Kampanyası,0.804,"eslesen alanlar: url,baslik,breadcrumb,govde",Kuveyt Türk kredi kartıyla Lastikcim.com'da 6 aya varan vade farksız taksit imkanı sizleri bekliyor. Kampanyaya tüm Kuveyt Türk Kredi Kartları ile bu kartların sanal ve ek kartları dahildir. Mevzuatın öngördüğü taksit sa,,,
kuveyt_turk-42c817df7c5a,kuveyt_turk,Elçi Tur’dan Kuveyt Türk Müşterilerine Özel Yaz Fırsatı,https://www.kuveytturk.com.tr/kampanyalar/kendim-icin/kart-kampanyalari/elci-turdan-kuveyt-turk-musterilerine-ozel-yaz-firsati,Kart Kampanyası,0.795,"eslesen alanlar: url,breadcrumb,govde",Bu yaz tatil planlarınızı avantajla buluşturun. Kuveyt Türk Kredi Kartlarınızla Elçi Tur üzerinden yapacağınız seçili rezervasyonlarda indirim ve taksit fırsatlarından yararlanın. Kampanya kapsamında; Yıldızlı otellerde,,,
kuveyt_turk-e84abb83f41a,kuveyt_turk,Miles&Smiles Business Kart QR Ödeme ile Ekstra 4.000 Mil!,https://www.kuveytturk.com.tr/kampanyalar/isim-icin/kart-kampanyalari/milesandsmiles-business-kart-qr-odeme-ile-ekstra-4000-mil,Kart Kampanyası,0.801,"eslesen alanlar: url,baslik,breadcrumb,govde","Miles&Smiles Kuveyt Türk Business Kredi Kartları yıl sonuna kadar her ay sizlere mil kazandırıyor! QR kod kullanarak yaptığınız 5 .000 TL ve üzeri her harcamanızda ekstra %5, toplamda 4.000 Mil kazandırıyor. Kampanyaya K",,,
kuveyt_turk-1fb5665a70ec,kuveyt_turk,Adore Mobilya’da Vade Farksız 9 Aya Varan Taksit Fırsatı!,https://www.kuveytturk.com.tr/kampanyalar/kendim-icin/kart-kampanyalari/adore-mobilyada-vade-farksiz-9-aya-varan-taksit-firsati,Kart Kampanyası,0.804,"eslesen alanlar: url,baslik,breadcrumb,govde",Kuveyt Türk bireysel kredi kartları ile 31 Aralık 2026 tarihine kadar yetkili Adore mağazalarında yapacağınız alışverişlerinizde vade farksız 9 aya varan taksit imkanı sizi bekliyor. Kampanyaya tüm Kuveyt Türk Bireysel K,,,
kuveyt_turk-43cf1d1f0926,kuveyt_turk,Kuveyt Türk Mobil'den Pratik BES planınıza 2000 TL Hediye!,https://www.kuveytturk.com.tr/kampanyalar/kendim-icin/kart-kampanyalari/kuveyt-turk-mobilden-pratik-bes-planiniza-2000-tl-hediye,Kart Kampanyası,0.792,"eslesen alanlar: url,breadcrumb,govde","Kuveyt Türk Mobil 'den aylık minimum 2.000 TL’lik Pratik BES ürünü sözleşmesi yapıp, ödemesini Kuveyt Türk Bireysel Kredi Kartları üzerinden yapan müşterilerimize özel 2.000 TL iade yapılacaktır. Kampanyaya konu BES ürün",,,
kuveyt_turk-d9064acda8bd,kuveyt_turk,E-Ticaret Pazaryeri Satıcılarına Özel Vade Farksız 3 Taksit!,https://www.kuveytturk.com.tr/kampanyalar/isim-icin/kart-kampanyalari/e-ticaret-pazaryeri-saticilarina-ozel-vade-farksiz-3-taksit,Kart Kampanyası,0.825,"eslesen alanlar: url,breadcrumb,govde","Kampanyadan Kimler Faydalanabilir? E-Ticaret pazaryerlerinden satış yapan Esnaf, Şahıs Firması, Çiftçi, KOBİ ve Tüzel Kişiliklerin tamamı kampanyadan faydalanabilir. Gerçek kişiler kampanyadan faydalanamaz. Kampanyalar i",,,
kuveyt_turk-50b4567cf65c,kuveyt_turk,Gündoğdu Mobilya’da Vade Farksız 9 Aya Varan Taksit Fırsatı!,https://www.kuveytturk.com.tr/kampanyalar/kendim-icin/kart-kampanyalari/gundogdu-mobilyada-vade-farksiz-9-aya-varan-taksit-firsati,Kart Kampanyası,0.804,"eslesen alanlar: url,baslik,breadcrumb,govde",Kuveyt Türk bireysel kredi kartları ile 31 Aralık 2026 tarihine kadar Gündoğdu Mobilya mağazaları ve resmi web sitesinde yapacağınız alışverişlerinizde vade farksız 9 aya varan taksit imkanı sizi bekliyor. Kampanyaya tüm,,,
kuveyt_turk-99574cafd3bc,kuveyt_turk,Toptancı Harcamalarınıza Her Ay Ekstra 5.000 Mil'e Varan Fırsat!,https://www.kuveytturk.com.tr/kampanyalar/isim-icin/kart-kampanyalari/toptanci-harcamalariniza-her-ay-ekstra-5000-mile-varan-firsat,Kart Kampanyası,0.791,"eslesen alanlar: url,breadcrumb,govde","Müşteri Ol Miles&Smiles Kuveyt Türk Business Kredi Kartları ile toptancı harcamalarınızda yıl boyunca avantajlı şekilde mil biriktirebilirsiniz. Yıl sonuna kadar her ay, Miles&Smiles Kuveyt Türk Business kartınızla yapac",,,
kuveyt_turk-d0be9d27b81e,kuveyt_turk,Akaryakıt Harcamalarınıza Her Ay Ekstra 2.000 Mil'e Varan Fırsat!,https://www.kuveytturk.com.tr/kampanyalar/isim-icin/kart-kampanyalari/akaryakit-harcamalariniza-her-ay-ekstra-2000-mile-varan-firsat,Kart Kampanyası,0.791,"eslesen alanlar: url,breadcrumb,govde","Miles&Smiles Kuveyt Türk Business Kredi Kartları ile akaryakıt harcamalarınızda yıl boyunca avantajlı şekilde mil biriktirebilirsiniz. Yıl sonuna kadar her ay, Miles&Smiles Kuveyt Türk Business kartınızla yapacağınız 2.0",,,
kuveyt_turk-2edf97841165,kuveyt_turk,E-Ticaret Harcamalarınıza Her Ay Ekstra 2.000 Mil'e Varan Fırsat!,https://www.kuveytturk.com.tr/kampanyalar/isim-icin/kart-kampanyalari/e-ticaret-harcamalariniza-her-ay-ekstra-2000-mile-varan-firsat,Kart Kampanyası,0.791,"eslesen alanlar: url,breadcrumb,govde","Müşteri Ol Miles&Smiles Kuveyt Türk Business Kredi Kartları ile e-ticaret harcamalarınızda yıl boyunca avantajlı şekilde mil biriktirebilirsiniz. Yıl sonuna kadar her ay, Miles&Smiles Kuveyt Türk Business kartınızla yapa",,,
kuveyt_turk-27d40e2e0e9e,kuveyt_turk,Sağlam Tohum Kart QR Ödeme ile 2.000 TL' ye Varan İndirim Fırsatı!,https://www.kuveytturk.com.tr/kampanyalar/isim-icin/kart-kampanyalari/saglam-tohum-kart-qr-odeme-ile-2000-tl-ye-varan-indirim-firsati,Kart Kampanyası,0.804,"eslesen alanlar: url,baslik,breadcrumb,govde","Sağlam Tohum Kredi Kartları ile yıl sonuna kadar her ay QR kod kullanarak yaptığınız 1.000 TL ve üzeri her harcamanızda %5, toplamda 2.000 TL indirim kazandırıyor! Kampanya kazanımı müşteri bazlıdır. Kampanya Otomatik Ka",,,
kuveyt_turk-bc79744764ee,kuveyt_turk,Penelope ve Othello’da Vade Farksız 4 Aya Varan Taksit Fırsatı!,https://www.kuveytturk.com.tr/kampanyalar/kendim-icin/kart-kampanyalari/penelope-ve-othelloda-vade-farksiz-4-aya-varan-taksit-firsati,Kart Kampanyası,0.804,"eslesen alanlar: url,baslik,breadcrumb,govde",Kuveyt Türk bireysel kredi kartları ile 31 Aralık 2026 tarihine kadar Penelope ve Othello mağazalarında ve resmi web sitelerinde yapacağınız alışverişlerinizde vade farksız 4 aya varan taksit imkanı sizi bekliyor. Kampan,,,
kuveyt_turk-f78aa110d22d,kuveyt_turk,Brandy’s Mağazalarında Vade Farksız 3 Aya Varan Taksit Fırsatı,https://www.kuveytturk.com.tr/kampanyalar/kendim-icin/kart-kampanyalari/brandys-magazalarinda-vade-farksiz-3-aya-varan-taksit-firsati,Kart Kampanyası,0.804,"eslesen alanlar: url,baslik,breadcrumb,govde",Kuveyt Türk bireysel kredi kartları ile 31 Aralık 2026 tarihine kadar Brandy’s mağazalarında yapacağınız alışverişlerinizde vade farksız 3 aya varan taksit imkanı sizi bekliyor. Kampanyaya tüm Kuveyt Türk Bireysel Kredi,,,
kuveyt_turk-7ce93dd3efdf,kuveyt_turk,Diyanet Umre Finansmanı ile Vade Farksız 3 Taksit İmkanı!,https://www.kuveytturk.com.tr/kampanyalar/kendim-icin/finansman-kampanyalari/diyanet-umre-finansmani-ile-vade-farksiz-3-taksit-imkani,Finansman Kampanyası,0.77,"eslesen alanlar: url,baslik,breadcrumb,govde",Diyanet Umre Finansmanı ile kutsal topraklara ziyaretlerinizi herhangi bir finansal kaygı yaşamadan gerçekleştirebilirsiniz. Kampanya kapsamında Kutsal toprakları ziyaret etmek isteyen müşterilerimiz toplam umre tutarını,,,
kuveyt_turk-424da5c1056a,kuveyt_turk,Starwood Yapı Market’te Vade Farksız 3 Aya Varan Taksit Fırsatı!,https://www.kuveytturk.com.tr/kampanyalar/kendim-icin/kart-kampanyalari/starwood-yapi-markette-vade-farksiz-3-aya-varan-taksit-firsati,Kart Kampanyası,0.804,"eslesen alanlar: url,baslik,breadcrumb,govde",Kuveyt Türk bireysel kredi kartları ile 31 Aralık 2026 tarihine kadar Starwood Yapı Market ’ ten yapacağınız alışverişlerinizde vade farksız 3 aya varan taksit imkanı sizi bekliyor. Kampanyaya tüm Kuveyt Türk Bireysel Kr,,,
kuveyt_turk-99196bcc2780,kuveyt_turk,Market ve Gıda Harcamalarınıza Her Ay Ekstra 2.000 Mil'e Varan Fırsat!,https://www.kuveytturk.com.tr/kampanyalar/isim-icin/kart-kampanyalari/market-ve-gida-harcamalariniza-her-ay-ekstra-2000-mile-varan-firsat,Kart Kampanyası,0.791,"eslesen alanlar: url,breadcrumb,govde","Müşteri Ol Miles&Smiles Kuveyt Türk Business Kredi Kartları ile market ve gıda harcamalarınızda yıl boyunca avantajlı şekilde mil biriktirebilirsiniz. Yıl sonuna kadar her ay, Miles&Smiles Kuveyt Türk Business kartınızla",,,
kuveyt_turk-c87f5745489e,kuveyt_turk,Yapı ve İnşaat Harcamalarınıza Her Ay Ekstra 5.000 Mil'e Varan Fırsat!,https://www.kuveytturk.com.tr/kampanyalar/isim-icin/kart-kampanyalari/yapi-ve-insaat-harcamalariniza-her-ay-ekstra-5000-mile-varan-firsat,Kart Kampanyası,0.791,"eslesen alanlar: url,breadcrumb,govde","Müşteri Ol Miles&Smiles Kuveyt Türk Business Kredi Kartları ile yapı ve inşaat harcamalarınızda yıl boyunca avantajlı şekilde mil biriktirebilirsiniz. Yıl sonuna kadar her ay, Miles&Smiles Kuveyt Türk Business kartınızla",,,
kuveyt_turk-e29499462e0c,kuveyt_turk,Sağlam Business Kart QR Ödeme ile 4.000 TL' ye Varan Altın Puan Fırsat,https://www.kuveytturk.com.tr/kampanyalar/isim-icin/kart-kampanyalari/saglam-business-kart-qr-odeme-ile-4000-tl-ye-varan-altin-puan-firsati,Kart Kampanyası,0.801,"eslesen alanlar: url,baslik,breadcrumb,govde","Sağlam Business Kredi Kartları yıl sonuna kadar her ay sizlere mil kazandırıyor! QR kod kullanarak yapacağınız 5.000 TL ve üzeri her harcamanızda %5, toplamda 4.000 TL Altın Puan kazandırıyor! Kampanyaya Kuveyt Türk Mobi",,,
kuveyt_turk-8d4e5a6cf966,kuveyt_turk,"Kuveyt Türk'ten E-Ticaret, E-İhracat ve Tekno Girişimcilere Özel Fırsa",https://www.kuveytturk.com.tr/kampanyalar/isim-icin/kart-kampanyalari/kuveyt-turkten-e-ticaret-e-ihracat-ve-tekno-girisimcilere-ozel-firsat,Kart Kampanyası,0.795,"eslesen alanlar: url,breadcrumb,govde","Kuveyt Türk Ticari kartlar ile Marqby'da %15'e varan paket indirim avantajı sizi bekliyor! Markanız ile ilgili ihtiyaçlarınıza göz atabilir marka araştırması, marka başvurusu, durum takibi ve portföy izleme gibi ürün çöz",,,
kuveyt_turk-d8a96d1a1c49,kuveyt_turk,Lajivert ve Ritmik Mobilya’da Vade Farksız 9 Aya Varan Taksit Fırsatı,https://www.kuveytturk.com.tr/kampanyalar/kendim-icin/kart-kampanyalari/lajivert-ve-ritmik-mobilyada-vade-farksiz-9-aya-varan-taksit-firsati,Kart Kampanyası,0.804,"eslesen alanlar: url,baslik,breadcrumb,govde",Kuveyt Türk bireysel kredi kartları ile 31 Aralık 2026’ya kadar Lajivert Mobilya ve Ritmik Mobilya mağazaları ve resmi web sitesinde yapacağınız alışverişlerinizde 9 aya varan taksit imkanı sizi bekliyor. Kampanyaya tüm,,,
kuveyt_turk-12f827344e00,kuveyt_turk,Yeni Sağlam Kart Troy'lulara Özel Vade Farksız 5 Aya Varan Taksit İmka,https://www.kuveytturk.com.tr/kampanyalar/kendim-icin/kart-kampanyalari/yeni-saglam-kart-troylulara-ozel-vade-farksiz-5-aya-varan-taksit-imkani,Kart Kampanyası,0.825,"eslesen alanlar: url,baslik,breadcrumb,govde","1 Ağustos - 31 Ağustos tarihleri arasında Sağlam Kart Troy başvurusu yapan müşteriler, 30 Eylül tarihine kadar vade farksız sonradan taksitlendirme yapabilecektir. Sağlam Kart Troy ile her ay Eğitim ve Sağlık sektörlerin",,,
kuveyt_turk-da7bb2ed4501,kuveyt_turk,"Kuveyt Türk Müşterilerine Özel %2,99 Oranlı Kar Paylı Taksitlendirme F",https://www.kuveytturk.com.tr/kampanyalar/kendim-icin/kart-kampanyalari/kuveyt-turk-musterilerine-ozel-299-oranli-kar-payli-taksitlendirme-firsati,Kart Kampanyası,0.795,"eslesen alanlar: url,breadcrumb,govde","Kuveyt Türk bireysel kredi kart sahiplerine %2.99 oranlı kar paylı taksitlendirme imkanı! Kuveyt Türk bireysel kredi kart müşterilerine özel, yapacakları harcamalarda %2.99 vade farkı ile 9 aya kadar taksit imkanı! Kuvey",,,
kuveyt_turk-8047dc8c0755,kuveyt_turk,"Sağlam Business Kart’tan Dev Kampanya 3 Ay Erteleme ve %3,49 Oranla 9 ",https://www.kuveytturk.com.tr/kampanyalar/isim-icin/kart-kampanyalari/saglam-business-karttan-dev-kampanya-3-ay-erteleme-ve-349-oranla-9-taksit-imkani,Kart Kampanyası,0.802,"eslesen alanlar: url,baslik,breadcrumb,govde",Müşteri Ol Kuveyt Türk Müşterilerine özel Sağlam Business Kartınız ile üst tutar sınırı olmaksızın yaptığınız tüm harcamaların ödemesini 3 ay erteleyebilirsiniz. Sağlam Business kartınız ile 3 ay ertelemeyle birlikte har,,,
kuveyt_turk-9c48e3294832,kuveyt_turk,Sağlam Business Kart Akaryakıt Harcamalarınıza 600 TL’ye Varan Altın P,https://www.kuveytturk.com.tr/kampanyalar/isim-icin/kart-kampanyalari/saglam-business-kart-akaryakit-harcamalariniza-600-tlye-varan-altin-puan-firsati,Kart Kampanyası,0.801,"eslesen alanlar: url,baslik,breadcrumb,govde",Sağlam Business Kredi Kartları yıl sonuna kadar her ay sizlere mil kazandırıyor! 2.000 TL ve üzeri akaryakıt harcamalarınızda 100 TL toplamda 600 TL Altın Puan kazandırıyor! Kampanyaya Kuveyt Türk Mobil üzerinden katılab,,,
kuveyt_turk-9706c8215fe2,kuveyt_turk,Taksitlio’da Yeni Müşterilere Özel Kuveyt Türk Alışveriş Finansmanı Fı,https://www.kuveytturk.com.tr/kampanyalar/kendim-icin/finansman-kampanyalari/taksitlioda-yeni-musterilere-ozel-kuveyt-turk-alisveris-finansmani-firsati,Finansman Kampanyası,0.625,"eslesen alanlar: url,baslik,breadcrumb,govde","Taksitlio’nun anlaşmalı olduğu mağazalarda yapacağınız 100.000 TL’ye kadar alışverişlerinizde 6 taksite kadar %2,99 avantajlı kar payı oranı ile alışveriş yapmanın tadını çıkarın! Kuveyt Türk Alışveriş Finansmanı Taksitl",,,
kuveyt_turk-afb88a88fac7,kuveyt_turk,"Kuveyt Türk Kredi Kartlarına Toprak Turizm Yurt Dışı Turlarında %10, U",https://www.kuveytturk.com.tr/kampanyalar/kendim-icin/kart-kampanyalari/kuveyt-turk-kredi-kartlarina-toprak-turizm-yurt-disi-turlarinda-10-umre-turlarinda-7-indirim,Kart Kampanyası,0.687,"eslesen alanlar: url,baslik,breadcrumb,govde","Kuveyt Türklü Ol Yeni rotalar keşfetmek ya da umre yolculuğunuzu planlamak için Kuveyt Türk kredi kartınıza özel avantajlardan yararlanın. Kuveyt Türk ve Toprak Turizm iş birliği kapsamında, Kuveyt Türk Bireysel Kredi Ka",,,
kuveyt_turk-423f892c4954,kuveyt_turk,12 Aya Kadar ödemesiz dönemli ve indirimli Tarım Finansmanı Kuveyt Tür,https://www.kuveytturk.com.tr/isim-icin/tarim-bankaciligi/tarim-ve-hayvancilik-sektorune-ozel-kampanyalar/12-aya-kadar-odemesiz-donemli-ve-indirimli-tarim-finansmani-kuveyt-turkte,Finansman Kampanyası,0.77,"eslesen alanlar: url,baslik,breadcrumb,govde","Tarımsal üretim ve yetiştiricilik faaliyetlerinde bulunan tüm işletmeler, çiftçilik belgesine (ÇKS) sahip tüm çiftçiler, hayvancılık faaliyetinde bulunanlar tarım finansmanı başvurusu yapabilir. Kampanya kapsamında üreti",,,
kuveyt_turk-a6660bcbc926,kuveyt_turk,Kampanyalar,https://www.kuveytturk.com.tr/kampanyalar/kendim-icin,Yeni Müşteri Kampanyası,0.369,eslesen alanlar: govde,"Kendim İçin İşim İçin Kampanya Arşivi Kampanya Aralığı: 20 Temmuz 2026 - 31 Aralık 2026 Davet Kodunla Gel, Memnuniyet Anketine Katıl, 750 TL Kazan! Davet Kodu ile Müşteri Olup Memnuniyet Anketine Katılanlara Toplamda 750",,,
kuveyt_turk-1c8ae40f9593,kuveyt_turk,İşim İçin | Kuveyt Türk Katılım Bankası,https://www.kuveytturk.com.tr/kampanyalar/isim-icin,Alışveriş Puanı Kampanyası,0.398,eslesen alanlar: govde,Kendim İçin İşim İçin Kampanya Arşivi Kampanya Aralığı: 13 Ağustos 2026 - 31 Ağustos 2026 Akaryakıt Sektöründe Sağlam Oran! Kuveyt Türk Tüm Tüzel Kartları ile 500 – 300.00 Arası Akaryakıt Taksitli Harcamalarınıza %2.99 V,,,
kuveyt_turk-775afe0eb086,kuveyt_turk,Hesaplar | Kuveyt Türk Katılım Bankası,https://www.kuveytturk.com.tr/isim-icin/yatirim/hesaplar,Yatırım Ürünü Kampanyası,0.88,"eslesen alanlar: url,breadcrumb,govde",Kendim İçin İşim İçin Cari Hesaplar Farklı bankacılık işlemlerinizi kolayca gerçekleştirmek için siz de Kuveyt Türk'te Cari Hesap Açın! Katılma Hesapları Birikiminizi güven içerisinde büyütme fırsatından Katılma Hesaplar,,,
kuveyt_turk-5f813a21b32d,kuveyt_turk,Yatırım Ürünleri,https://www.kuveytturk.com.tr/kendim-icin/yatirim-urunleri,Yatırım Ürünü Kampanyası,0.836,"eslesen alanlar: url,baslik,breadcrumb,govde",Kendim İçin İşim İçin Hazine Ürünleri Hazine Ürünleri alım satımında en avantajlı kurlarla en güvenli hizmet ayrıcalığı Kuveyt Türk’te! Kıymetli Maden Alım Satımı Döviz Alım Satımı Canlı Altın Fiyatları ve Altın Kuru Can,,,
kuveyt_turk-4b35dbf35ad5,kuveyt_turk,Finansman Ürünleri,https://www.kuveytturk.com.tr/isim-icin/finansman-urunleri,Finansman Kampanyası,0.544,"eslesen alanlar: url,baslik,breadcrumb,govde",Kendim İçin İşim İçin Gayri Nakdi Finansman Gayri Nakdi Finansman Desteği ihtiyaçlarınızda Kuveyt Türk en hızlı çözümün adresi! Teminat Mektupları Referans Mektupları Akreditifler Doğrudan Borçlandırma Sistemi Kabul-Aval,,,
kuveyt_turk-0be11061df37,kuveyt_turk,Hazine Ürünleri,https://www.kuveytturk.com.tr/isim-icin/yatirim/hazine-urunleri,Yatırım Ürünü Kampanyası,0.88,"eslesen alanlar: url,breadcrumb,govde","Kendim İçin İşim İçin Kıymetli Maden Alım Satımı Kıymetli Maden Alım Satımı yaparken işlem avantajlarından Kuveyt Türk'te yararlanın! TradePlus Hisse Senedi, Yatırım Fonu ve Sukuk işlemleriniz TradePlus ile parmaklarınız",,,
kuveyt_turk-b721cc8764c7,kuveyt_turk,Yatırım Hesabı,https://www.kuveytturk.com.tr/kendim-icin/hesaplar/yatirim-hesabi,Yatırım Ürünü Kampanyası,0.66,"eslesen alanlar: url,baslik,breadcrumb,govde",Birikimlerinizi büyütmek ister misiniz? Kuveyt Türk Yatırım Hesabı ile yatırımlarınıza istediğiniz gibi yön verebilir ve birikimlerinize değer katabilirsiniz. Yatırım Hesabı Nedir? Birikimlerini sermaye piyasalarında değ,,,
kuveyt_turk-3f5876b2d9b0,kuveyt_turk,Leasing | Kuveyt Türk Katılım Bankası,https://www.kuveytturk.com.tr/isim-icin/leasing,Finansman Kampanyası,0.702,"eslesen alanlar: url,baslik,breadcrumb,govde","Kendim İçin İşim İçin Leasing Nedir? Avantajları Nelerdir? Kuveyt Türk, avantajlar ile dolu leasing finansmanı ile yatırımlarınız için yanınızda! Leasing Süreci ve Hesaplama Aracı Leasing avantajlarına sahip pek çok ürün",,,
kuveyt_turk-4cfb7bb1ca87,kuveyt_turk,POS Kampanyaları,https://www.kuveytturk.com.tr/kampanyalar/isim-icin/pos-kampanyalari,Yeni Müşteri Kampanyası,0.504,eslesen alanlar: govde,Kendim İçin İşim İçin Kendim İçin İşim İçin Kampanya Arşivi Kampanya Aralığı: 1 Temmuz 2026 - 30 Eylül 2026 Kuveyt Türk'ten Eğitime Özel Taksitli POS Kampanyası İşletmenizin nakit akışını Kuveyt Türk güvencesiyle artırın,,,
kuveyt_turk-678e19564a7c,kuveyt_turk,KOBİ Kampanyaları,https://www.kuveytturk.com.tr/kampanyalar/isim-icin/kobi-kampanyalari,Taşıt Finansmanı Kampanyası,0.418,eslesen alanlar: govde,Kendim İçin İşim İçin Kampanya Arşivi Kampanya Aralığı: 6 Ağustos 2026 - 31 Aralık 2026 E-İhracatçılara Özel ShipEntegra ile Yurtdışı Kargo Gönderilerinize Vade Farksız 3 Taksit! Kuveyt Türk Ticari kredi kartlarınızla Sh,,,
kuveyt_turk-151efce43356,kuveyt_turk,Cari Hesaplar,https://www.kuveytturk.com.tr/isim-icin/yatirim/hesaplar/cari-hesaplar,Yatırım Ürünü Kampanyası,0.572,"eslesen alanlar: url,breadcrumb","Cari hesaplar ile çek tahsilatından kredi kartı ödemelerine kadar farklı işlemlerinizi kolayca gerçekleştirin. Cari Hesaplar Nedir? Cari Hesaplar; istediğiniz zaman para yatırıp çekebileceğiniz, karşılığında kar payı öde",,,
kuveyt_turk-0cbef1e7323a,kuveyt_turk,Kampanyalar,https://www.kuveytturk.com.tr/ozel-bankacilik/ayricaliklar/kampanyalar,Alışveriş Puanı Kampanyası,0.398,eslesen alanlar: govde,Kendim İçin İşim İçin Kuveyt Türk Ayrıcalıkları Kampanyalar Özel Bankacılık BES Ayrıcalığı ile Tanışın! Kuveyt Türk üzerinden yapılan BES sözleşmelerinde devlet ödemesine ek 4.050 TL'ye varan ek katkı payı fırsatı özel B,,,
tom_bank-55c4b4dac7d9,tom_bank,Kampanyalar,https://www.tombank.com.tr/kampanyalar.html,Yatırım Ürünü Kampanyası,0.372,eslesen alanlar: govde,"Güncel kampanyalarımız için lütfen tıklayın. Kampanyalar Özel Okul Ödemelerinde 10 Taksit, üstelik vade farksız! TOM Bank Hadi Kazananlar Kulubü Paketleri ile Hadi Black Kredi Kartı ile yapılacak özel okul ödemelerinde T",,,
tom_bank-1168e89f91c9,tom_bank,HADi Yatırım,https://www.tombank.com.tr/hadi-yatirim.html,Yatırım Ürünü Kampanyası,0.66,"eslesen alanlar: url,baslik,govde","Hadi Yatırım Hadi Yatırım Nedir? Hadi Yatırım; Hisse senedi ve yatırım fonlarının canlı olarak izlenebildiği ve halka arz işlemlerinin yapılabildiği, detaylı grafiklerle hazırlanan piyasa analizlerinin yanı sıra bültenle",,,
tom_bank-4f5c37fe8eec,tom_bank,HADi Kredi Kartı,https://www.tombank.com.tr/hadi-kredi-karti.html,Kart Kampanyası,0.645,"eslesen alanlar: url,baslik,govde","Hadi Kredi Kartı Nedir? Hadi Kredi Kartı, Hadi’den başvurarak aidat ve masraf ödemeden alabileceğin kredi kartıdır. Başvuru sonucunda verilen limitin ile yanında nakit para taşımana gerek kalmadan tüm harcamalarını güven",,,
tom_bank-b5e5741234a9,tom_bank,HADi Banka Kartı,https://www.tombank.com.tr/hadi-banka-karti.html,Kart Kampanyası,0.825,"eslesen alanlar: url,baslik,govde","Hadi Banka Kartı Nedir? Hadi Banka Kartı'nı dünyanın her yerinde tüm alışverişlerinde kullanabilir, yurt içi veya yurt dışındaki tüm ortak ATM’lerden para çekebilir veya yatırabilirsin. Sen de güvenle kullanabileceğin bi",,,
tom_bank-92335b20151d,tom_bank,TOM Bank | Türkiye'nin en büyük dijital bankası.,https://www.tombank.com.tr/kredili-hayat-sigortasi.html,Diğer / Kampanya Değil,0.7,kampanya sayfasi degil,"Kredili Hayat Sigortası Kredili Hayat Sigortası Nedir? Kredili Hayat Sigortası; kredi vadesi devam ederken poliçe kapsamındaki risklerin gerçekleşmesi durumunda, kalan kredi borcunun poliçe şartları ve teminat limitleri",,,
tom_bank-d711b543637a,tom_bank,TOM Bank | Türkiye'nin en büyük dijital bankası.,https://www.tombank.com.tr/hadi-kart-borcum-guvende.html,Kart Kampanyası,0.705,"eslesen alanlar: url,govde","Hadi Kart Borcum Güvende sana neler sunar? 50.000 TL’ye Varan Teminat Hadi Kart Borcum Güvende, çalışma şekline göre farklılaşan teminat ve teminat tutarları sunar. Özel sektör ücretli çalışanlar için 35.000 TL'ye kadar",,,
tom_bank-da74c29da555,tom_bank,Mağazadan Alışveriş Kredisi,https://www.tombank.com.tr/magazadan-alisveris-kredisi.html,Yeni Müşteri Kampanyası,0.369,eslesen alanlar: govde,"Mağazadan Alışveriş Kredisi Anlaşmalı mağazalardan yapacağın alışverişlerde, beyaz eşyadan küçük ev aletlerine, televizyondan bilgisayara kadar evinin ihtiyacı olan binlerce çeşit ürünü şimdi alıp 36 aya varan vadelerle",,,
tom_bank-b59fb03904a7,tom_bank,Ürünlerimiz,https://www.tombank.com.tr/urunlerimiz.html,Diğer / Kampanya Değil,0.7,kampanya sayfasi degil,"Ürünlerimiz Para Yükleme, Para Çekme, Para Gönderme, QR ile Ödeme ve Fatura Ödeme HADİ uygulaması ile tüm finansal işlemlerini hızlıca gerçekleştirmek çok kolay! HADİ hesabına hızlıca para yükleyebilir, yüklediğin parala",,,
tom_bank-9cfc57db28cf,tom_bank,Vadeli Hesap,https://www.tombank.com.tr/vadeli-hesap.html,Diğer / Kampanya Değil,0.7,kampanya sayfasi degil,"Vadeli Hesap (Katılma Hesabı )Nedir? Vadeli Hesap (Katılma Hesabı), tasarruflarını katılım bankacılığı prensipleri doğrultusunda değerlendirdiğin bir hesap türüdür. Vade sonunda oluşan getiri, kâra katılma esasına göre B",,,
tom_bank-d9c1ee1b14f1,tom_bank,Altın Biriktiren Hesap,https://www.tombank.com.tr/altin-biriktiren-hesap.html,Diğer / Kampanya Değil,0.7,kampanya sayfasi degil,"Altın Biriktiren Hesap Nedir? Altın Biriktiren Hesap, Hadi Kredi Kartı’ndan her ekstre döneminde senin belirlediğin tutarda otomatik altın alımı yaparak düzenli birikim yapmanı kolaylaştırır. Özellikler Altın biriktirme",,,
tom_bank-63c06a2dc9b0,tom_bank,Günlük Kazandıran Hesap,https://www.tombank.com.tr/gunluk-kazandiran-hesap.html,Yatırım Ürünü Kampanyası,0.504,eslesen alanlar: govde,"Günlük Kazandıran Hesap Günlük Kazandıran Hesap Nedir? İş günleri saat 17:00’de vadesiz (özel cari) hesaptaki birikiminin alt ve üst tutar limitleri aralığında bir bölümü vadesiz hesapta bırakılır, Vadesiz Alt Limitin üz",,,
tom_bank-5c7f9e5d8164,tom_bank,HADi Taksitli Alışveriş Kredisi,https://tombank.com.tr/taksitle.html,Kart Kampanyası,0.346,eslesen alanlar: govde,"Hadi Taksitli Alışveriş Kredisi Nedir? Sana özel olarak hazırlanmış Taksitli Alışveriş Limitin ile anlaşmalı mağazalardan yapacağın alışverişlerde, beyaz eşyadan küçük ev aletlerine, televizyondan bilgisayara kadar evini",,,
tom_bank-79805404e1d9,tom_bank,Veresiye Alışveriş Kredisi,https://www.tombank.com.tr/veresiye.html,Kart Kampanyası,0.346,eslesen alanlar: govde,"Veresiye Alışveriş Kredisi Nedir? Sana özel olarak belirlenmiş Veresiye Alışveriş Limitin ile tüm A101, English Home ve EVE mağazalarından, A101.com.tr'den ve A101 uygulamasından yapacağın tüm alışverişlerinde, market ür",,,
tom_bank-1780eb35db0c,tom_bank,Gümüş Hesabı,https://www.tombank.com.tr/gumus-hesabi.html,Yatırım Ürünü Kampanyası,0.88,"eslesen alanlar: url,baslik,govde",Gümüş Hesabı Gümüş Hesabı ile birikimlerine değer kat! 1000/1000 saflıkta gümüş ile alım-satım işlemlerini TOM Bank Hadi’den kolayca yap. Özellikler Gümüş hesapları gram cinsinden açılır ve alım-satım işlemleri 1000/1000,,,
tom_bank-7ec17c05b9bb,tom_bank,"Para Yükleme, Çekme, Gönderme ve Fatura Ödeme",https://www.tombank.com.tr/para-yukleme-cekme-gonderme-fatura.html,Diğer / Kampanya Değil,0.45,kampanya sayfasi degil,"Para Yükleme Hadi hesabına para yükleyebilir, yüklediğin kadar harcayabilirsin. Üstelik Hadi ile harcadıkça kazanabilirsin. İster banka hesabından ister kredi kartından Hadi hesabına rahatça para yükleyebilirsin. Kartına",,,
emlak_katilim-0b3589ad4394,emlak_katilim,Ürün ve Hizmet Ücretleri,https://www.emlakkatilim.com.tr/tr/urun-ve-hizmet-ucretleri,Diğer / Kampanya Değil,0.7,kampanya sayfasi degil,Temel Bankacılık Ürün ve Hizmet Ücretleri Bireysel Bankacılık Ürün ve Hizmet Ücretleri Bireysel Bankacılık Ürün ve Hizmet Ücretlerine ilişkin tabloya ulaşmak için Ticari Bankacılık Ürün ve Hizmet Ücretleri Ticari Bankacı,,,
emlak_katilim-1dc4d6626254,emlak_katilim,Kampanya | Türkiye Emlak Katılım Bankası,https://www.emlakkatilim.com.tr/tr/bireysel/kampanyalar/kampanya/emlak-katilim-debit-kart-ile-ilk-harcamanizin-yarisi-nakit-iade,Kart Kampanyası,0.793,"eslesen alanlar: url,breadcrumb,govde","Emlak Katılım Debit Kart ile İlk Harcamanızın Yarısı Nakit İade! Emlak Katılım mobil uygulaması üzerinden görüntülü görüşme ile müşteri olanlar, ilk harcamalarının yarısı kadar, toplamda 500 TL’ye varan nakit iade kazanı",,,
emlak_katilim-5c451b4c074a,emlak_katilim,Kampanya | Türkiye Emlak Katılım Bankası,https://www.emlakkatilim.com.tr/tr/bireysel/kampanyalar/kampanya/marina-mayoda-tum-urunlerde-15-indirim,Kart Kampanyası,0.472,eslesen alanlar: govde,Marina Mayo’da Tüm Ürünlerde %15 İndirim! Kampanyaya Nasıl Katılırım? Marinatr.com web sitesinde sepet sayfasında emlak15 kupon kodu ile indirimden faydalanabilirsiniz. Marina mağazalarında Emlak Katılım kartınızı ibraz,,,
emlak_katilim-d19ceacf2266,emlak_katilim,Kampanya | Türkiye Emlak Katılım Bankası,https://www.emlakkatilim.com.tr/tr/bireysel/kampanyalar/kampanya/paraf-ile-incehesapcomda-pesin-fiyatina-3-taksit-firsati,Kart Kampanyası,0.795,"eslesen alanlar: url,breadcrumb,govde",Paraf ile İncehesap.com'da Peşin Fiyatına 3 Taksit Fırsatı! 31 Ağustos 2026 tarihine kadar İncehesap.com web adresinde Paraf POS’undan yapılacak alışverişlerinize peşin fiyatına 3 taksit imkanı sunulacaktır. Taksit kampa,,,
emlak_katilim-e941e17ff154,emlak_katilim,Kampanyalar,https://www.emlakkatilim.com.tr/tr/bireysel/kampanyalar,Alışveriş Puanı Kampanyası,0.535,eslesen alanlar: govde,Biletinial’da %20 indirim! DETAYLI BİLGİ Marina Mayo’da Tüm Ürünlerde %15 İndirim! DETAYLI BİLGİ Modanisa’da Tüm İndirimlere Ek %15 İndirim Fırsatı! DETAYLI BİLGİ Enterprise Araç Kiralamalarında %35 İndirim Fırsatı! DETA,,,
emlak_katilim-bfda3d7b17f1,emlak_katilim,Yatırım Fonu,https://www.emlakkatilim.com.tr/tr/kurumsal/yatirim-urunleri/sermaye-piyasasi-urunleri/yatirim-fonu,Yatırım Ürünü Kampanyası,0.66,"eslesen alanlar: url,baslik,breadcrumb,govde",Tasarruflarınızı katılım bankacılığı prensiplerine uygun yatırım fonlarında değerlendirmek istediğiniz takdirde bu işlemlerinizi bankamız üzerinden kolayca gerçekleştirebilirsiniz. Alım satımına aracılık ettiğimiz yatırı,,,
emlak_katilim-fb14f915df8d,emlak_katilim,Finansman Ferdi Kaza Sigortası,https://www.emlakkatilim.com.tr/tr/kurumsal/sigorta-ve-emeklilik/kurumsal-sigorta-urunleri/finansman-ferdi-kaza-sigortasi,Finansman Kampanyası,0.578,"eslesen alanlar: url,baslik,breadcrumb,govde",Finansman Ferdi Kaza Katılım Sigortası ile hayatın tatsız sürprizlerine karşı kendinizin ve sevdiklerinizin güvence altında olduğunu bilmenin rahatlığını yaşayın. Kaza sonucu vefat: Yaşam kaybı durumunda sevdiklerinizin,,,
emlak_katilim-2a13c4fc9c0c,emlak_katilim,Finansmana Bağlı Hayat Sigortası,https://www.emlakkatilim.com.tr/tr/kurumsal/sigorta-ve-emeklilik/kurumsal-sigorta-urunleri/finansmana-bagli-hayat-sigortasi,Finansman Kampanyası,0.578,"eslesen alanlar: url,baslik,breadcrumb,govde","Olası bir sakatlık ve yaşam kaybı durumunda, banka borcunuzdan ötürü sevdiklerinizi zor durumda bırakmazsınız. Kalan kredi tutarınız poliçeniz kapsamında bankanıza ödenir. Vefat ve Kaza Sonucu Kalıcı Sakatlık Teminatı: S",,,
emlak_katilim-ef14f983fe84,emlak_katilim,Finansman Ferdi Kaza Katılım Sigortası ile hayatın tatsız sürprizlerin,https://www.emlakkatilim.com.tr/tr/bireysel/sigorta-ve-emeklilik/bireysel-sigorta-urunleri/finansman-ferdi-kaza-sigortasi,Finansman Kampanyası,0.578,"eslesen alanlar: url,baslik,breadcrumb,govde",Finansman Ferdi Kaza Sigortası ile hayatın tatsız sürprizlerine karşı kendinizin ve sevdiklerinizin güvence altında olduğunu bilmenin rahatlığını yaşayın. Finansman Ferdi Kaza Sigortası Teminatları Kaza Sonucu Vefat: Yaş,,,
emlak_katilim-94a12ca306b5,emlak_katilim,Finansmana Bağlı Hayat Sigortası,https://www.emlakkatilim.com.tr/tr/bireysel/sigorta-ve-emeklilik/bireysel-sigorta-urunleri/finansmana-bagli-hayat-sigortasi,Finansman Kampanyası,0.578,"eslesen alanlar: url,baslik,breadcrumb,govde","Finansmana Bağlı Hayat Sigortası Olası bir sakatlık ve yaşam kaybı durumunda, banka borcunuzdan ötürü sevdiklerinizi zor durumda bırakmazsınız. Kalan kredi tutarınız poliçeniz kapsamında bankanıza ödenir. Vefat ve Kaza S",,,
emlak_katilim-6131b9443ca9,emlak_katilim,Yatırım Ürünleri,https://www.emlakkatilim.com.tr/tr/bireysel/yatirim-urunleri,Yatırım Ürünü Kampanyası,0.88,"eslesen alanlar: url,baslik,breadcrumb,govde",Hazine ve Yatırım Ürünleri Bireysel hazine ürünlerimiz ve detaylarına bu sayfadan ulaşabilirsiniz. Döviz Alım Satım Döviz alım ve satım işlemlerini hesaplar arası gerçekleştirebilirsiniz. Emlak Katılımda alım satım işlem,,,
emlak_katilim-9cf311ce4b3e,emlak_katilim,Yatırım Ürünleri,https://www.emlakkatilim.com.tr/tr/kurumsal/yatirim-urunleri,Yatırım Ürünü Kampanyası,0.88,"eslesen alanlar: url,baslik,breadcrumb,govde","Hazine ve Yatırım Ürünleri Kurumsal müşterilerimizin yatırım aracı olarak kullanabilecekleri hazine ürünlerimize buradan ulaşabilir, detaylı bilgi alabilirsiniz. Döviz Alım-Satım Döviz alım ve satım işlemlerini hesaplar",,,
emlak_katilim-20e4e34b2e3b,emlak_katilim,Sermaye Piyasası Ürünleri,https://www.emlakkatilim.com.tr/tr/kurumsal/yatirim-urunleri/sermaye-piyasasi-urunleri,Yatırım Ürünü Kampanyası,0.66,"eslesen alanlar: url,breadcrumb,govde",X Emlak Katılım Mobil Ücretsiz-App Store Göster X Emlak Katılım Mobil Ücretsiz-Google Play Göster Sermaye Piyasası Ürünleri Pay Senetleri Yatırım Fonu Elektronik Ürün Senedi (ELÜS) Kira Sertifikası (Sukuk) Ortaklığa Daya,,,
emlak_katilim-65291244c4ef,emlak_katilim,Hazine ve Yatırım Ürünleri,https://www.emlakkatilim.com.tr/tr/kurumsal/yatirim-urunleri/hazine-ve-yatirim-urunleri,Yatırım Ürünü Kampanyası,0.66,"eslesen alanlar: url,baslik,breadcrumb,govde","Kurumsal-Hazine ve Yatırım Ürünleri Kurumsal müşterilerimizin yatırım aracı olarak kullanabilecekleri hazine ürünlerimize buradan ulaşabilir, detaylı bilgi alabilirsiniz. Döviz Alım-Satım Kıymetli Maden Alım Satımı Emlak",,,
emlak_katilim-e54ebc031f2a,emlak_katilim,EmlakFX | Türkiye Emlak Katılım Bankası,https://www.emlakkatilim.com.tr/tr/kurumsal/yatirim-urunleri/hazine-ve-yatirim-urunleri/emlakfx,Yatırım Ürünü Kampanyası,0.8,"eslesen alanlar: url,breadcrumb","EmlakFX Nedir? EmlakFX, avantajlı kurlarla döviz alım-satım ve kıymetli maden alım-satım işlemlerinin gerçekleştirilebileceği bir platformdur. EmlakFX Platformu cari hesaplarınıza ve limitlerinize entegre halde çalışır.",,,
emlak_katilim-175dab5a6a9c,emlak_katilim,Emlak Konut Asansör – Emlak Katılım İşbirliği,https://www.emlakkatilim.com.tr/tr/kurumsal/kampanyalar/emlak-konut-asansor-emlak-katilim-isbirligi,Finansman Kampanyası,0.441,eslesen alanlar: govde,"Emlak Konut Asansör Sistemleri San. ve Tic. A.Ş. ile Bankamız arasında yapılan iş birliği modeliyle Emlak Konut Asansör'den leasing yöntemiyle mal ve hizmet alımı yapan firmalara, uygun kar oranı ile finansman sağlıyoruz",,,
emlak_katilim-cfdd34fe6932,emlak_katilim,Döviz Alım-Satım,https://www.emlakkatilim.com.tr/tr/kurumsal/yatirim-urunleri/hazine-ve-yatirim-urunleri/doviz-alim-satim,Yatırım Ürünü Kampanyası,0.6,"eslesen alanlar: url,breadcrumb",Döviz alım-satım işlemlerinizi ve talimatlarınızı Emlak Katılım’da kolayca gerçekleştirebilirsiniz. İşlemleriniz Türk Lirası ve 16 döviz birimi dahilinde gerçekleştirilmektedir. Alım-satım işlemleri gerçekleştirilebilen,,,
emlak_katilim-bd956652adc7,emlak_katilim,Forward İşlemleri,https://www.emlakkatilim.com.tr/tr/kurumsal/yatirim-urunleri/hazine-ve-yatirim-urunleri/forward-islemleri,Yatırım Ürünü Kampanyası,0.6,"eslesen alanlar: url,breadcrumb","İleri vadeli (Forward) döviz alım-satım işlemleri ile önceden belirlenen kur, tutar, vade şartları doğrultusunda ileri bir tarihte gerçekleşmek üzere döviz alım-satımı yapabilir ve kur riskinizi yönetebilirsiniz. Forward",,,
emlak_katilim-6a2570a19e5b,emlak_katilim,Kıymetli Maden Alım Satımı,https://www.emlakkatilim.com.tr/tr/kurumsal/yatirim-urunleri/hazine-ve-yatirim-urunleri/kiymetli-maden-alim-satimi,Yatırım Ürünü Kampanyası,0.6,"eslesen alanlar: url,breadcrumb",Hesaplar Arası Kıymetli Maden Alım Satım Hesaplar Arası Kıymetli Maden Alım – Satım Kıymetli maden alım - satım işlemlerinizi ve talimatlarınızı Emlak Katılım’da kolayca gerçekleştirebilirsiniz. Bankamızda hesaplar arası,,,
emlak_katilim-87b3dbefd8ab,emlak_katilim,Kampanya | Türkiye Emlak Katılım Bankası,https://www.emlakkatilim.com.tr/tr/bireysel/kampanyalar/kampanya/biletinialda-20-indirim,Kart Kampanyası,0.472,eslesen alanlar: govde,Biletinial’da %20 indirim! Emlak Katılım Paraf ve Emlak Katılım Debit ile Biletinial Etkinliklerinde %20 İndirim! Kampanyaya Nasıl Katılırım? Banka iş birliği sayfamız üzerinden gerçekleştirilecek etkinlik bilet alımı iş,,,
emlak_katilim-025bf1f175c1,emlak_katilim,Kampanya | Türkiye Emlak Katılım Bankası,https://www.emlakkatilim.com.tr/tr/bireysel/kampanyalar/kampanya/paraf-ile-kipte-5-taksit,Alışveriş Puanı Kampanyası,0.398,eslesen alanlar: govde,Paraf ile Kip’te 5 Taksit! 31 Ağustos 2026 tarihine kadar KİP mağazaları ve www.kip.com.tr’de Paraf POS’larından yapılacak alışverişlerde 5 taksit imkanı sunulacaktır. Mağazalardan yapılacak alışverişlerde 5 taksitten ya,,,
emlak_katilim-4fd59c85f1eb,emlak_katilim,Kampanya | Türkiye Emlak Katılım Bankası,https://www.emlakkatilim.com.tr/tr/bireysel/kampanyalar/kampanya/paraf-ile-twistte-4-taksit,Kart Kampanyası,0.472,eslesen alanlar: govde,Paraf ile Twist’te 4 Taksit! 31 Ağustos 2026 tarihine kadar Twist mağazaları ve www.twist.com.tr’de Paraf POS’larından yapılacak alışverişlerde 4 taksit imkanı sunulacaktır. Mağazalardan yapılacak alışverişlerde 4 taksit,,,
emlak_katilim-9758d96b3f2d,emlak_katilim,Kampanya | Türkiye Emlak Katılım Bankası,https://www.emlakkatilim.com.tr/tr/bireysel/kampanyalar/kampanya/rentgoda-40-indirim-firsati,Kart Kampanyası,0.472,eslesen alanlar: govde,"RentGo'da %40 İndirim Fırsatı! Kampanyaya Nasıl Katılırım? Kampanyalı fiyatlar, günlük araç kiralama ofiste öde-liste fiyatları üzerinden %40 indirim uygulanacaktır. Araç teslimi sırasında Emlak Katılım kartının ofisleri",,,
emlak_katilim-1b24100af547,emlak_katilim,Kampanya | Türkiye Emlak Katılım Bankası,https://www.emlakkatilim.com.tr/tr/bireysel/kampanyalar/kampanya/paraf-ile-koctasta-5-taksit,Kart Kampanyası,0.472,eslesen alanlar: govde,Paraf ile Koçtaş’ta 5 Taksit! 31 Ağustos 2026 tarihine kadar Koçtaş’ta Paraf POS'undan yapacağınız alışverişlerinde 5 taksit fırsatı sunulacaktır. Taksit kampanyasından yararlanabilmek için işlem anında 5 taksitin seçilm,,,
emlak_katilim-2997c0271dc6,emlak_katilim,Kampanya | Türkiye Emlak Katılım Bankası,https://www.emlakkatilim.com.tr/tr/bireysel/kampanyalar/kampanya/paraf-ile-nocturnede-4-taksit,Alışveriş Puanı Kampanyası,0.398,eslesen alanlar: govde,Paraf ile Nocturne’de 4 Taksit! 31 Ağustos 2026 tarihine kadar Nocturne mağazalarında Paraf POS’larından yapılacak alışverişlerde 4 taksit imkanı sunulacaktır. Mağazalardan yapılacak alışverişlerde 4 taksitten yararlanab,,,
emlak_katilim-0e7efd23dc6a,emlak_katilim,Kampanya | Türkiye Emlak Katılım Bankası,https://www.emlakkatilim.com.tr/tr/bireysel/kampanyalar/kampanya/paraf-ile-yatasta-8-taksit-firsati,Kart Kampanyası,0.791,"eslesen alanlar: url,breadcrumb,govde","Paraf ile Yataş’ta 8 Taksit Fırsatı! Paraf ile Yataş Bedding, Yataş Enza, Yataş Puffy ve Yataş Divanev mağazalarında veya web sitelerinden Paraf Posların’dan yapacağınız alışverişlerde 8 taksit imkanı sağlanacaktır. Mağa",,,
emlak_katilim-49546df1fe5b,emlak_katilim,Kampanya | Türkiye Emlak Katılım Bankası,https://www.emlakkatilim.com.tr/tr/bireysel/kampanyalar/kampanya/paraf-ile-ramseyde-5-taksit-firsati,Kart Kampanyası,0.791,"eslesen alanlar: url,breadcrumb,govde",Paraf ile Ramsey’de 5 Taksit Fırsatı! 31 Ağustos 2026 tarihine kadar Ramsey mağazaları ve www.ramsey.com.tr’de Paraf POS’larından yapılacak alışverişlerde 5 taksit imkanı sunulacaktır. Mağazalardan yapılacak alışverişler,,,
emlak_katilim-9fd499fc1a1d,emlak_katilim,Kampanya | Türkiye Emlak Katılım Bankası,https://www.emlakkatilim.com.tr/tr/bireysel/kampanyalar/kampanya/paraf-ile-evideada-4-taksit-firsati,Kart Kampanyası,0.825,"eslesen alanlar: url,breadcrumb,govde",Paraf ile Evidea’da 4 Taksit Fırsatı! 31 Ağustos 2026 tarihine kadar Evidea web sitesi ve mağazalarında Paraf POS’u üzerinden yapılan taksitli alışverişlere 4 taksit uygulanacaktır. Mağazalardan ya da internet mağazasınd,,,
emlak_katilim-080b3e4767b8,emlak_katilim,Kampanya | Türkiye Emlak Katılım Bankası,https://www.emlakkatilim.com.tr/tr/bireysel/kampanyalar/kampanya/paraf-ile-alfemoda-8-taksit-firsati,Kart Kampanyası,0.791,"eslesen alanlar: url,breadcrumb,govde",Paraf ile Alfemo’da 8 Taksit Fırsatı! Paraf ile Alfemo mağazalarında veya www.alfemo.com web sayfasından Paraf POS’larından yapacağınız alışverişlerde 8 taksit imkanı sağlanacaktır. Mağazalardan yapılacak alışverişlere s,,,
emlak_katilim-3f0f1147b222,emlak_katilim,Kampanya | Türkiye Emlak Katılım Bankası,https://www.emlakkatilim.com.tr/tr/bireysel/kampanyalar/kampanya/paraf-ile-vivensede-5-taksit-firsati,Kart Kampanyası,0.825,"eslesen alanlar: url,breadcrumb,govde",Paraf ile Vivense’de 5 Taksit Fırsatı! Paraf ile Vivense mağazalarında veya www.vivense.com web sayfasından Paraf POS’larından yapacağınız alışverişlerde 5 taksit imkanı sağlanacaktır. Mağazalardan yapılacak alışverişler,,,
emlak_katilim-79e5f7e81f65,emlak_katilim,Kampanya | Türkiye Emlak Katılım Bankası,https://www.emlakkatilim.com.tr/tr/bireysel/kampanyalar/kampanya/paraf-ile-adv-magazalarinda-6-taksit,Alışveriş Puanı Kampanyası,0.398,eslesen alanlar: govde,Paraf ile ADV Mağazalarında 6 Taksit! 31 Aralık 2026 tarihine kadar ADV mağazalarında Paraf POS’larından yapılacak alışverişlerde 6 taksit imkanı sunulacaktır. Mağazalardan yapılacak alışverişlerde 6 taksitten yararlanab,,,
emlak_katilim-7b46ba067d1b,emlak_katilim,Kampanya | Türkiye Emlak Katılım Bankası,https://www.emlakkatilim.com.tr/tr/bireysel/kampanyalar/kampanya/paraf-ile-networkte-4-taksit-firsati,Kart Kampanyası,0.791,"eslesen alanlar: url,breadcrumb,govde",Paraf ile Network’te 4 Taksit Fırsatı! 31 Ağustos 2026 tarihine kadar Network mağazaları ve www.network.com.tr’de Paraf POS’larından yapılacak alışverişlerde 4 taksit imkanı sunulacaktır. Mağazalardan yapılacak alışveriş,,,
emlak_katilim-964c0b05c3af,emlak_katilim,Kampanya | Türkiye Emlak Katılım Bankası,https://www.emlakkatilim.com.tr/tr/bireysel/kampanyalar/kampanya/paraf-ile-ipekyolda-4-taksit-firsati,Kart Kampanyası,0.825,"eslesen alanlar: url,breadcrumb,govde",Paraf ile İpekyol’da 4 Taksit Fırsatı! 31 Ağustos 2026 tarihine kadar İpekyol mağazaları ve www.ipekyol.com.tr’de Paraf POS’larından yapılacak 5.000 TL üzeri alışverişlerde 4 taksit imkanı sunulacaktır. Mağazalardan yapı,,,
emlak_katilim-5dfc38701983,emlak_katilim,Kampanya | Türkiye Emlak Katılım Bankası,https://www.emlakkatilim.com.tr/tr/bireysel/kampanyalar/kampanya/paraf-ile-dysonda-9-aya-varan-taksit,Kart Kampanyası,0.472,eslesen alanlar: govde,Paraf ile Dyson’da 9 Aya Varan Taksit! 31 Ağustos 2026 tarihine kadar dyson.com.tr'den peşin fiyatına 6 aya varan taksit fırsatından faydalanabilirsiniz. 6 taksit avantajı firmanın belirlediği tutarın üzerinde yapacağını,,,
emlak_katilim-12aa3f5d31d1,emlak_katilim,Kampanya | Türkiye Emlak Katılım Bankası,https://www.emlakkatilim.com.tr/tr/bireysel/kampanyalar/kampanya/paraf-ile-copada-12-aya-varan-taksit,Kart Kampanyası,0.472,eslesen alanlar: govde,Paraf ile Copa’da 12 Aya Varan Taksit! 1-31 Ağustos 2026 tarihleri arasında Parafüyesi Copa Isı Bayilerinde ParafPOS’undan yapılması gerekmektedir. Kampanya müşteri bazındadır. Her müşteri kampanyadan ilk işlemi ile sade,,,
emlak_katilim-e4ab13b57d16,emlak_katilim,Kampanya | Türkiye Emlak Katılım Bankası,https://www.emlakkatilim.com.tr/tr/bireysel/kampanyalar/kampanya/paraf-ile-divaresede-4-taksit-firsati,Kart Kampanyası,0.825,"eslesen alanlar: url,breadcrumb,govde",Paraf ile Divarese’de 4 Taksit Fırsatı! 31 Ağustos 2026 tarihine kadar Divarese mağazaları ve www.divarese.com.tr’de Paraf POS’larından yapılacak alışverişlerde 4 taksit imkanı sunulacaktır. Mağazalardan yapılacak alışve,,,
emlak_katilim-220bdf175622,emlak_katilim,Kampanya | Türkiye Emlak Katılım Bankası,https://www.emlakkatilim.com.tr/tr/bireysel/kampanyalar/kampanya/paraf-ile-demirdokumde-9-taksit-firsati,Kart Kampanyası,0.825,"eslesen alanlar: url,breadcrumb,govde",Paraf ile DemirDöküm'de 9 Taksit Fırsatı! 31 Ağustos 2026 tarihine kadar Paraf üyesi DemirDöküm sanal POS’u üzerinden işlemlere vade farksız 9 ay taksit imkanı sunulacaktır. Bayi POS’undan gerçekleşen işlemler dahil deği,,,
emlak_katilim-98da9768e7cd,emlak_katilim,Kampanya | Türkiye Emlak Katılım Bankası,https://www.emlakkatilim.com.tr/tr/bireysel/kampanyalar/kampanya/paraf-ile-vaillantta-9-aya-varan-taksit,Kart Kampanyası,0.472,eslesen alanlar: govde,Paraf ile Vaillant’ta 9 Aya Varan Taksit! 31 Ağustos 2026 tarihine kadar Paraf üyesi Vaillant sanal POS’u üzerinden yapılan işlemlere vade farksız 9 ay taksit imkanı sunulacaktır. Kampanyaya sadece Vaillant’ın kendi POS’,,,
emlak_katilim-b1b9c7b89e5e,emlak_katilim,Kampanya | Türkiye Emlak Katılım Bankası,https://www.emlakkatilim.com.tr/tr/bireysel/kampanyalar/kampanya/emekli-musterilerimize-ozel-ayricaliklar,İhtiyaç Finansmanı Kampanyası,0.406,eslesen alanlar: govde,"Emekli Müşterilerimize Özel Ayrıcalıklar Emekli müşterilerimize destek olmak amacıyla, para transferi, kiralık kasa, katılma hesabı ve finansman işlemlerinde emekliliklerimizin Bankamızdan ihtiyaç duydukları bankacılık i",,,
emlak_katilim-63bca4dc681f,emlak_katilim,Kampanya | Türkiye Emlak Katılım Bankası,https://www.emlakkatilim.com.tr/tr/bireysel/kampanyalar/kampanya/pazaramada-ayin-ilk-haftasi-troy-haftasi,Kart Kampanyası,0.472,eslesen alanlar: govde,"Pazarama’da Ayın İlk Haftası TROY Haftası! TROY logolu Emlak Katılım Debit, Emlak Katılım Paraf ve Emlak Katılım Paraf Premium ile Pazarama’da tek seferde 1.000 TL ve üzeri alışverişe 200 TL indirim! Kampanyaya Nasıl Kat",,,
emlak_katilim-9f610d9e8e64,emlak_katilim,Kampanya | Türkiye Emlak Katılım Bankası,https://www.emlakkatilim.com.tr/tr/bireysel/kampanyalar/kampanya/troy-ile-idefixte-3000-tl-indirim-firsati,Kart Kampanyası,0.472,eslesen alanlar: govde,"TROY ile idefix’te 3.000 TL İndirim Fırsatı! TROY Logolu Emlak Katılım Paraf ve Emlak Katılım Debit Kart ile idefix’te 3.000 TL’ye Varan Anında İndirim Fırsatı! Kampayaya Nasıl Katılırım? TROY indirim kodu, idefix intern",,,
emlak_katilim-856f827bec26,emlak_katilim,Kampanya | Türkiye Emlak Katılım Bankası,https://www.emlakkatilim.com.tr/tr/bireysel/kampanyalar/kampanya/paraf-ile-itopyacomda-vade-farksiz-6-taksit,Kart Kampanyası,0.346,eslesen alanlar: govde,Paraf ile ITOPYA.COM'da Vade Farksız 6 Taksit! 31 Ağustos 2026 tarihine kadar Itopya mağazaları ve www.itopya.com’dan yapılacak taksitli alışverişinize vade farksız 6 taksit imkanı sunulacaktır. Kampanyadan faydalanmak i,,,
emlak_katilim-9f3c1feb1a7b,emlak_katilim,Kampanya | Türkiye Emlak Katılım Bankası,https://www.emlakkatilim.com.tr/tr/bireysel/kampanyalar/kampanya/paraf-ile-schaferde-pesin-fiyatina-9-taksit,Kart Kampanyası,0.825,"eslesen alanlar: url,breadcrumb,govde",Paraf ile Schafer’de Peşin Fiyatına 9 Taksit! Paraf ile Schafer mağazalarında ParafPOS’larından yapacağınız alışverişlerde vade farksız 9 aya varan taksit imkanı sağlanacaktır. Mağazalardan yapılacak alışverişlere sistem,,,
emlak_katilim-4be3b283ba43,emlak_katilim,Kampanya | Türkiye Emlak Katılım Bankası,https://www.emlakkatilim.com.tr/tr/bireysel/kampanyalar/kampanya/paraf-ile-porlandda-pesin-fiyatina-3-taksit,Kart Kampanyası,0.825,"eslesen alanlar: url,breadcrumb,govde",Paraf ile Porland’da Peşin Fiyatına 3 Taksit! Porland mağazalarında veya www.porland.com web sitelerinden Paraf Posların’dan yapacağınız alışverişlerde peşin fiyatına 3 taksit imkanı sağlanacaktır. Yapılacak alışverişler,,,
emlak_katilim-f5ddf44c3735,emlak_katilim,Kampanya | Türkiye Emlak Katılım Bankası,https://www.emlakkatilim.com.tr/tr/bireysel/kampanyalar/kampanya/paraf-ile-pazaramada-pesin-fiyatina-6-taksit,Kart Kampanyası,0.795,"eslesen alanlar: url,breadcrumb,govde",Paraf ile Pazarama’da Peşin Fiyatına 6 Taksit! 31 Ağustos 2026 tarihine kadar www.pazarama.com ve mobil uygulamasından tek seferde yapılacak alışverişlerde peşin fiyatına 6 aya varan taksit imkanı sunulmaktadır. Kampanya,,,
emlak_katilim-db541a6148ec,emlak_katilim,Kampanya | Türkiye Emlak Katılım Bankası,https://www.emlakkatilim.com.tr/tr/bireysel/kampanyalar/kampanya/troy-appleda-vade-farksiz-5-aya-varan-taksit,Alışveriş Puanı Kampanyası,0.398,eslesen alanlar: govde,Troy Apple’da vade farksız 5 aya varan taksit 31 Ağustos 2026 tarihine kadar Troy Apple mağazaları veya www.troyestore.com’de Paraf POS’undan yapılacak taksitli alışverişlerde vade farksız 5 aya varan taksit imkanı sunul,,,
emlak_katilim-e77c69f18837,emlak_katilim,Kampanya | Türkiye Emlak Katılım Bankası,https://www.emlakkatilim.com.tr/tr/bireysel/kampanyalar/kampanya/paraf-ile-vestelde-9-aya-varan-taksit-firsati,Kart Kampanyası,0.791,"eslesen alanlar: url,breadcrumb,govde","Paraf ile Vestel’de 9 Aya Varan Taksit Fırsatı! 31 Ağustos 2026 tarihine kadar Vestel.com.tr'den yapacağınız alışverişlerinizde peşin fiyatına 7 taksit, Paraf üyesi olan Vestel mağazalarında ise 9’a varan taksit fırsatın",,,
emlak_katilim-f25aa5a74eb3,emlak_katilim,Kampanya | Türkiye Emlak Katılım Bankası,https://www.emlakkatilim.com.tr/tr/bireysel/kampanyalar/kampanya/paraf-ile-ds-damatta-6-aya-varan-taksit-firsati,Kart Kampanyası,0.791,"eslesen alanlar: url,breadcrumb,govde",Paraf ile D’S Damat’ta 6 Aya Varan Taksit Fırsatı! 30 Haziran 2026 tarihine kadar D’S Damat mağazalarında Paraf POS’larından yapılacak alışverişlerde 6 aya varan taksit imkanı sunulacaktır. Kampanyadan Emlak Katılım Para,,,
emlak_katilim-b8bbd43d19fe,emlak_katilim,Kampanya | Türkiye Emlak Katılım Bankası,https://www.emlakkatilim.com.tr/tr/bireysel/kampanyalar/kampanya/paraf-ile-yenilioda-12-aya-varan-taksit-firsati,Kart Kampanyası,0.825,"eslesen alanlar: url,breadcrumb,govde",Paraf ile Yenilio’da 12 Aya Varan Taksit Fırsatı! 31 Ağustos 2026 tarihine kadar Yenilio mağazalarında ve www.yenilio.com.tr mağazalarından yapılacak alışverişlerde 12 taksit imkanı sunulacaktır. Taksit kampanyasından ya,,,
emlak_katilim-b887de038693,emlak_katilim,Kampanya | Türkiye Emlak Katılım Bankası,https://www.emlakkatilim.com.tr/tr/bireysel/kampanyalar/kampanya/modanisada-tum-indirimlere-ek-15-indirim-firsati,Kart Kampanyası,0.472,eslesen alanlar: govde,"Modanisa’da Tüm İndirimlere Ek %15 İndirim Fırsatı! Kampanyaya Nasıl Katılırım? İndirimden yararlanabilmek için sepette indirim kodu kutucuğunda ""Farklı Bir Kuponum Var"" seçilerek “ EKB15 ” kampanya kodunun ilgili alana",,,
emlak_katilim-9e946bd66a9e,emlak_katilim,Kampanya | Türkiye Emlak Katılım Bankası,https://www.emlakkatilim.com.tr/tr/bireysel/kampanyalar/kampanya/paraf-ile-yargici-magazalarinda-4-taksit-firsati,Kart Kampanyası,0.791,"eslesen alanlar: url,breadcrumb,govde",Paraf ile Yargıcı Mağazalarında 4 Taksit Fırsatı! 31 Ağustos 2026 tarihine kadar Yargıcı mağazalarında Paraf POS’larından yapılacak alışverişlerde 4 taksit imkanı sunulacaktır. 4 taksitten yararlanabilmek için kampanyanı,,,
emlak_katilim-9d2c9683a148,emlak_katilim,Kampanya | Türkiye Emlak Katılım Bankası,https://www.emlakkatilim.com.tr/tr/bireysel/kampanyalar/kampanya/paraf-ile-damat-tweende-6-aya-varan-taksit-firsati,Kart Kampanyası,0.791,"eslesen alanlar: url,breadcrumb,govde",Paraf ile Damat Tween’de 6 Aya Varan Taksit Fırsatı! 31 Aralık 2026 tarihine kadar Damat Tween mağazalarında Paraf POS’larından yapılacak alışverişlerde 6 aya varan taksit imkanı sunulacaktır. Kampanyadan Emlak Katılım P,,,
emlak_katilim-13aa33af2240,emlak_katilim,Kampanya | Türkiye Emlak Katılım Bankası,https://www.emlakkatilim.com.tr/tr/bireysel/kampanyalar/kampanya/enterprise-arac-kiralamalarinda-35-indirim-firsati,Kart Kampanyası,0.472,eslesen alanlar: govde,"Enterprise Araç Kiralamalarında %35 İndirim Fırsatı! Kampanyaya Nasıl Katılırım? Kampanyaya web sitesi banka iş birliğimiz sayfası üzerinden yapılacak araç kiralama işlemlerinde, ödeme aşamasında Emlak Katılım kartınız i",,,
emlak_katilim-93a97ac59bf2,emlak_katilim,Kampanya | Türkiye Emlak Katılım Bankası,https://www.emlakkatilim.com.tr/tr/bireysel/kampanyalar/kampanya/hizli-cicekte-tum-indirimlere-ek-20-indirim-firsati,Kart Kampanyası,0.472,eslesen alanlar: govde,"Hızlı Çiçek’te Tüm İndirimlere Ek %20 İndirim Fırsatı! Kampanyaya Nasıl Katılırım? Kampanyaya katılmak için sepetinizde EKB20 kodunu kupon kodu alanına girin. Ödemenizi Emlak Katılım Paraf, Emlak Katılım Paraf Premium ve",,,
emlak_katilim-7c3f8c4d7f0e,emlak_katilim,Kampanya | Türkiye Emlak Katılım Bankası,https://www.emlakkatilim.com.tr/tr/bireysel/kampanyalar/kampanya/paraf-ile-touristicacomtrde-pesin-fiyatina-9-taksit,Kart Kampanyası,0.825,"eslesen alanlar: url,breadcrumb,govde",Paraf ile Touristica.com.tr’de Peşin Fiyatına 9 Taksit! 31 Ağustos 2026 tarihine kadar www.touristica.com.tr mağazalarından yapılacak alışverişlerde 9 taksit imkanı sunulacaktır. Taksit sayısı otel bazında değişiklik gös,,,
emlak_katilim-f69adf96b261,emlak_katilim,Kampanya | Türkiye Emlak Katılım Bankası,https://www.emlakkatilim.com.tr/tr/bireysel/kampanyalar/kampanya/paraf-ile-trendyolda-pesin-fiyatina-9-taksit-firsati,Kart Kampanyası,0.795,"eslesen alanlar: url,breadcrumb,govde",Paraf ile Trendyol'da Peşin Fiyatına 9 Taksit Fırsatı! 1-31 Ağustos 2026 tarihlerinde www.trendyol.com ve mobil uygulamasından tek seferde yapacağınız 1.000 TL ve üzeri taksitli alışverişlerinizde peşin fiyatına 3 taksit,,,
emlak_katilim-7c9a29e4b5da,emlak_katilim,Kampanya | Türkiye Emlak Katılım Bankası,https://www.emlakkatilim.com.tr/tr/bireysel/kampanyalar/kampanya/paraf-ile-gurgenclerde-vade-farksiz-9-taksit-firsati,Kart Kampanyası,0.795,"eslesen alanlar: url,breadcrumb,govde",Paraf ile Gürgençler’de Vade Farksız 9 Taksit Fırsatı! 31 Ağustos 2026 tarihine kadar Gürgençler Apple mağazaları veya www.gurgencler.com.tr’de Paraf POS’undan yapılacak taksitli alışverişlerde vade farksız 9 aya varan t,,,
emlak_katilim-fe60d8068f22,emlak_katilim,Kampanya | Türkiye Emlak Katılım Bankası,https://www.emlakkatilim.com.tr/tr/bireysel/kampanyalar/kampanya/paraf-ile-ider-mobilyada-7-taksite-15-indirim-firsati,Alışveriş Puanı Kampanyası,0.398,eslesen alanlar: govde,Paraf ile İder Mobilya’da 7 Taksite %15 İndirim Fırsatı! Paraf ile İder Mobilya mağazalarında Paraf POS’larından yapacağınız alışverişlerde 7 taksit imkanı sunulacak ve %15 indirim uygulanacaktır. Kampanya kapsamıdan %15,,,
emlak_katilim-1270d080055d,emlak_katilim,Kampanya | Türkiye Emlak Katılım Bankası,https://www.emlakkatilim.com.tr/tr/bireysel/kampanyalar/kampanya/paraf-ile-caspercomtrde-pesin-fiyatina-6-taksit-firsati,Kart Kampanyası,0.795,"eslesen alanlar: url,breadcrumb,govde",Paraf ile Casper.com.tr'de Peşin Fiyatına 6 Taksit Fırsatı! 31 Ağustos 2026 tarihine kadar www.casper.com.tr web adresinde Paraf üye işyerlerinden yapılacak alışverişlerinize peşin fiyatına 3 taksit imkanı sunulacaktır.,,,
emlak_katilim-d964a8de103f,emlak_katilim,Kampanya | Türkiye Emlak Katılım Bankası,https://www.emlakkatilim.com.tr/tr/bireysel/kampanyalar/kampanya/paraf-ile-a101de-vade-farksiz-6-aya-varan-taksit-firsati,Kart Kampanyası,0.825,"eslesen alanlar: url,breadcrumb,govde","Paraf ile A101’de Vade Farksız 6 Aya Varan Taksit Fırsatı! 31 Ağustos 2026 tarihine kadar Paraf ile A101 Mağazalarında ve www.a101.com.tr ‘de Paraf POS’undan yapılacak 300 TL ve üzeri alışverişlerinizde vade farksız, peş",,,
emlak_katilim-244c1883bfcd,emlak_katilim,Kampanya | Türkiye Emlak Katılım Bankası,https://www.emlakkatilim.com.tr/tr/bireysel/kampanyalar/kampanya/paraf-ile-n11de-pesin-fiyatina-3-aya-varan-taksit-firsati,Kart Kampanyası,0.825,"eslesen alanlar: url,breadcrumb,govde",Paraf ile n11'de Peşin Fiyatına 3 Aya Varan Taksit Fırsatı! 31 Ağustos 2026 tarihine kadar n11’de tek seferde yapılacak alışverişlerde peşin fiyatına 3 aya varan taksit imkanı sunulmaktadır. Peşin fiyatına 3 taksit uygul,,,
emlak_katilim-d9a6390c731c,emlak_katilim,Kampanya | Türkiye Emlak Katılım Bankası,https://www.emlakkatilim.com.tr/tr/bireysel/kampanyalar/kampanya/paraf-ile-zsa-zsa-zsu-magazalarinda-pesin-fiyatina-6-taksit,Kart Kampanyası,0.825,"eslesen alanlar: url,breadcrumb,govde",Paraf ile Zsa Zsa Zsu Mağazalarında Peşin Fiyatına 6 Taksit! Paraf ile Zsa Zsa Zsu mağazalarında Paraf POS’larından yapacağınız alışverişlerde 6 taksit imkanı sağlanacaktır. Mağazalardan yapılacak alışverişlere sistem ta,,,
emlak_katilim-142c21d39a52,emlak_katilim,Kampanya | Türkiye Emlak Katılım Bankası,https://www.emlakkatilim.com.tr/tr/bireysel/kampanyalar/kampanya/paraf-ile-vatanda-pesin-fiyatina-6-aya-varan-taksit-firsati,Kart Kampanyası,0.795,"eslesen alanlar: url,breadcrumb,govde",Paraf ile Vatan’da Peşin Fiyatına 6 Aya Varan Taksit Fırsatı! 31 Ağustos 2026 tarihine kadar Vatan Bilgisayar mağazalarında ve vatanbilgisayar.com web adresinden Paraf POS’u üzerinden yapılacak taksitli alışverişlerde va,,,
emlak_katilim-c9b298bb70cd,emlak_katilim,Kampanya | Türkiye Emlak Katılım Bankası,https://www.emlakkatilim.com.tr/tr/bireysel/kampanyalar/kampanya/paraf-ile-hepsiburadada-pesin-fiyatina-6-aya-varan-taksit-firsati,Kart Kampanyası,0.795,"eslesen alanlar: url,breadcrumb,govde",Paraf ile Hepsiburada’da Peşin Fiyatına 6 Aya Varan Taksit Fırsatı! 10 Ağustos 2026 tarihine kadar www.hepsiburada.com ve mobil uygulamasından tek seferde yapılacak alışverişlerde vade farksız 3-6 taksit imkanı sunulacak,,,
emlak_katilim-bd2a38e3c63c,emlak_katilim,Kampanya | Türkiye Emlak Katılım Bankası,https://www.emlakkatilim.com.tr/tr/bireysel/kampanyalar/kampanya/paraf-ile-monster-notebookta-pesin-fiyatina-12-aya-varan-taksit-firsati,Kart Kampanyası,0.795,"eslesen alanlar: url,breadcrumb,govde",Paraf ile Monster Notebook’ta Peşin Fiyatına 12 Aya Varan Taksit Fırsatı! 31 Temmuz 2026 tarihine kadar Monster Notebook mağazalarında ve www.monsternotebook.com.tr’de yapılacak taksitli alışverişlerde vade farksız 12 ay,,,
emlak_katilim-2e1682cfd166,emlak_katilim,Kampanya | Türkiye Emlak Katılım Bankası,https://www.emlakkatilim.com.tr/tr/bireysel/kampanyalar/kampanya/metatechtrde-pesin-fiyatina-9-aya-varan-taksit-ve-6000-tlye-varan-parafpara,Alışveriş Puanı Kampanyası,0.738,"eslesen alanlar: url,breadcrumb,govde",Metatechtr’de Peşin Fiyatına 9 aya varan taksit ve 6.000 TL’ye varan ParafPara! 01-31 Ağustos 2026 tarihlerinde https://store.metatechtr.com sitesinde Paraf POS’undan tek seferde yapılacak ilk alışverişinize 25.000 - 44.,,,
emlak_katilim-cddc12566223,emlak_katilim,Kampanya | Türkiye Emlak Katılım Bankası,https://www.emlakkatilim.com.tr/tr/bireysel/kampanyalar/kampanya/parafa-ozel-yolcu360ta-yurt-ici-arac-kiralamalarina-net-10-indirim-ustelik-pesin-fiyatina-3-taksit,Kart Kampanyası,0.795,"eslesen alanlar: url,breadcrumb,govde","Paraf'a Özel Yolcu360'ta Yurt İçi Araç Kiralamalarına Net %10 İndirim, Üstelik Peşin Fiyatına 3 Taksit 31 Ağustos 2026 tarihine kadar, Paraf kredi kartlarına özel yurt içi araç kiralamalarında net 10% indirim, üstelik pe",,,
emlak_katilim-7dc94964ba2c,emlak_katilim,Pay Piyasası (Hisse Senedi),https://www.emlakkatilim.com.tr/tr/bireysel/yatirim-urunleri/sermaye-piyasasi-urunleri/pay-piyasasi-hisse-senedi,Yatırım Ürünü Kampanyası,0.66,"eslesen alanlar: url,baslik,breadcrumb,govde",Pay Piyasası (Hisse Senedi) Bankamız aracılığı ile adınıza tanımlanan Aracı Kurum Hesabı üzerinden pay piyasası işlemlerinizi İnternet ve Mobil Şubelerimiz üzerinden zahmetsizce gerçekleştirebilirsiniz. Üstelik şimdi Mob,,,
emlak_katilim-561d02fd8ec5,emlak_katilim,Sermaye Piyasası Ürünleri,https://www.emlakkatilim.com.tr/tr/bireysel/yatirim-urunleri/sermaye-piyasasi-urunleri,Yatırım Ürünü Kampanyası,0.66,"eslesen alanlar: url,breadcrumb,govde",X Emlak Katılım Mobil Ücretsiz-App Store Göster X Emlak Katılım Mobil Ücretsiz-Google Play Göster Sermaye Piyasası Ürünleri Yatırım Fonu Pay Piyasası (Hisse Senedi) Elektronik Ürün Senedi (ELÜS Kira Sertifikası (Sukuk) O,,,
emlak_katilim-7d131beb6a0b,emlak_katilim,Hazine ve Yatırım Ürünleri,https://www.emlakkatilim.com.tr/tr/bireysel/yatirim-urunleri/hazine-ve-yatirim-urunleri,Yatırım Ürünü Kampanyası,0.66,"eslesen alanlar: url,baslik,breadcrumb,govde",X Emlak Katılım Mobil Ücretsiz-App Store Göster X Emlak Katılım Mobil Ücretsiz-Google Play Göster Hazine ve Yatırım Ürünleri Bireysel hazine ürünlerimiz ve detaylarına bu sayfadan ulaşabilirsiniz. Döviz Alım Satım Kıymet,,,
emlak_katilim-f1d3d8932940,emlak_katilim,Kıymetli Maden Bankacılığı,https://www.emlakkatilim.com.tr/tr/bireysel/yatirim-urunleri/kiymetli-maden-bankaciligi,Yatırım Ürünü Kampanyası,0.6,"eslesen alanlar: url,breadcrumb",X Emlak Katılım Mobil Ücretsiz-App Store Göster X Emlak Katılım Mobil Ücretsiz-Google Play Göster Kıymetli Maden Bankacılığı Kıymetlli maden bankacılığı kapsamında bireysel müşterilerimize sunduğumuz hesap türlerine bu s,,,
emlak_katilim-23b75660519f,emlak_katilim,EmlakFX | Türkiye Emlak Katılım Bankası,https://www.emlakkatilim.com.tr/tr/bireysel/yatirim-urunleri/hazine-ve-yatirim-urunleri/emlakfx,Yatırım Ürünü Kampanyası,0.8,"eslesen alanlar: url,breadcrumb","EmlakFX Nedir? EmlakFX, avantajlı kurlarla döviz alım-satım ve kıymetli maden alım-satım işlemlerinin gerçekleştirilebileceği bir platformdur. EmlakFX Platformu cari hesaplarınıza ve limitlerinize entegre halde çalışır.",,,
emlak_katilim-862ae3ddab58,emlak_katilim,Yatırım Fonu,https://www.emlakkatilim.com.tr/tr/bireysel/yatirim-urunleri/sermaye-piyasasi-urunleri/yatirim-fonu,Yatırım Ürünü Kampanyası,0.66,"eslesen alanlar: url,baslik,breadcrumb,govde",Tasarruflarınızı katılım bankacılığı prensiplerine uygun yatırım fonlarında değerlendirmek istediğiniz takdirde bu işlemlerinizi bankamız üzerinden kolayca gerçekleştirebilirsiniz. Alım satımına aracılık ettiğimiz yatırı,,,
emlak_katilim-21bafb4f5c55,emlak_katilim,Altuni Şube,https://www.emlakkatilim.com.tr/tr/bireysel/yatirim-urunleri/kiymetli-maden-bankaciligi/altuni-sube,Yatırım Ürünü Kampanyası,0.66,"eslesen alanlar: url,breadcrumb,govde","Altuni Şube: Şeffaf, Güvenilir ve Hızlı Fiziki Altın Teslim Hizmeti Altuni Şube, Bankamıza fiziki olarak altın teslim eden müşterilerimizin fiziki altın taleplerini güvenilir, şeffaf ve hızlı bir şekilde karşılamak için",,,
emlak_katilim-097a1cd5a92f,emlak_katilim,Pay Senetleri,https://www.emlakkatilim.com.tr/tr/kurumsal/yatirim-urunleri/sermaye-piyasasi-urunleri/pay-senetleri,Yatırım Ürünü Kampanyası,0.6,"eslesen alanlar: url,breadcrumb",Katılım Endeksinde yer alan ve alım satımına aracılık edilen pay senetlerine ve Bankamızın ilgili faaliyet için temin etmiş olduğu icazet belgesine aşağıdaki linklerden ulaşılabilir; Alım Satımına Aracılık Edilecek Pay S,,,
emlak_katilim-764b7e38e82c,emlak_katilim,Elektronik Ürün Senedi (ELÜS) Alım Finansmanı,https://www.emlakkatilim.com.tr/tr/bireysel/finansmanlar/elektronik-urun-senedi-elus-alim-finansmani,Finansman Kampanyası,0.525,"eslesen alanlar: url,baslik,breadcrumb,govde","Elektronik Ürün Senedi (ELÜS) lisanslı depolarda bulunan ürünleri temsilen çıkarılan elektronik belgedir. Elektronik Ürün Senedi (ELÜS), lisanslı depo işletmelerince, Elektronik Kayıt Kuralları'na uygun olarak Merkezi Ka",,,
emlak_katilim-3cb80715b631,emlak_katilim,Altın Hesapları,https://www.emlakkatilim.com.tr/tr/bireysel/yatirim-urunleri/kiymetli-maden-bankaciligi/altin-hesaplari,Yatırım Ürünü Kampanyası,0.8,"eslesen alanlar: url,breadcrumb","Altın Cari Hesabı, müşterilerimize tasarruflarını altın olarak değerlendirme fırsatı sağlıyor. Altın Cari Hesabınız ile altın alım-satımı yapabilir ve hesabınızı dilediğiniz zaman kullanabilirsiniz. Altın Cari Hesabı ile",,,
emlak_katilim-57edfdf74d63,emlak_katilim,Döviz Alım-Satım,https://www.emlakkatilim.com.tr/tr/bireysel/yatirim-urunleri/hazine-ve-yatirim-urunleri/doviz-alim-satim,Yatırım Ürünü Kampanyası,0.6,"eslesen alanlar: url,breadcrumb","Döviz alım - satım işlemlerinizi, talimatlarınızı Emlak Katılım’da kolayca gerçekleştirebilirsiniz. İşlemleriniz Türk Lirası ve 16 döviz birimi dahilinde gerçekleştirilmektedir. Alım – satım işlemleri gerçekleştirilebile",,,
emlak_katilim-478de7d26f17,emlak_katilim,Kira Sertifikası (Sukuk),https://www.emlakkatilim.com.tr/tr/bireysel/yatirim-urunleri/sermaye-piyasasi-urunleri/kira-sertifikasi-sukuk,Yatırım Ürünü Kampanyası,0.644,"eslesen alanlar: url,baslik,breadcrumb,govde","Kira Sertifikası (Sukuk) Nedir? Her türlü varlık, hak, yatırım veya faaliyetlerin finansmanını sağlamak amacıyla varlık kiralama şirketleri tarafından ihraç edilen ve sahiplerinin bu varlık, hak, yatırım veya faaliyetler",,,
emlak_katilim-bcb70b500225,emlak_katilim,Kira Sertifikası (Sukuk),https://www.emlakkatilim.com.tr/tr/kurumsal/yatirim-urunleri/sermaye-piyasasi-urunleri/kira-sertifikasi-sukuk,Yatırım Ürünü Kampanyası,0.644,"eslesen alanlar: url,baslik,breadcrumb,govde","Kira Sertifikası (Sukuk) Nedir? Her türlü varlık, hak, yatırım veya faaliyetlerin finansmanını sağlamak amacıyla varlık kiralama şirketleri tarafından ihraç edilen ve sahiplerinin bu varlık, hak, yatırım veya faaliyetler",,,
emlak_katilim-b217ce003f68,emlak_katilim,Gümüş ve Platin Hesabı,https://www.emlakkatilim.com.tr/tr/bireysel/yatirim-urunleri/kiymetli-maden-bankaciligi/gumus-ve-platin-hesabi,Yatırım Ürünü Kampanyası,0.6,"eslesen alanlar: url,breadcrumb","Gümüş Cari Hesap ve Platin Cari Hesap hizmetimiz ile tasarruflarınızı gümüş ve platin olarak değerlendirebilir, gümüş ve platin alım-satım işlemleri gerçekleştirebilirsiniz. Gümüş Cari Hesap ve Platin Cari Hesap ile geli",,,
emlak_katilim-0043e729b3b5,emlak_katilim,Yeşil Kart Sigortası,https://www.emlakkatilim.com.tr/tr/bireysel/sigorta-ve-emeklilik/bireysel-sigorta-urunleri/yesil-kart-sigortasi,Kart Kampanyası,0.619,"eslesen alanlar: url,baslik,breadcrumb,govde","Yeşil Kart Sigortası, Yeşil Kart Sistemine üye ülkelerde yapacağınız yolculuklarda aracınızın bir kazaya karışması durumunda, diğer araçlara ve üçüncü şahıslara verebileceğiniz zararları bulunduğunuz ülkenin zorunlu traf",,,
emlak_katilim-236be03499c7,emlak_katilim,Kıymetli Maden Alım Satım,https://www.emlakkatilim.com.tr/tr/bireysel/yatirim-urunleri/hazine-ve-yatirim-urunleri/kiymetli-maden-alim-satim,Yatırım Ürünü Kampanyası,0.6,"eslesen alanlar: url,breadcrumb","Hesaplar Arası Kıymetli Maden Alım-Satım Kıymetli maden alım - satım işlemlerinizi, talimatlarınızı Emlak Katılım’da kolayca gerçekleştirebilirsiniz. Bankamızda hesaplar arası Altın, Gümüş ve Platin alım işlemi ve satış",,,
emlak_katilim-c72f432b6f0d,emlak_katilim,Elektronik Ürün Senedi (ELÜS),https://www.emlakkatilim.com.tr/tr/bireysel/yatirim-urunleri/sermaye-piyasasi-urunleri/elektronik-urun-senedi-elus,Yatırım Ürünü Kampanyası,0.637,"eslesen alanlar: url,breadcrumb,govde",Elektronik Ürün Senedi (ELÜS) nedir? Elektronik Ürün Senedi (ELÜS) lisanslı depolarda bulunan ürünleri temsilen çıkarılan elektronik belgelerdir. ELÜS lisanslı depolara teslim edilen tarımsal ürünlerin karşılığında oluşt,,,
emlak_katilim-557efe8dca7a,emlak_katilim,Elektronik Ürün Senedi (ELÜS) Teminatlı Finansman Desteği,https://www.emlakkatilim.com.tr/tr/kurumsal/tarim-bankaciligi/elektronik-urun-senedi-elus-teminatli-finansman-destegi,Finansman Kampanyası,0.56,"eslesen alanlar: url,baslik,breadcrumb,govde","Elektronik Ürün Senedi (ELÜS) Nedir? Elektronik Ürün Senedi (ELÜS), lisanslı depolarda bulunan ürünleri temsilen çıkarılan elektronik belgedir. ELÜS, Lisanslı Depo İşletmesince, Elektronik Kayıt Kurallarına uygun olarak",,,
turkiye_finans-8d5e15b03370,turkiye_finans,Ürün ve Hizmet Ücretleri | Bireysel,https://www.turkiyefinans.com.tr/tr-tr/bireysel/Sayfalar/urun-hizmet-ucretleri.aspx,Diğer / Kampanya Değil,0.7,kampanya sayfasi degil,İhtiyaç Finansmanı Hızlı Finansman Taşıt Finansmanı Konut Finansmanı Arsa Finansmanı İş yeri Finansmanı (İş yeri Kredisi)* Yedek Hesap Hazır Limit Günlük Hesap Cari Hesaplar Katılma Hesapları Kâr Payı Oranları Kâr Paylaş,,,
turkiye_finans-b059439965f1,turkiye_finans,Ara Dönem Kâr Payı Ödemeli Katılma Hesapları,https://www.turkiyefinans.com.tr/tr-tr/bireysel/katilma-hesaplari/Sayfalar/ara-donem-kar-payi.aspx,Diğer / Kampanya Değil,0.7,kampanya sayfasi degil,İhtiyaç Finansmanı Hızlı Finansman Taşıt Finansmanı Konut Finansmanı Arsa Finansmanı İş yeri Finansmanı (İş yeri Kredisi)* Yedek Hesap Hazır Limit Günlük Hesap Cari Hesaplar Katılma Hesapları Konforlu Hesap YUVAM Katılma,,,
turkiye_finans-aaa57aeb4a4c,turkiye_finans,Kar Payı Oranları | Bireysel,https://www.turkiyefinans.com.tr/tr-tr/bireysel/Sayfalar/Kar-Payi-Oranlari.aspx,Diğer / Kampanya Değil,0.7,kampanya sayfasi degil,İhtiyaç Finansmanı Hızlı Finansman Taşıt Finansmanı Konut Finansmanı Arsa Finansmanı İş yeri Finansmanı (İş yeri Kredisi)* Yedek Hesap Hazır Limit Günlük Hesap Cari Hesaplar Katılma Hesapları Kâr Payı Oranları Kâr Paylaş,,,
turkiye_finans-2bbe5ca21c31,turkiye_finans,Kar Paylaşım Oranları | Bireysel,https://www.turkiyefinans.com.tr/tr-tr/bireysel/Sayfalar/Kar-Paylasim-Oranlari.aspx,Diğer / Kampanya Değil,0.7,kampanya sayfasi degil,İhtiyaç Finansmanı Hızlı Finansman Taşıt Finansmanı Konut Finansmanı Arsa Finansmanı İş yeri Finansmanı (İş yeri Kredisi)* Yedek Hesap Hazır Limit Günlük Hesap Cari Hesaplar Katılma Hesapları Kâr Payı Oranları Kâr Paylaş,,,
turkiye_finans-f72617deb084,turkiye_finans,Kredi Kartı Kampanyaları,https://www.turkiyefinans.com.tr/tr-tr/kampanyalar/Sayfalar/kart-kampanyalari.aspx,Kart Kampanyası,0.708,"eslesen alanlar: url,baslik,breadcrumb,govde",Dijital Bankacılık Kampanyaları Kredi Kartı Kampanyaları Maaş Ödemesi Kampanyaları Yatırım Kampanyaları Birikim / Fon Kampanyaları Sigorta Kampanyaları Finansman Kampanyaları Ticari Kampanyalar Diğer Kampanyalar Biten Ka,,,
turkiye_finans-d9017335e160,turkiye_finans,Yatırım Kampanyaları | Kampanyalar,https://www.turkiyefinans.com.tr/tr-tr/kampanyalar/Sayfalar/yatirim-kampanyalari.aspx,Yatırım Ürünü Kampanyası,0.858,"eslesen alanlar: url,baslik,breadcrumb,govde",Dijital Bankacılık Kampanyaları Kredi Kartı Kampanyaları Maaş Ödemesi Kampanyaları Yatırım Kampanyaları Birikim / Fon Kampanyaları Sigorta Kampanyaları Finansman Kampanyaları Ticari Kampanyalar Diğer Kampanyalar Biten Ka,,,
turkiye_finans-c76873da3146,turkiye_finans,Finansman Kampanyaları,https://www.turkiyefinans.com.tr/tr-tr/kampanyalar/Sayfalar/finansman-kampanyalari.aspx,Finansman Kampanyası,0.747,"eslesen alanlar: url,baslik,breadcrumb,govde",Dijital Bankacılık Kampanyaları Kredi Kartı Kampanyaları Maaş Ödemesi Kampanyaları Yatırım Kampanyaları Birikim / Fon Kampanyaları Sigorta Kampanyaları Finansman Kampanyaları Ticari Kampanyalar Diğer Kampanyalar Biten Ka,,,
turkiye_finans-852a138be745,turkiye_finans,Birikim / Fon Kampanyaları | Kampanyalar,https://www.turkiyefinans.com.tr/tr-tr/kampanyalar/Sayfalar/birikim-fon-kampanyalari.aspx,Yatırım Ürünü Kampanyası,0.858,"eslesen alanlar: url,baslik,breadcrumb,govde",Dijital Bankacılık Kampanyaları Kredi Kartı Kampanyaları Maaş Ödemesi Kampanyaları Yatırım Kampanyaları Birikim / Fon Kampanyaları Sigorta Kampanyaları Finansman Kampanyaları Ticari Kampanyalar Diğer Kampanyalar Biten Ka,,,
turkiye_finans-0217d443d315,turkiye_finans,Kampanyalar,https://www.turkiyefinans.com.tr/tr-tr/kampanyalar/Sayfalar/default.aspx,Yatırım Ürünü Kampanyası,0.372,eslesen alanlar: govde,"Kampanyalar Finansman Kampanyaları Finansman ihtiyaçlarınız için kampanyalarımızı takip edin. Kredi Kartı Kampanyaları Kartınıza özel kampanyaları takip edin, avantajları kaçırmayın. Ticari Kampanyalar Firmanızın her tür",,,
turkiye_finans-538fb1ca1097,turkiye_finans,Diğer Kampanyalar | Kampanyalar,https://www.turkiyefinans.com.tr/tr-tr/kampanyalar/Sayfalar/diger-kampanyalar.aspx,Yatırım Ürünü Kampanyası,0.372,eslesen alanlar: govde,Dijital Bankacılık Kampanyaları Kredi Kartı Kampanyaları Maaş Ödemesi Kampanyaları Yatırım Kampanyaları Birikim / Fon Kampanyaları Sigorta Kampanyaları Finansman Kampanyaları Ticari Kampanyalar Diğer Kampanyalar Biten Ka,,,
turkiye_finans-d622eabca63e,turkiye_finans,Biten Kampanyalar,https://www.turkiyefinans.com.tr/tr-tr/kampanyalar/Sayfalar/Biten-Kampanyalar.aspx,İhtiyaç Finansmanı Kampanyası,0.406,eslesen alanlar: govde,Dijital Bankacılık Kampanyaları Kredi Kartı Kampanyaları Maaş Ödemesi Kampanyaları Yatırım Kampanyaları Birikim / Fon Kampanyaları Sigorta Kampanyaları Finansman Kampanyaları Ticari Kampanyalar Diğer Kampanyalar Biten Ka,,,
turkiye_finans-2c732c464a1c,turkiye_finans,Maaş Ödemesi Kampanyaları | Kampanyalar,https://www.turkiyefinans.com.tr/tr-tr/kampanyalar/Sayfalar/odeme-kampanyalari.aspx,Yatırım Ürünü Kampanyası,0.372,eslesen alanlar: govde,Dijital Bankacılık Kampanyaları Kredi Kartı Kampanyaları Maaş Ödemesi Kampanyaları Yatırım Kampanyaları Birikim / Fon Kampanyaları Sigorta Kampanyaları Finansman Kampanyaları Ticari Kampanyalar Diğer Kampanyalar Biten Ka,,,
turkiye_finans-61501c09c2e6,turkiye_finans,Ticari Kampanyalar,https://www.turkiyefinans.com.tr/tr-tr/kampanyalar/Sayfalar/ticari-kampanyalar.aspx,Yatırım Ürünü Kampanyası,0.367,eslesen alanlar: govde,Dijital Bankacılık Kampanyaları Kredi Kartı Kampanyaları Maaş Ödemesi Kampanyaları Yatırım Kampanyaları Birikim / Fon Kampanyaları Sigorta Kampanyaları Finansman Kampanyaları Ticari Kampanyalar Diğer Kampanyalar Biten Ka,,,
turkiye_finans-b70d68fa3eb2,turkiye_finans,Sigorta Kampanyaları | Kampanyalar,https://www.turkiyefinans.com.tr/tr-tr/kampanyalar/Sayfalar/sigorta-kampanyalari.aspx,Yatırım Ürünü Kampanyası,0.372,eslesen alanlar: govde,Dijital Bankacılık Kampanyaları Kredi Kartı Kampanyaları Maaş Ödemesi Kampanyaları Yatırım Kampanyaları Birikim / Fon Kampanyaları Sigorta Kampanyaları Finansman Kampanyaları Ticari Kampanyalar Diğer Kampanyalar Biten Ka,,,
turkiye_finans-0c0a8d736848,turkiye_finans,"Katılım Hesabınızı Şimdi Açın, Daha Yüksek Getiri Oranlarından Yararla",https://www.turkiyefinans.com.tr/tr-tr/kampanyalar/Sayfalar/katilim-hesabi-kampanyasi.aspx,Yatırım Ürünü Kampanyası,0.372,eslesen alanlar: govde,Dijital Bankacılık Kampanyaları Kredi Kartı Kampanyaları Maaş Ödemesi Kampanyaları Yatırım Kampanyaları Birikim / Fon Kampanyaları Sigorta Kampanyaları Finansman Kampanyaları Ticari Kampanyalar Diğer Kampanyalar Biten Ka,,,
turkiye_finans-08056d9e30ce,turkiye_finans,Dijital Bankacılık Kampanyaları | Kampanyalar,https://www.turkiyefinans.com.tr/tr-tr/kampanyalar/Sayfalar/dijital-bankacilik-kampanyalari.aspx,İhtiyaç Finansmanı Kampanyası,0.406,eslesen alanlar: govde,Dijital Bankacılık Kampanyaları Kredi Kartı Kampanyaları Maaş Ödemesi Kampanyaları Yatırım Kampanyaları Birikim / Fon Kampanyaları Sigorta Kampanyaları Finansman Kampanyaları Ticari Kampanyalar Diğer Kampanyalar Biten Ka,,,
turkiye_finans-416c7083b81e,turkiye_finans,Masrafsızlık Zaten Cepte Dahası Sizi Beklemekte,https://www.turkiyefinans.com.tr/tr-tr/kampanyalar/Sayfalar/masraflara-degil-hayata-katilin-kampanyasi.aspx,Yatırım Ürünü Kampanyası,0.367,eslesen alanlar: govde,Dijital Bankacılık Kampanyaları Kredi Kartı Kampanyaları Maaş Ödemesi Kampanyaları Yatırım Kampanyaları Birikim / Fon Kampanyaları Sigorta Kampanyaları Finansman Kampanyaları Ticari Kampanyalar Diğer Kampanyalar Biten Ka,,,
turkiye_finans-4b99e4729a5d,turkiye_finans,Paratik Banka Kartı | Bireysel,https://www.turkiyefinans.com.tr/tr-tr/bireysel/banka-kartlari/Sayfalar/paratik-para-karti.aspx,Kart Kampanyası,0.6,"eslesen alanlar: url,baslik,breadcrumb,govde",İhtiyaç Finansmanı Hızlı Finansman Taşıt Finansmanı Konut Finansmanı Arsa Finansmanı İş yeri Finansmanı (İş yeri Kredisi)* Yedek Hesap Hazır Limit Günlük Hesap Cari Hesaplar Katılma Hesapları Kâr Payı Oranları Kâr Paylaş,,,
turkiye_finans-492d019a85a9,turkiye_finans,Taşıt Finansmanı (Taşıt Kredisi)*,https://www.turkiyefinans.com.tr/tr-tr/bireysel/tasit-finansmani/Sayfalar/tasit-Finansmani.aspx,Taşıt Finansmanı Kampanyası,0.597,"eslesen alanlar: url,baslik,breadcrumb,govde",İhtiyaç Finansmanı Hızlı Finansman Taşıt Finansmanı Dijital Taşıt Finansmanı Konut Finansmanı Arsa Finansmanı İş yeri Finansmanı (İş yeri Kredisi)* Yedek Hesap Hazır Limit Günlük Hesap Cari Hesaplar Katılma Hesapları Kâr,,,
turkiye_finans-eab79b1ac350,turkiye_finans,Konut Finansmanı (Konut Kredisi)*,https://www.turkiyefinans.com.tr/tr-tr/bireysel/konut-finansmani/Sayfalar/konut-finansmani.aspx,Konut Finansmanı Kampanyası,0.597,"eslesen alanlar: url,baslik,breadcrumb,govde",İhtiyaç Finansmanı Hızlı Finansman Taşıt Finansmanı Konut Finansmanı Arsa Finansmanı İş yeri Finansmanı (İş yeri Kredisi)* Yedek Hesap Hazır Limit Günlük Hesap Cari Hesaplar Katılma Hesapları Kâr Payı Oranları Kâr Paylaş,,,
turkiye_finans-202d85bbfbe5,turkiye_finans,İhtiyaç Finansmanı: Bireysel Finansman,https://www.turkiyefinans.com.tr/tr-tr/bireysel/ihtiyac-finansmani/Sayfalar/ihtiyac-finansmani.aspx,İhtiyaç Finansmanı Kampanyası,0.581,"eslesen alanlar: url,baslik,breadcrumb,govde",İhtiyaç Finansmanı eXtra Limit Dijital İhtiyaç Finansmanı (Dijital İhtiyaç Kredisi)* Hızlı Finansman Taşıt Finansmanı Konut Finansmanı Arsa Finansmanı İş yeri Finansmanı (İş yeri Kredisi)* Yedek Hesap Hazır Limit Günlük,,,
turkiye_finans-c0d2f29fbb56,turkiye_finans,Kredi Notu (Kredi Puanı) Nedir? | Blog,https://www.turkiyefinans.com.tr/tr-tr/blog/Sayfalar/kredi-notu-nedir.aspx,Finansman Kampanyası,0.562,"eslesen alanlar: url,baslik,breadcrumb,govde",Günümüzün teknoloji desteği ile hızla değişen ve gelişen finans dünyasında attığımız her adım bir iz bırakıyor. Özellikle finansal alışkanlıklarımız bu izlerin en belirgin olduğu alanlardan birisi. Bu nedenle kredi (fina,,,
turkiye_finans-1b3447491705,turkiye_finans,Kredi Kartları | Bireysel,https://www.turkiyefinans.com.tr/tr-tr/bireysel/Sayfalar/kredi-kartlari.aspx,Kart Kampanyası,0.484,"eslesen alanlar: url,baslik,breadcrumb,govde",İhtiyaç Finansmanı Hızlı Finansman Taşıt Finansmanı Konut Finansmanı Arsa Finansmanı İş yeri Finansmanı (İş yeri Kredisi)* Yedek Hesap Hazır Limit Günlük Hesap Cari Hesaplar Katılma Hesapları Kâr Payı Oranları Kâr Paylaş,,,
turkiye_finans-608212f2f8d5,turkiye_finans,Yatırım Hizmetleri | Bireysel,https://www.turkiyefinans.com.tr/tr-tr/bireysel/yatirim-hizmetleri/Sayfalar/yatirim-hizmetleri.aspx,Yatırım Ürünü Kampanyası,0.641,"eslesen alanlar: url,baslik,breadcrumb,govde",İhtiyaç Finansmanı Hızlı Finansman Taşıt Finansmanı Konut Finansmanı Arsa Finansmanı İş yeri Finansmanı (İş yeri Kredisi)* Yedek Hesap Hazır Limit Günlük Hesap Cari Hesaplar Katılma Hesapları Kâr Payı Oranları Kâr Paylaş,,,
turkiye_finans-0b9cd4fd3de7,turkiye_finans,"Yatırım Fonu Nedir, Nasıl Alınır? | Blog",https://www.turkiyefinans.com.tr/tr-tr/blog/Sayfalar/yatirim-fonu-nedir.aspx,Yatırım Ürünü Kampanyası,0.88,"eslesen alanlar: url,baslik,breadcrumb,govde","Bugün piyasada hedeflerinize ve risk profilinize göre değerlendirebileceğiniz, birikimlerinizi büyütmenize olanak sağlayan pek çok yatırım aracı bulunuyor. Geçmişi 1772 yılına kadar uzanan yatırım fonları da bunlardan bi",,,
turkiye_finans-7d89c2f1a3c6,turkiye_finans,Arsa Finansmanı (Arsa Kredisi)*,https://www.turkiyefinans.com.tr/tr-tr/bireysel/Sayfalar/arsa-finansmani.aspx,Finansman Kampanyası,0.559,"eslesen alanlar: url,baslik,breadcrumb,govde",İhtiyaç Finansmanı Hızlı Finansman Taşıt Finansmanı Konut Finansmanı Arsa Finansmanı İş yeri Finansmanı (İş yeri Kredisi)* Yedek Hesap Hazır Limit Günlük Hesap Cari Hesaplar Katılma Hesapları Kâr Payı Oranları Kâr Paylaş,,,
turkiye_finans-4042d006dd36,turkiye_finans,İş yeri Finansmanı (İş yeri Kredisi)*,https://www.turkiyefinans.com.tr/tr-tr/bireysel/Sayfalar/isyeri-finansmani.aspx,Finansman Kampanyası,0.559,"eslesen alanlar: url,baslik,breadcrumb,govde",İhtiyaç Finansmanı Hızlı Finansman Taşıt Finansmanı Konut Finansmanı Arsa Finansmanı İş yeri Finansmanı (İş yeri Kredisi)* Yedek Hesap Hazır Limit Günlük Hesap Cari Hesaplar Katılma Hesapları Kâr Payı Oranları Kâr Paylaş,,,
turkiye_finans-500baa47ef94,turkiye_finans,Ticari Kartlar | Kredi Kartları,https://www.turkiyefinans.com.tr/tr-tr/kobi/ticari-kartlar/Sayfalar/default.aspx,Kart Kampanyası,0.563,"eslesen alanlar: url,baslik,breadcrumb,govde",KOBİ Anında Finansman Ticari Kartlar Ticari Kart Business Card Siftah Kart Paratik Ticari Kart POS Hizmetleri KOBİ’ler İçin Nakit Yönetimi Çözümleri Sektör ve Ürün Paketleri KOBİ'lere Özel Destekler Sözleşmeler ve Formla,,,
turkiye_finans-f9e86d483a24,turkiye_finans,Dış Ticaret Ödeme Yöntemleri: Güvenli ve Etkin Çözümler,https://www.turkiyefinans.com.tr/tr-tr/ticari/dis-ticaret-ve-finansmani/Sayfalar/dis-ticaret-odeme-yontemleri.aspx,Finansman Kampanyası,0.555,"eslesen alanlar: url,breadcrumb,govde",Ticari Katılma Hesapları Sektör ve Ürün Paketleri Nakdi Finansman Gayri Nakdi Finansman Dış Ticaret ve Finansmanı İthalat Ödeme Yöntemleri İhracat Ödeme Yöntemleri Dış Ticaret Masraf Paketleri Vadeli İhracat Finansmanı (,,,
turkiye_finans-3e714b3f09a7,turkiye_finans,Ticari Kartlar – KOBİ'ere Özel Esnek Ödeme Çözümleri,https://www.turkiyefinans.com.tr/tr-tr/kobi/ticari-kartlar/Sayfalar/ticari-kart.aspx,Kart Kampanyası,0.603,"eslesen alanlar: url,baslik,breadcrumb,govde",KOBİ Anında Finansman Ticari Kartlar Ticari Kart Business Card Siftah Kart Paratik Ticari Kart POS Hizmetleri KOBİ’ler İçin Nakit Yönetimi Çözümleri Sektör ve Ürün Paketleri KOBİ'lere Özel Destekler Sözleşmeler ve Formla,,,
turkiye_finans-f89f5b9524e5,turkiye_finans,Ana Sayfa - Hızlı Finansman,https://www.hizlifinansman.com.tr/Sayfalar/default.aspx,Finansman Kampanyası,0.642,"eslesen alanlar: baslik,govde","Tek SMS'le Hızlı Finansman Cebinizde! Yataş konforunu ertelemeyin, Hızlı Finansman'la hemen yenilenin Bosch teknolojisine Hızlı Finansman avantajlarıyla ulaşın! Hızlı Finansman’a Başvurun Hayalinizdeki Ford İçin Beklemey",,,
turkiye_finans-b4877002dd11,turkiye_finans,Gayri Nakdi Krediler | KOBİ,https://www.turkiyefinans.com.tr/tr-tr/ticari/gayri-nakdi-finansman/Sayfalar/default.aspx,Finansman Kampanyası,0.555,"eslesen alanlar: url,breadcrumb,govde",Ticari Katılma Hesapları Sektör ve Ürün Paketleri Nakdi Finansman Gayri Nakdi Finansman Dış Ticaret ve Finansmanı Ticari Kartlar Bankacılık Hizmetleri TFXTarget POS Hizmetleri Ödemeler Nakit Yönetimi Gayri Nakdi Finansma,,,
turkiye_finans-41467e24a90f,turkiye_finans,TFX Target: Yurt İçi / Dışı Fon Alım Satımı,https://www.turkiyefinans.com.tr/tr-tr/bireysel/yatirim-hizmetleri/Sayfalar/tfx-target.aspx,Yatırım Ürünü Kampanyası,0.641,"eslesen alanlar: url,baslik,breadcrumb,govde",İhtiyaç Finansmanı Hızlı Finansman Taşıt Finansmanı Konut Finansmanı Arsa Finansmanı İş yeri Finansmanı (İş yeri Kredisi)* Yedek Hesap Hazır Limit Günlük Hesap Cari Hesaplar Katılma Hesapları Kâr Payı Oranları Kâr Paylaş,,,
turkiye_finans-6a54a9757c41,turkiye_finans,Nakdi Finansman | Ticari,https://www.turkiyefinans.com.tr/tr-tr/ticari/nakdi-finansman/Sayfalar/nakdi-finansman.aspx,Finansman Kampanyası,0.56,"eslesen alanlar: url,baslik,breadcrumb,govde",Ticari Katılma Hesapları Sektör ve Ürün Paketleri Nakdi Finansman Esnek Destek Finansmanı Doğrudan Borçlandırma Sistemi Finansman Desteği Katılım Finans Kefalet Leasing Destek Çek Elektronik Ürün Senedi (ELÜS) ile Mahsul,,,
turkiye_finans-dfa88fdecbd7,turkiye_finans,Hazır Limit | İhtiyaç Finansmanı | Bireysel,https://www.turkiyefinans.com.tr/tr-tr/bireysel/ihtiyac-finansmani/Sayfalar/hazir-limit.aspx,İhtiyaç Finansmanı Kampanyası,0.581,"eslesen alanlar: url,baslik,breadcrumb,govde",İhtiyaç Finansmanı eXtra Limit Dijital İhtiyaç Finansmanı (Dijital İhtiyaç Kredisi)* Hızlı Finansman Taşıt Finansmanı Konut Finansmanı Arsa Finansmanı İş yeri Finansmanı (İş yeri Kredisi)* Yedek Hesap Hazır Limit Günlük,,,
turkiye_finans-ed68141dab9e,turkiye_finans,İhtiyaç Finansmanı: eXtra Limit,https://www.turkiyefinans.com.tr/tr-tr/bireysel/ihtiyac-finansmani/Sayfalar/extra-limit.aspx,İhtiyaç Finansmanı Kampanyası,0.581,"eslesen alanlar: url,baslik,breadcrumb,govde",İhtiyaç Finansmanı eXtra Limit Dijital İhtiyaç Finansmanı (Dijital İhtiyaç Kredisi)* Hızlı Finansman Taşıt Finansmanı Konut Finansmanı Arsa Finansmanı İş yeri Finansmanı (İş yeri Kredisi)* Yedek Hesap Hazır Limit Günlük,,,
turkiye_finans-2a4a570914d4,turkiye_finans,Tedarikçi Finansmanı | Nakit Yönetimi,https://www.turkiyefinans.com.tr/tr-tr/kobi/nakit-yonetimi/Sayfalar/tedarikci-finansmani.aspx,Finansman Kampanyası,0.749,"eslesen alanlar: url,baslik,breadcrumb,govde",KOBİ Anında Finansman Ticari Kartlar POS Hizmetleri KOBİ’ler İçin Nakit Yönetimi Çözümleri Maaş Firması Müşterilerine Özel Avantaj Paketi Destek Çek SWIFT gpi Sanal IBAN KOLAS FAST 7/24 Toplu FAST KOBİ Masraf Paketleri T,,,
turkiye_finans-a5037f394f89,turkiye_finans,KOBİ Anında Finansman: İşletmelere Hızlı ve Esnek Finansal Çözümler,https://www.turkiyefinans.com.tr/tr-tr/kobi/kobi-kredileri/Sayfalar/kobi-aninda-finansman.aspx,Finansman Kampanyası,0.562,"eslesen alanlar: url,baslik,breadcrumb,govde",KOBİ Anında Finansman Nakdi Krediler Gayri Nakdi Krediler Ticari Kartlar POS Hizmetleri KOBİ’ler İçin Nakit Yönetimi Çözümleri Sektör ve Ürün Paketleri KOBİ'lere Özel Destekler Sözleşmeler ve Formlar Dış Ticaret Finansma,,,
turkiye_finans-4ab6a3b736ba,turkiye_finans,Dijital Taksitli Ticari Finansman Desteği | KOBİ,https://www.turkiyefinans.com.tr/tr-tr/kobi/Sayfalar/dijital-taksitli-ticari-finansman-destegi.aspx,Finansman Kampanyası,0.562,"eslesen alanlar: url,baslik,breadcrumb,govde",KOBİ Anında Finansman Ticari Kartlar POS Hizmetleri KOBİ’ler İçin Nakit Yönetimi Çözümleri Sektör ve Ürün Paketleri KOBİ'lere Özel Destekler Sözleşmeler ve Formlar Dış Ticaret Finansmanı KOBİ'ler için Günlük Hesap Dijita,,,
turkiye_finans-4e41248a505d,turkiye_finans,Motosiklet Finansmanı (Motosiklet Kredisi)*,https://www.turkiyefinans.com.tr/tr-tr/bireysel/tasit-finansmani/Sayfalar/motosiklet-finansmani.aspx,Finansman Kampanyası,0.47,"eslesen alanlar: url,baslik,breadcrumb,govde",İhtiyaç Finansmanı Hızlı Finansman Taşıt Finansmanı Dijital Taşıt Finansmanı Konut Finansmanı Arsa Finansmanı İş yeri Finansmanı (İş yeri Kredisi)* Yedek Hesap Hazır Limit Günlük Hesap Cari Hesaplar Katılma Hesapları Kâr,,,
turkiye_finans-1640afc2ab16,turkiye_finans,Hisse Senedi | Yatırım Hizmetleri,https://www.turkiyefinans.com.tr/tr-tr/bireysel/yatirim-hizmetleri/hisse-senedi/Sayfalar/default.aspx,Yatırım Ürünü Kampanyası,0.641,"eslesen alanlar: url,baslik,breadcrumb,govde",İhtiyaç Finansmanı Hızlı Finansman Taşıt Finansmanı Konut Finansmanı Arsa Finansmanı İş yeri Finansmanı (İş yeri Kredisi)* Yedek Hesap Hazır Limit Günlük Hesap Cari Hesaplar Katılma Hesapları Kâr Payı Oranları Kâr Paylaş,,,
turkiye_finans-0b6b9f44a65e,turkiye_finans,Dijital Taşıt Finansmanı,https://www.turkiyefinans.com.tr/tr-tr/bireysel/tasit-finansmani/Sayfalar/dijital-tasit-finansmani.aspx,Taşıt Finansmanı Kampanyası,0.597,"eslesen alanlar: url,baslik,breadcrumb,govde",İhtiyaç Finansmanı Hızlı Finansman Taşıt Finansmanı Dijital Taşıt Finansmanı Konut Finansmanı Arsa Finansmanı İş yeri Finansmanı (İş yeri Kredisi)* Yedek Hesap Hazır Limit Günlük Hesap Cari Hesaplar Katılma Hesapları Kâr,,,
turkiye_finans-9439dd512ed6,turkiye_finans,Yurt Dışı Hisse Senedi | Yatırım Hizmetleri | Bireysel,https://www.turkiyefinans.com.tr/tr-tr/bireysel/yatirim-hizmetleri/Sayfalar/yurt-disi-hisse-senedi.aspx,Yatırım Ürünü Kampanyası,0.641,"eslesen alanlar: url,baslik,breadcrumb,govde",İhtiyaç Finansmanı Hızlı Finansman Taşıt Finansmanı Konut Finansmanı Arsa Finansmanı İş yeri Finansmanı (İş yeri Kredisi)* Yedek Hesap Hazır Limit Günlük Hesap Cari Hesaplar Katılma Hesapları Kâr Payı Oranları Kâr Paylaş,,,
turkiye_finans-9073bf0aa234,turkiye_finans,Dijital İhtiyaç Finansmanı (Dijital İhtiyaç Kredisi)*,https://www.turkiyefinans.com.tr/tr-tr/bireysel/ihtiyac-finansmani/Sayfalar/dijital-ihtiyac-finansmani.aspx,İhtiyaç Finansmanı Kampanyası,0.581,"eslesen alanlar: url,baslik,breadcrumb,govde",İhtiyaç Finansmanı eXtra Limit Dijital İhtiyaç Finansmanı (Dijital İhtiyaç Kredisi)* Hızlı Finansman Taşıt Finansmanı Konut Finansmanı Arsa Finansmanı İş yeri Finansmanı (İş yeri Kredisi)* Yedek Hesap Hazır Limit Günlük,,,
turkiye_finans-90a26ea37a97,turkiye_finans,Borsa Yatırım Fonu | Yatırım Hizmetleri,https://www.turkiyefinans.com.tr/tr-tr/bireysel/yatirim-hizmetleri/borsa-yatirim-fonu/Sayfalar/default.aspx,Yatırım Ürünü Kampanyası,0.641,"eslesen alanlar: url,baslik,breadcrumb,govde",İhtiyaç Finansmanı Hızlı Finansman Taşıt Finansmanı Konut Finansmanı Arsa Finansmanı İş yeri Finansmanı (İş yeri Kredisi)* Yedek Hesap Hazır Limit Günlük Hesap Cari Hesaplar Katılma Hesapları Kâr Payı Oranları Kâr Paylaş,,,
turkiye_finans-8552b5cb7a9b,turkiye_finans,Ticari Hat / Ticari Plaka Finansmanı (Ticari Hat / Ticari Plaka Kredis,https://www.turkiyefinans.com.tr/tr-tr/bireysel/tasit-finansmani/Sayfalar/taksitli-ticari-tasit-finansmani.aspx,Finansman Kampanyası,0.47,"eslesen alanlar: url,baslik,breadcrumb,govde",İhtiyaç Finansmanı Hızlı Finansman Taşıt Finansmanı Dijital Taşıt Finansmanı Konut Finansmanı Arsa Finansmanı İş yeri Finansmanı (İş yeri Kredisi)* Yedek Hesap Hazır Limit Günlük Hesap Cari Hesaplar Katılma Hesapları Kâr,,,
turkiye_finans-322f91a31568,turkiye_finans,Yatırım Fonları | Yatırım Hizmetleri,https://www.turkiyefinans.com.tr/tr-tr/bireysel/yatirim-hizmetleri/yatirim-fonlari/Sayfalar/yatirim-fonlari.aspx,Yatırım Ürünü Kampanyası,0.641,"eslesen alanlar: url,baslik,breadcrumb,govde",İhtiyaç Finansmanı Hızlı Finansman Taşıt Finansmanı Konut Finansmanı Arsa Finansmanı İş yeri Finansmanı (İş yeri Kredisi)* Yedek Hesap Hazır Limit Günlük Hesap Cari Hesaplar Katılma Hesapları Kâr Payı Oranları Kâr Paylaş,,,
turkiye_finans-41d11eb87216,turkiye_finans,Taksitli Ticari Taşıt Finansmanı (Taksitli Ticari Taşıt Kredisi)*,https://www.turkiyefinans.com.tr/tr-tr/bireysel/tasit-finansmani/Sayfalar/ticari-hat-ticari-plaka-finansmani.aspx,Taşıt Finansmanı Kampanyası,0.597,"eslesen alanlar: url,baslik,breadcrumb,govde",İhtiyaç Finansmanı Hızlı Finansman Taşıt Finansmanı Dijital Taşıt Finansmanı Konut Finansmanı Arsa Finansmanı İş yeri Finansmanı (İş yeri Kredisi)* Yedek Hesap Hazır Limit Günlük Hesap Cari Hesaplar Katılma Hesapları Kâr,,,
turkiye_finans-3da422fd128e,turkiye_finans,Nasıl TFXTarget Kullanıcı Olunur? | Yatırım Hizmetleri | Bireysel,https://www.turkiyefinans.com.tr/tr-tr/bireysel/yatirim-hizmetleri/Sayfalar/tfxtarget-kullanicisi-nasil-olunur.aspx,Yatırım Ürünü Kampanyası,0.641,"eslesen alanlar: url,baslik,breadcrumb,govde",İhtiyaç Finansmanı Hızlı Finansman Taşıt Finansmanı Konut Finansmanı Arsa Finansmanı İş yeri Finansmanı (İş yeri Kredisi)* Yedek Hesap Hazır Limit Günlük Hesap Cari Hesaplar Katılma Hesapları Kâr Payı Oranları Kâr Paylaş,,,
turkiye_finans-31ac23b0f661,turkiye_finans,Sıkça Sorulan Sorular,https://www.turkiyefinans.com.tr/tr-tr/musteri-memnuniyet-merkezi/Sayfalar/Sikca-Sorulan-Sorular.aspx?category=finansman,Finansman Kampanyası,0.424,eslesen alanlar: url,Müşteri İletişim Formu İletişim Kanallarımız - 0850 222 22 44 Sıkça Sorulan Sorular Hakem Heyeti Başvuruları KVK Hakkında Bilgilendirme Vadesiz Altın Hesabı nedir? Vadesiz Altın Hesabı gram altın bazında tasarruf yapmanı,,,
turkiye_finans-4d6c59634854,turkiye_finans,Sıkça Sorulan Sorular,https://www.turkiyefinans.com.tr/tr-tr/musteri-memnuniyet-merkezi/Sayfalar/Sikca-Sorulan-Sorular.aspx?category=konutfinansmani,Konut Finansmanı Kampanyası,0.529,"eslesen alanlar: url,govde",Müşteri İletişim Formu İletişim Kanallarımız - 0850 222 22 44 Sıkça Sorulan Sorular Hakem Heyeti Başvuruları KVK Hakkında Bilgilendirme Konut bedelinin en fazla ne kadarı için finansman desteği kullanabilirim? İlk Konut,,,
turkiye_finans-84db8998ecfd,turkiye_finans,Sıkça Sorulan Sorular,https://www.turkiyefinans.com.tr/tr-tr/musteri-memnuniyet-merkezi/Sayfalar/Sikca-Sorulan-Sorular.aspx?category=ihtiyacfinansmani,İhtiyaç Finansmanı Kampanyası,0.515,"eslesen alanlar: url,govde",Müşteri İletişim Formu İletişim Kanallarımız - 0850 222 22 44 Sıkça Sorulan Sorular Hakem Heyeti Başvuruları KVK Hakkında Bilgilendirme İhtiyaç Finansmanı (İhtiyaç Kredisi)* başvurusu için gerekli belgeler nelerdir? Nüfu,,,
turkiye_finans-f6f8f0513887,turkiye_finans,Yedek Hesap | Bireysel,https://www.turkiyefinans.com.tr/tr-tr/bireysel/Sayfalar/yedek-hesap.aspx,Diğer / Kampanya Değil,0.7,kampanya sayfasi degil,İhtiyaç Finansmanı Hızlı Finansman Taşıt Finansmanı Konut Finansmanı Arsa Finansmanı İş yeri Finansmanı (İş yeri Kredisi)* Yedek Hesap Hazır Limit Günlük Hesap Cari Hesaplar Katılma Hesapları Kâr Payı Oranları Kâr Paylaş,,,
turkiye_finans-9fa9a7346b3a,turkiye_finans,Günlük Hesap | Bireysel,https://www.turkiyefinans.com.tr/tr-tr/bireysel/Sayfalar/gunluk-hesap.aspx,Diğer / Kampanya Değil,0.7,kampanya sayfasi degil,İhtiyaç Finansmanı Hızlı Finansman Taşıt Finansmanı Konut Finansmanı Arsa Finansmanı İş yeri Finansmanı (İş yeri Kredisi)* Yedek Hesap Hazır Limit Günlük Hesap Cari Hesaplar Katılma Hesapları Kâr Payı Oranları Kâr Paylaş,,,
turkiye_finans-28dcf6582d5d,turkiye_finans,KOBİ'ler için Günlük Hesap | KOBİ,https://www.turkiyefinans.com.tr/tr-tr/kobi/Sayfalar/kobi-icin-gunluk-hesap.aspx,Diğer / Kampanya Değil,0.7,kampanya sayfasi degil,KOBİ Anında Finansman Ticari Kartlar POS Hizmetleri KOBİ’ler İçin Nakit Yönetimi Çözümleri Sektör ve Ürün Paketleri KOBİ'lere Özel Destekler Sözleşmeler ve Formlar Dış Ticaret Finansmanı KOBİ'ler için Günlük Hesap Dijita,,,
turkiye_finans-13e0e8164032,turkiye_finans,Kıymetli Maden Ürünleri: Altın & Gümüş Hesap,https://www.turkiyefinans.com.tr/tr-tr/bireysel/altin-urunleri/Sayfalar/default.aspx,Diğer / Kampanya Değil,0.7,kampanya sayfasi degil,İhtiyaç Finansmanı Hızlı Finansman Taşıt Finansmanı Konut Finansmanı Arsa Finansmanı İş yeri Finansmanı (İş yeri Kredisi)* Yedek Hesap Hazır Limit Günlük Hesap Cari Hesaplar Katılma Hesapları Kâr Payı Oranları Kâr Paylaş,,,
turkiye_finans-91fb8530347b,turkiye_finans,"Stopaj Nedir, Nasıl Hesaplanır? | Blog",https://www.turkiyefinans.com.tr/tr-tr/blog/Sayfalar/stopaj-nedir-nasil-hesaplanir.aspx,Diğer / Kampanya Değil,0.7,kampanya sayfasi degil,"Ekonomik büyüme ve kalkınmayı teşvik edecek kamu yatırımları ve sosyal programlar sürdürülebilir finansman kaynaklarına ihtiyaç duyar. Sağlık, eğitim, altyapı ve diğer hizmetleri sağlayan bu programlar, gelişmiş, işlevse",,,
turkiye_finans-eba49b3adf17,turkiye_finans,Altın Hesap | Kıymetli Maden Ürünleri | Bireysel,https://www.turkiyefinans.com.tr/tr-tr/bireysel/altin-urunleri/sayfalar/altin-hesap.aspx,Diğer / Kampanya Değil,0.7,kampanya sayfasi degil,İhtiyaç Finansmanı Hızlı Finansman Taşıt Finansmanı Konut Finansmanı Arsa Finansmanı İş yeri Finansmanı (İş yeri Kredisi)* Yedek Hesap Hazır Limit Günlük Hesap Cari Hesaplar Katılma Hesapları Kâr Payı Oranları Kâr Paylaş,,,
turkiye_finans-5f8d4de230af,turkiye_finans,Cari Hesap | Bireysel Finansman,https://www.turkiyefinans.com.tr/tr-tr/bireysel/cari-hesaplar/Sayfalar/cari-hesaplar.aspx,İhtiyaç Finansmanı Kampanyası,0.515,"eslesen alanlar: baslik,govde",İhtiyaç Finansmanı Hızlı Finansman Taşıt Finansmanı Konut Finansmanı Arsa Finansmanı İş yeri Finansmanı (İş yeri Kredisi)* Yedek Hesap Hazır Limit Günlük Hesap Cari Hesaplar Katılma Hesapları Kâr Payı Oranları Kâr Paylaş,,,
turkiye_finans-0651352e1121,turkiye_finans,Tam Pansiyon Turizm Paketi | Ticari,https://www.turkiyefinans.com.tr/tr-tr/ticari/sektor-urun-paketleri/Sayfalar/tam-pansiyon-turizm-paketi.aspx,Diğer / Kampanya Değil,0.7,kampanya sayfasi degil,Ticari Katılma Hesapları Sektör ve Ürün Paketleri Tam Pansiyon Turizm Paketi Turizm İşletme Destek Kredileri Yat/Tekne Yatırım Kredisi Dış Ticaret Finans Paketi Lisanssız Yenilenebilir Enerji Paketi Nakdi Finansman Gayri,,,
turkiye_finans-2b29849f8e14,turkiye_finans,Devlet Destekli Vadeli Hesap: Konut Hesabı,https://www.turkiyefinans.com.tr/tr-tr/bireysel/katilma-hesaplari/Sayfalar/konut-hesap.aspx,Diğer / Kampanya Değil,0.7,kampanya sayfasi degil,İhtiyaç Finansmanı Hızlı Finansman Taşıt Finansmanı Konut Finansmanı Arsa Finansmanı İş yeri Finansmanı (İş yeri Kredisi)* Yedek Hesap Hazır Limit Günlük Hesap Cari Hesaplar Katılma Hesapları Konforlu Hesap YUVAM Katılma,,,
turkiye_finans-4ac60b0784fe,turkiye_finans,"Rayiç Bedel Nedir, Nasıl Hesaplanır?",https://www.turkiyefinans.com.tr/tr-tr/blog/Sayfalar/rayic-bedel-nedir-nasil-hesaplanir.aspx,Diğer / Kampanya Değil,0.7,kampanya sayfasi degil,"Hem gayrimenkul hem de araç alıp satarken karşımıza çıkan rayiç bedel kavramı, aynı zamanda emlak vergisi ödemeleriniz ve kasko primleriniz için de büyük önem taşıyor. Bu yazımızda rayiç bedel hakkında merak ettikleriniz",,,
turkiye_finans-72a2c2dd029b,turkiye_finans,Vadeli Katılma Hesabı: Çeyiz Hesabı,https://www.turkiyefinans.com.tr/tr-tr/bireysel/katilma-hesaplari/Sayfalar/ceyiz-hesabi.aspx,Yatırım Ürünü Kampanyası,0.555,"eslesen alanlar: baslik,govde",İhtiyaç Finansmanı Hızlı Finansman Taşıt Finansmanı Konut Finansmanı Arsa Finansmanı İş yeri Finansmanı (İş yeri Kredisi)* Yedek Hesap Hazır Limit Günlük Hesap Cari Hesaplar Katılma Hesapları Konforlu Hesap YUVAM Katılma,,,
turkiye_finans-85150ccbabd6,turkiye_finans,Günlük Vadeli Hesap: Konforlu Hesap,https://www.turkiyefinans.com.tr/tr-tr/bireysel/katilma-hesaplari/Sayfalar/konforlu-hesap.aspx,Diğer / Kampanya Değil,0.7,kampanya sayfasi degil,İhtiyaç Finansmanı Hızlı Finansman Taşıt Finansmanı Konut Finansmanı Arsa Finansmanı İş yeri Finansmanı (İş yeri Kredisi)* Yedek Hesap Hazır Limit Günlük Hesap Cari Hesaplar Katılma Hesapları Konforlu Hesap YUVAM Katılma,,,
turkiye_finans-c5b39a7c5def,turkiye_finans,Vadeli Yatırım Hesabı: Bol Kepçe Hesap,https://www.turkiyefinans.com.tr/tr-tr/bireysel/katilma-hesaplari/Sayfalar/bol-kepce-hesap.aspx,Yatırım Ürünü Kampanyası,0.555,"eslesen alanlar: baslik,govde",İhtiyaç Finansmanı Hızlı Finansman Taşıt Finansmanı Konut Finansmanı Arsa Finansmanı İş yeri Finansmanı (İş yeri Kredisi)* Yedek Hesap Hazır Limit Günlük Hesap Cari Hesaplar Katılma Hesapları Konforlu Hesap YUVAM Katılma,,,
turkiye_finans-a6110e3a809c,turkiye_finans,Mobilden Vadeli Hesap Aç: e-Katılma Hesabı,https://www.turkiyefinans.com.tr/tr-tr/bireysel/katilma-hesaplari/Sayfalar/e-katilma-hesabi.aspx,Yatırım Ürünü Kampanyası,0.641,"eslesen alanlar: url,baslik,breadcrumb,govde",İhtiyaç Finansmanı Hızlı Finansman Taşıt Finansmanı Konut Finansmanı Arsa Finansmanı İş yeri Finansmanı (İş yeri Kredisi)* Yedek Hesap Hazır Limit Günlük Hesap Cari Hesaplar Katılma Hesapları Konforlu Hesap YUVAM Katılma,,,
turkiye_finans-240387942409,turkiye_finans,Katılma Hesapları | Vadeli Hesaplar,https://www.turkiyefinans.com.tr/tr-tr/bireysel/katilma-hesaplari/Sayfalar/katilma-hesaplari.aspx,Diğer / Kampanya Değil,0.7,kampanya sayfasi degil,İhtiyaç Finansmanı Hızlı Finansman Taşıt Finansmanı Konut Finansmanı Arsa Finansmanı İş yeri Finansmanı (İş yeri Kredisi)* Yedek Hesap Hazır Limit Günlük Hesap Cari Hesaplar Katılma Hesapları Konforlu Hesap YUVAM Katılma,,,
turkiye_finans-c3c0599aac5b,turkiye_finans,Altın Katılım Hesabı | Kıymetli Maden Ürünleri | Bireysel,https://www.turkiyefinans.com.tr/tr-tr/bireysel/altin-urunleri/Sayfalar/altin-katilim-hesabi.aspx,Diğer / Kampanya Değil,0.7,kampanya sayfasi degil,İhtiyaç Finansmanı Hızlı Finansman Taşıt Finansmanı Konut Finansmanı Arsa Finansmanı İş yeri Finansmanı (İş yeri Kredisi)* Yedek Hesap Hazır Limit Günlük Hesap Cari Hesaplar Katılma Hesapları Kâr Payı Oranları Kâr Paylaş,,,
turkiye_finans-cfcb62ac051c,turkiye_finans,Digital Onboarding: Görüntülü Başvuru,https://www.turkiyefinans.com.tr/tr-tr/dijital-bankacilik/mobil/Sayfalar/goruntulu_hesap_acma.aspx,Diğer / Kampanya Değil,0.7,kampanya sayfasi degil,Mobil Akıllı Asistan ARI İnternet Şubesi ATM Bankacılığı SMS Şubesi Müşteri İletişim Merkezi Engelsiz Bankacılık Sıkça Sorulan Sorular Güvenlik Güvenlik Uygulamaları Karekod Dijital Slip Ödeme İste Açık Bankacılık - Bank,,,
turkiye_finans-a0aa84ad98a5,turkiye_finans,Yuvam Hesap: TL Katılma Hesabı,https://www.turkiyefinans.com.tr/tr-tr/bireysel/katilma-hesaplari/Sayfalar/yuvam-katilim-hesabi.aspx,Yatırım Ürünü Kampanyası,0.631,"eslesen alanlar: baslik,breadcrumb,govde",İhtiyaç Finansmanı Hızlı Finansman Taşıt Finansmanı Konut Finansmanı Arsa Finansmanı İş yeri Finansmanı (İş yeri Kredisi)* Yedek Hesap Hazır Limit Günlük Hesap Cari Hesaplar Katılma Hesapları Konforlu Hesap YUVAM Katılma,,,
turkiye_finans-78d2261add4d,turkiye_finans,İşletmenize Özel Sektör ve Ürün Paketleri,https://www.turkiyefinans.com.tr/tr-tr/kobi/sektor-ve-urun-paketleri/Sayfalar/sektor-ve-urun-paketleri.aspx,Kart Kampanyası,0.346,eslesen alanlar: govde,KOBİ Anında Finansman Ticari Kartlar POS Hizmetleri KOBİ’ler İçin Nakit Yönetimi Çözümleri Sektör ve Ürün Paketleri Diş Hekimi Avantaj Paketi Eczacı Avantaj Paketi Veteriner Hekim Avantaj Paketi KOBİ'lere Özel Destekler,,,
turkiye_finans-00a01b4f1342,turkiye_finans,Esnek Vadeli Katılma Hesabı,https://www.turkiyefinans.com.tr/tr-tr/bireysel/katilma-hesaplari/Sayfalar/esnek-vadeli-katilim-hesabi.aspx,Yatırım Ürünü Kampanyası,0.631,"eslesen alanlar: baslik,breadcrumb,govde",İhtiyaç Finansmanı Hızlı Finansman Taşıt Finansmanı Konut Finansmanı Arsa Finansmanı İş yeri Finansmanı (İş yeri Kredisi)* Yedek Hesap Hazır Limit Günlük Hesap Cari Hesaplar Katılma Hesapları Konforlu Hesap YUVAM Katılma,,,
turkiye_finans-3714f8b69520,turkiye_finans,Şirketiniz İçin Katılma Hesapları,https://www.turkiyefinans.com.tr/tr-tr/ticari/ticari-katilma-hesaplari/Sayfalar/ticari-katilma-hesaplari.aspx,Diğer / Kampanya Değil,0.7,kampanya sayfasi degil,Ticari Katılma Hesapları e-Katılma Hesabı Ticari Kâr Payı Oranları Ticari Kâr Paylaşım Oranları Şirketler için Günlük Hesap Sektör ve Ürün Paketleri Nakdi Finansman Gayri Nakdi Finansman Dış Ticaret ve Finansmanı Ticari,,,
turkiye_finans-a6e738b0a617,turkiye_finans,Sıkça Sorulan Sorular,https://www.turkiyefinans.com.tr/tr-tr/musteri-memnuniyet-merkezi/Sayfalar/Sikca-Sorulan-Sorular.aspx?category=yedekhesap,Diğer / Kampanya Değil,0.7,kampanya sayfasi degil,Müşteri İletişim Formu İletişim Kanallarımız - 0850 222 22 44 Sıkça Sorulan Sorular Hakem Heyeti Başvuruları KVK Hakkında Bilgilendirme Yedek Hesap nedir? Yedek Hesap; acil ihtiyaçlarınızı finanse edebilmeniz için hesabı,,,
turkiye_finans-dbb3c341964c,turkiye_finans,Bireysel | Bireysel Bankacılık İşlemleri,https://www.turkiyefinans.com.tr/tr-tr/bireysel/Sayfalar/default.aspx,Konut Finansmanı Kampanyası,0.412,eslesen alanlar: govde,Bireysel İhtiyaç Finansmanı Türkiye Finans desteği ile bireysel ihtiyaçlarınızı zorlanmadan karşılayın. Konut Finansmanı Avantajlı kâr payı oranları ile hayalinizdeki eve sahip olmak çok kolay! Âlâ Bankacılık Âlâ'nın ayr,,,
turkiye_finans-30e8242bb052,turkiye_finans,Türkiye Finans Katılım Bankası,https://www.turkiyefinans.com.tr/tr-tr/Sayfalar/default.aspx,Diğer / Kampanya Değil,0.45,kampanya sayfasi degil,TL AY Kâr Oranı Kâr oranını kendim belirleyeceğim Aylık Taksit Tutarı Ödenecek Toplam Tutar Ödeme Planı Taşıt Finansmanı Başvurusu Konut Finansmanı Başvurusu Tüm Başvurular Başvurularımız Tür Para Birimi Vade (Gün) Ana P,,,
turkiye_finans-1fea765670a3,turkiye_finans,2023'ü Geride Bırakırken,https://www.turkiyefinans.com.tr/tr-tr/blog/Sayfalar/2023.aspx,Diğer / Kampanya Değil,0.45,kampanya sayfasi degil,"Yeni bir yıla girerken, 2023'ü büyük bir acı ile başlayıp 100. yıl coşkusuyla uğurladık. Türkiye Finans olarak, bu yıl boyunca yenilikçi yapımızın odağına insanı alarak değerli paydaşlarımızla birlikte yoğun bir yıl geçi",,,
turkiye_finans-854a577778c8,turkiye_finans,"e-İmza Nedir, Nasıl Kullanılır?",https://www.turkiyefinans.com.tr/tr-tr/blog/Sayfalar/e-imza.aspx,Diğer / Kampanya Değil,0.7,kampanya sayfasi degil,"Dijital Sözleşmelerin Anahtarı: e-İmza İşlemleri onaylamak, anlaşmaları güvence altına almak, kimlikleri doğrulamak için kullandığımız imzanın tarihi MÖ 3.500 yılına kadar uzanıyor. Sümerlerin, çivi yazısıyla yazdıkları",,,
turkiye_finans-79684652b24c,turkiye_finans,KOBİ Hizmet ve Finansmanları,https://www.turkiyefinans.com.tr/tr-tr/kobi/Sayfalar/default.aspx,Finansman Kampanyası,0.7,"eslesen alanlar: baslik,govde",KOBİ Sektörel Paketler Sektörünüzün ihtiyaçlarına uygun finansman çözümleri Türkiye Finans’ta. POS Hizmetlerimiz Firmanızın ihtiyaçları için en uygun POS çözümleri ile tanışın. Nakit Yönetimi Ödemeleriniz ve tahsilatları,,,
turkiye_finans-1fdfeab3d8b2,turkiye_finans,"Finans, Ekonomi ve Kültür & Sanata Dair Blog",https://www.turkiyefinans.com.tr/tr-tr/blog/Sayfalar/default.aspx,Diğer / Kampanya Değil,0.7,kampanya sayfasi degil,Blog Tümü (60) Finans ve Yatırım (14) Bankacılık (13) Sürdürülebilirlik (4) Sigorta (7) Teknoloji (5) Kültür ve Yaşam (15) Güvenlik (1) Finansman (1) Hızlı Finansman Çözümleri Nelerdir? Nasıl Başvuru Yapılır? Hızlı Finan,,,
turkiye_finans-d707c62e5387,turkiye_finans,Site Haritası,https://www.turkiyefinans.com.tr/tr-tr/Sayfalar/site-haritasi.aspx,Diğer / Kampanya Değil,0.45,kampanya sayfasi degil,Bireysel KOBİ Ticari Dijital Bankacılık Blog Diğer İhtiyaç Finansmanı eXtra Limit Dijital İhtiyaç Finansmanı (Dijital İhtiyaç Kredisi)* Hızlı Finansman Trendyol Alışveriş Finansmanı Taşıt Finansmanı Dijital Taşıt Finansm,,,
turkiye_finans-e1e0b765097a,turkiye_finans,Ticari Hizmet ve Finansmanlar,https://www.turkiyefinans.com.tr/tr-tr/ticari/Sayfalar/default.aspx,Finansman Kampanyası,0.7,"eslesen alanlar: baslik,govde","Ticari İthalat İthalat işlemleriniz için uygun finansman desteği Türkiye Finans’ta. İhracat İhracat işlemleriniz için uygun finansman çözümleri Türkiye Finans’ta. Business Card İş Dünyasının İşini Kolaylaştırır, Bonus Av",,,
turkiye_finans-a8f13774ede8,turkiye_finans,Ödemeler | Bireysel,https://www.turkiyefinans.com.tr/tr-tr/bireysel/odemeler/Sayfalar/odemeler.aspx,Diğer / Kampanya Değil,0.7,kampanya sayfasi degil,İhtiyaç Finansmanı Hızlı Finansman Taşıt Finansmanı Konut Finansmanı Arsa Finansmanı İş yeri Finansmanı (İş yeri Kredisi)* Yedek Hesap Hazır Limit Günlük Hesap Cari Hesaplar Katılma Hesapları Kâr Payı Oranları Kâr Paylaş,,,
turkiye_finans-2d7cb37fa4cc,turkiye_finans,DASK - Zorunlu Deprem Sigortası Nedir? | Türkiye Finans,https://www.turkiyefinans.com.tr/tr-tr/blog/Sayfalar/dask-nedir.aspx,Diğer / Kampanya Değil,0.7,kampanya sayfasi degil,"DASK - Zorunlu Deprem Sigortası Ne İşe Yarar, Neden Önemlidir? Ülkemizin büyük bir kısmı yüksek derecede deprem riski taşıyor. 2000 yılından beri yaptırılması zorunlu olan deprem sigortası, bu büyük riski yönetebilmeyi v",,,
turkiye_finans-42288aab55e7,turkiye_finans,Yeşil Finans: Çevre ve Ekonominin Keşişim Noktası,https://www.turkiyefinans.com.tr/tr-tr/blog/Sayfalar/yesil-finans.aspx,Diğer / Kampanya Değil,0.7,kampanya sayfasi degil,"İklim değişikliğinin ve çevresel bozulmanın etkilerini her geçen gün daha derinden hissediyoruz. Ekstrem hava olayları, yağış rejimlerinin değişmesi, endüstriyel tarım ve hayvancılığın atmosferimiz üzerindeki olumsuz etk",,,
turkiye_finans-e9ed5c85560f,turkiye_finans,Sigorta Nedir? Sigorta Çeşitleri Nelerdir?,https://www.turkiyefinans.com.tr/tr-tr/blog/Sayfalar/sigorta-nedir.aspx,Diğer / Kampanya Değil,0.7,kampanya sayfasi degil,"Hepimiz evimizde, iş yerlerimizde, trafikte farklı risklerle karşılaşabileceğimizi biliyor ve gerekli önlemleri almaya çalışıyoruz. Arabamızı dikkatli kullanıyor, iş makinelerini talimatlara uygun yönetiyor, sağlığımıza",,,
vakif_katilim-8a1ab7cbadbe,vakif_katilim,Ürün ve Hizmet Ücretleri,https://www.vakifkatilim.com.tr/tr/yardimci-sayfalar/urun-ve-hizmet-ucretleri,Diğer / Kampanya Değil,0.7,kampanya sayfasi degil,Ürün ve Hizmet Ücretleri Aşağıdaki seçeneklerden birini seçerek istediğiniz işlem hakkında maliyet bilgilerini öğrenebilirsiniz. Bireysel Ürün ve Hizmet Ücretleri Tablosu Son Güncelleme Tarihi: Ticari Ürün ve Hizmet Ücre,,,
vakif_katilim-78a47f5b12f6,vakif_katilim,Kar Paylaşım Oranları | Bireysel,https://www.vakifkatilim.com.tr/tr/kendim-icin/hesaplar/katilma-hesaplari/kar-paylasim-oranlari,Diğer / Kampanya Değil,0.45,kampanya sayfasi degil,"Kâr Paylaşım Oranları TL, USD, EUR ve altın para cinslerinde uygun kâr paylaşım oranları Vakıf Katılım'da. Kâr paylaşım oranı, kâr zarar ortaklığı çerçevesinde toplanan fonların hesap sahipleriyle Vakıf Katılım arasında",,,
vakif_katilim-e8fcfba58db0,vakif_katilim,Ara Dönem Kar Payı Ödemeli Katılma Hesabı | Bireysel,https://www.vakifkatilim.com.tr/tr/kendim-icin/hesaplar/katilma-hesaplari/ara-donem-kar-payi-odemeli-katilma-hesabi,Yatırım Ürünü Kampanyası,0.644,"eslesen alanlar: url,baslik,breadcrumb,govde",Ara Dönem Kâr Payı Ödemeli Katılma Hesabı Vakıf Katılım ile yüksek kâr payı oranlarından faydalanırken kârınızı ne zaman alacağınızı da siz belirleyin. Ara Dönem Kâr Payı Ödemeli Katılma Hesabı Nedir? Ara Dönem Kâr Payı,,,
vakif_katilim-03b377e6c4c9,vakif_katilim,VKart’la Sağlıkta Vade Farksız 5 Taksit,https://www.vakifkatilim.com.tr/tr/kendim-icin/kampanyalar/detay/vkartla-saglikta-vade-farksiz-5-taksit,Yatırım Ürünü Kampanyası,0.367,eslesen alanlar: govde,"VKart’la Sağlıkta Vade Farksız 5 Taksit Kampanya Geçerlilik Tarihi 02 Ocak 2026 - 31 Aralık 2026 Kampanya Detayları 31 Aralık 2026 tarihine kadar sağlık harcamalarınızı bireysel Vakıf Katılım Kredi Kartı ile ödeyin, vade",,,
vakif_katilim-3c8ddbc0b12a,vakif_katilim,Vialand’da %25 İndirim!,https://www.vakifkatilim.com.tr/tr/kendim-icin/kampanyalar/detay/vialandda-25-indirim,Yeni Müşteri Kampanyası,0.504,eslesen alanlar: govde,Vialand’da %25 İndirim! Kampanya Geçerlilik Tarihi 08 Ocak 2026 - 30 Eylül 2026 Kampanya Detayları Vakıf Katılım müşterileri Vialand Tema Park günlük giriş biletlerinde %25 indirim den yararlanıyor. Mobil Şube “Kampanyal,,,
vakif_katilim-03c2855c1658,vakif_katilim,Muhiku’da %20 İndirim!,https://www.vakifkatilim.com.tr/tr/kendim-icin/kampanyalar/detay/muhikuda-20-indirim,Yatırım Ürünü Kampanyası,0.367,eslesen alanlar: govde,Muhiku’da %20 İndirim! Kampanya Geçerlilik Tarihi 17 Aralık 2025 - 31 Aralık 2026 Kampanya Detayları Vakıf Katılımlılar Muhiku’da yapacakları 1.000 TL ve üzeri alışverişlerde %20 indirimden yararlanıyor! Mobil Şube “Kamp,,,
vakif_katilim-acc264662889,vakif_katilim,Espressolab Hediye Kahve Kampanyası,https://www.vakifkatilim.com.tr/tr/kendim-icin/kampanyalar/detay/espressolab-hediye-kahve-kampanyasi,Yeni Müşteri Kampanyası,0.504,eslesen alanlar: govde,Espressolab Hediye Kahve Kampanyası Kampanya Geçerlilik Tarihi 01 Ocak 2026 - 31 Aralık 2026 Kampanya Detayları Vakıf Katılımlı Olanlara 2 Kahve Hediye! Vakıf Katılım & Espressolab iş birliği ile Vakıf Katılım Mobil Şube,,,
vakif_katilim-21f5058e2c0c,vakif_katilim,Taze Çiçek’te %15 İndirim!,https://www.vakifkatilim.com.tr/tr/kendim-icin/kampanyalar/detay/taze-cicekte-15-indirim,Yatırım Ürünü Kampanyası,0.367,eslesen alanlar: govde,"Taze Çiçek’te %15 İndirim! Kampanya Geçerlilik Tarihi 08 Ocak 2026 - 31 Aralık 2026 Kampanya Detayları Vakıf Katılım müşterileri, Taze Çiçek’te yapacakları alışverişlerde %15 indirim den yararlanıyor! Mobil Şube “ Kampan",,,
vakif_katilim-a34f03e0c477,vakif_katilim,Detay | Vakıf Katılım,https://www.vakifkatilim.com.tr/tr/kendim-icin/kampanyalar/detay/tamamla-kazan,Yatırım Ürünü Kampanyası,0.367,eslesen alanlar: govde,"Tamamla Kazan Kampanya Geçerlilik Tarihi 01 Temmuz 2025 - 31 Aralık 2029 Kampanya Detayları Vakıf Katılım Mobil'i kullanan müşterilerimize özel avantajlar Tamamla Kazan’da! Uygulamada bulunan 6 kriteri tamamlayın, size ö",,,
vakif_katilim-708596b1b513,vakif_katilim,TROY’la Eğitimde Vade Farksız 5 Taksit,https://www.vakifkatilim.com.tr/tr/kendim-icin/kampanyalar/detay/troyla-egitimde-vade-farksiz-5-taksit,Yatırım Ürünü Kampanyası,0.367,eslesen alanlar: govde,"TROY’la Eğitimde Vade Farksız 5 Taksit Kampanya Geçerlilik Tarihi 02 Ocak 2026 - 31 Aralık 2026 Kampanya Detayları 31 Aralık 2026 tarihine kadar eğitim harcamalarınızı bireysel Vakıf Katılım TROY Kredi Kartı ile ödeyin,",,,
vakif_katilim-31772238f171,vakif_katilim,Forward | Kurumsal,https://www.vakifkatilim.com.tr/tr/isim-icin/yatirim/hazine-urunleri/forward,Yatırım Ürünü Kampanyası,0.66,"eslesen alanlar: url,breadcrumb,govde",Forward İhtiyaçlarınız doğrultusunda kur riskinden korunma amacıyla vaade dayalı alım satım (forward) işlemlerinizi güvenle gerçekleştirebilirsiniz. Forward (Vaade Dayalı Alım Satım İşlemi) Nedir? Kur riskinden korunmak,,,
vakif_katilim-7fce3c1ba426,vakif_katilim,Döviz Alım Satım | Bireysel,https://www.vakifkatilim.com.tr/tr/kendim-icin/yatirim/hazine-urunleri/doviz-alimsatim,Yatırım Ürünü Kampanyası,0.88,"eslesen alanlar: url,breadcrumb,govde",Döviz Alım/Satım Döviz alım-satım işlemlerinizi Şubelerimiz ve dijital kanallarımız aracılığıyla en uygun kurlarla güvenle gerçekleştirebilirsiniz. Döviz Alım / Satım İçeriği Nedir? Vakıf Katılım’da rekabetçi kur avantaj,,,
vakif_katilim-886217c552d2,vakif_katilim,Hisse Senedi | Bireysel,https://www.vakifkatilim.com.tr/tr/kendim-icin/yatirim/sermaye-piyasasi-urunleri/hisse-senedi,Yatırım Ürünü Kampanyası,0.66,"eslesen alanlar: url,baslik,breadcrumb,govde","Hisse Senedi Birikimlerinizi, büyük ölçekli yatırımlara ortak edebileceğiniz hisse senedi işlemlerini Vakıf Katılım İnternet ve Mobil Şube kanallarından kolayca gerçekleştirebilirsiniz. Dijital müşterilerimize özel on bi",,,
vakif_katilim-143dc8384124,vakif_katilim,Yatırım Fonları | Kurumsal,https://www.vakifkatilim.com.tr/tr/isim-icin/yatirim/sermaye-piyasasi-urunleri/yatirim-fonlari,Yatırım Ürünü Kampanyası,0.66,"eslesen alanlar: url,baslik,breadcrumb,govde",Yatırım Fonları Profesyonel portföy yönetim şirketleri tarafından yönetilen ve katılım bankacılığı prensiplerine uygun yatırım fonlarına Vakıf Katılım aracılığıyla ulaşabilirsiniz. Yatırım Fonu Nedir? Portföy yönetim şir,,,
vakif_katilim-b1fe3aed89f8,vakif_katilim,Kıymetli Maden Alım Satım | Bireysel,https://www.vakifkatilim.com.tr/tr/kendim-icin/yatirim/hazine-urunleri/kiymetli-maden-alimsatim,Yatırım Ürünü Kampanyası,0.88,"eslesen alanlar: url,breadcrumb,govde",Kıymetli Maden Alım/Satım Kıymetli maden alım satım işlemlerinizi Şubelerimiz ve dijital kanallarımız aracılığıyla en uygun kurlarla güvenle gerçekleştirebilirsiniz. Kıymetli Maden Alım/Satım İçeriği Nedir? Vakıf Katılım,,,
vakif_katilim-21fdf2d3936e,vakif_katilim,Yatırım Fonları | Bireysel,https://www.vakifkatilim.com.tr/tr/kendim-icin/yatirim/sermaye-piyasasi-urunleri/yatirim-fonlari,Yatırım Ürünü Kampanyası,0.66,"eslesen alanlar: url,baslik,breadcrumb,govde",Yatırım Fonları Profesyonel portföy yönetim şirketleri tarafından yönetilen ve katılım bankacılığı prensiplerine uygun yatırım fonlarına Vakıf Katılım aracılığıyla ulaşabilirsiniz. Yatırım Fonu Nedir? Portföy yönetim şir,,,
vakif_katilim-710f9023681c,vakif_katilim,Arzum’da %15 İndirim!,https://www.vakifkatilim.com.tr/tr/kendim-icin/kampanyalar/detay/arzumda-15-indirim,Yatırım Ürünü Kampanyası,0.367,eslesen alanlar: govde,"Arzum’da %15 İndirim! Kampanya Geçerlilik Tarihi 13 Mart 2026 - 31 Aralık 2026 Kampanya Detayları Vakıf Katılım müşterileri, Arzum'da yapacakları alışverişlerde %15 indirimden yararlanıyor! Mobil Şube “ Kampanyalar ” ala",,,
vakif_katilim-0c13059ce93b,vakif_katilim,“VClub Dünyası” Artık Vakıf Katılım Mobil’de!,https://www.vakifkatilim.com.tr/tr/kendim-icin/kampanyalar/detay/vclub-dunyasi-artik-vakif-katilim-mobilde,Kart Kampanyası,0.346,eslesen alanlar: govde,"“VClub Dünyası” Artık Vakıf Katılım Mobil’de! Kampanya Geçerlilik Tarihi 22 Nisan 2026 - 31 Aralık 2026 Kampanya Detayları VClub Nedir? VClub, Vakıf Katılım Bankası müşterilerine özel sunulan; restoran ve kafelerden giyi",,,
vakif_katilim-e5f18227a332,vakif_katilim,Vakıf Katılımlı Olanlara tabii’den Premium Üyelik!,https://www.vakifkatilim.com.tr/tr/kendim-icin/kampanyalar/detay/vakif-katilimli-olanlara-tabiiden-premium-uyelik,Yeni Müşteri Kampanyası,0.504,eslesen alanlar: govde,"Vakıf Katılımlı Olanlara tabii’den Premium Üyelik! Kampanya Geçerlilik Tarihi 08 Mayıs 2026 - 30 Kasım 2026 Kampanya Detayları Vakıf Katılım & tabii iş birliğiyle, Vakıf Katılım Mobil Şube üzerinden müşterimiz olarak tab",,,
vakif_katilim-6e16fc1ad7d4,vakif_katilim,Lizay'dan Yapacağınız Takı Alışverişlerinizde %50'ye Varan İndirim!,https://www.vakifkatilim.com.tr/tr/kendim-icin/kampanyalar/detay/lizaydan-yapacaginiz-taki-alisverislerinizde-50ye-varan-indirim,Yeni Müşteri Kampanyası,0.504,eslesen alanlar: govde,Lizay'dan Yapacağınız Takı Alışverişlerinizde %50'ye Varan İndirim! Kampanya Geçerlilik Tarihi 06 Ocak 2026 - 01 Aralık 2026 Kampanya Detayları Vakıf Katılım müşterileri Lizay Pırlanta mağazalarında yapacakları pırlanta,,,
vakif_katilim-260786e70cf1,vakif_katilim,Motosiklet Finansmanı | Bireysel,https://www.vakifkatilim.com.tr/tr/kendim-icin/finansmanlar/motosiklet-finansmani,Finansman Kampanyası,0.561,"eslesen alanlar: url,baslik,breadcrumb,govde",Motosiklet Finansmanı Vakıf Katılım tarafından sunulan Motosiklet Finansmanı desteği ile 0 km motosiklet alımlarınızı uygun kâr payı oranlarımızla gerçekleştirebilirsiniz. Finansman Hesapla Müşteri Ol Motosiklet Finansma,,,
vakif_katilim-49512dbe6575,vakif_katilim,Ferah Kart | Kurumsal,https://www.vakifkatilim.com.tr/tr/isim-icin/ticari-kartlar/finansman-kartlari/ferah-kart,Kart Kampanyası,0.523,"eslesen alanlar: url,baslik,breadcrumb,govde","Ferah Kart Peşin harcamalarınızı Ferah Kart ile taksitlendirin, rahat rahat ödeyin. Ferah Kart Nedir? Vakıf Katılım Ferah Kart ile yapacağınız tek çekim alışverişler, ödeme gücünüze göre baştan belirlediğiniz kâr payı ve",,,
vakif_katilim-5ef7c287e952,vakif_katilim,Tedarikçi Finansman Sistemi,https://www.vakifkatilim.com.tr/tr/isim-icin/finansmanlar/nakdi-finansmanlar/tedarikci-finansman-sistemi,Finansman Kampanyası,0.578,"eslesen alanlar: url,baslik,breadcrumb,govde","Tedarikçi Finansman Sistemi Tedarikçi Finansman Sistemi ile faturalarınızın vadesini beklemeden finansman ihtiyacınızı karşılıyoruz. Tedarikçi Finansman Sistemi Nedir? Tedarikçi Finansman Sistemi, alım-satım ilişkisi bul",,,
vakif_katilim-ff1aaf8e0a79,vakif_katilim,Ticari Kartlar | Kurumsal,https://www.vakifkatilim.com.tr/tr/isim-icin/ticari-kartlar,Kart Kampanyası,0.804,"eslesen alanlar: url,baslik,breadcrumb,govde","Ticari Kartlar VKart dünyasında masraf yok! Kredi Kartı VKart Business’da kolaylık var, masraf yok. Banka Kartı Bağlı hesaplarınızdan alışverişin keyfini çıkarın! Finansman Kartları Finansman kartlarıyla hayallerinizi bü",,,
vakif_katilim-8babdcd39bfe,vakif_katilim,Kredi Kartı | Kurumsal,https://www.vakifkatilim.com.tr/tr/isim-icin/ticari-kartlar/kredi-karti,Kart Kampanyası,0.645,"eslesen alanlar: url,baslik,breadcrumb,govde","Kredi Kartı VKart Business’da kolaylık var, masraf yok. VKart Business VKart Business, şirketinize ait mal ve hizmet alımları gibi tüm ticari satın alma işlemlerinde kullanılmak üzere oluşturulmuş temassız özellikli bir",,,
vakif_katilim-81657d51432c,vakif_katilim,Dış Ticaret Finansmanları | Kurumsal,https://www.vakifkatilim.com.tr/tr/isim-icin/dis-ticaret/dis-ticaret-finansmanlari,Finansman Kampanyası,0.77,"eslesen alanlar: url,baslik,breadcrumb,govde",Dış Ticaret Finansmanları Dış ticaret finansman desteğimizle ticaretiniz hız kesmiyor. İthalat Finansmanı İthalat finansman desteği Vakıf Katılım ile hizmetinizde. İhracat Finansmanı İhracat finansman desteği Vakıf Katıl,,,
vakif_katilim-9981fcbc7c18,vakif_katilim,VKart Debit | Kurumsal,https://www.vakifkatilim.com.tr/tr/isim-icin/ticari-kartlar/banka-karti/vkart-debit,Kart Kampanyası,0.619,"eslesen alanlar: url,breadcrumb,govde",VKart Debit Vakıf Katılım banka kartı VKart Debit ile hesabınızdan yapacağınız harcamalarınızı gerçekleştirebilirsiniz. VKart Debit İçeriği Nedir? Vakıf Katılım banka kartı VKart Debit ile karta bağlı vadesiz hesabınızda,,,
vakif_katilim-53dfd49a9e2a,vakif_katilim,İthalat Finansmanları | Kurumsal,https://www.vakifkatilim.com.tr/tr/isim-icin/dis-ticaret/dis-ticaret-finansmanlari/ithalat-finansmani,Finansman Kampanyası,0.578,"eslesen alanlar: url,baslik,breadcrumb,govde","İthalat Finansmanı İthalat finansman desteği Vakıf Katılım ile hizmetinizde. İthalat Finansmanı Nedir? İşletmenizin ithalat faaliyetleri doğrultusunda ihtiyaç duyduğu ham madde, aramalı, emtia vb. alımlarına yönelik Bank",,,
vakif_katilim-29db8699a416,vakif_katilim,İhracat Finansmanları | Kurumsal,https://www.vakifkatilim.com.tr/tr/isim-icin/dis-ticaret/dis-ticaret-finansmanlari/ihracat-finansmani,Finansman Kampanyası,0.56,"eslesen alanlar: url,baslik,breadcrumb,govde","İhracat Finansmanı İhracat finansman desteği Vakıf Katılım ile hizmetinizde. İçeriği Nedir? İşletmenizin mal üretiminde ihtiyaç duyduğu ham madde, aramalı gibi girdilerin alımında kullanabileceğiniz finansmanları Bankamı",,,
vakif_katilim-480ef3e818fa,vakif_katilim,Nakdi Finansmanlar | Kurumsal,https://www.vakifkatilim.com.tr/tr/isim-icin/finansmanlar/nakdi-finansmanlar,Finansman Kampanyası,0.77,"eslesen alanlar: url,baslik,breadcrumb,govde","Nakdi Finansmanlar Vadeli İhracatın Finansmanı İhracatçı firmalarımıza vadeli akreditiflerini beklemeden, finansman desteği Vakıf Katılım Şubelerinde. TCMB Destekli Eximbank İhracat... Eximbank aracılığıyla Merkez Bankas",,,
vakif_katilim-db276276ac6b,vakif_katilim,Tarım Finansmanları | Kurumsal,https://www.vakifkatilim.com.tr/tr/isim-icin/finansmanlar/tarim-finansmanlari,Finansman Kampanyası,0.578,"eslesen alanlar: url,baslik,breadcrumb,govde","Tarım Finansmanları Tarım Finansmanları Vakıf Katılım’da Vakıf Katılım Çiftçisinin Yanında! Tarım Finansmanı ürünlerimize bu sayfadan ulaşabilir, detaylı bilgi alabilirsiniz. Elektronik Ürün Senedi Karşılığı... Elektroni",,,
vakif_katilim-351e69fa7abe,vakif_katilim,Gayrinakdi Finansmanlar | Kurumsal,https://www.vakifkatilim.com.tr/tr/isim-icin/finansmanlar/gayrinakdi-finansmanlar,Finansman Kampanyası,0.77,"eslesen alanlar: url,baslik,breadcrumb,govde",Gayrinakdi Finansmanlar Eximbank Teminat Mektubu Eximbank teminat mektubu desteği Vakıf Katılım ile hizmetinizde. Harici Garanti / Kontrgaranti Garantör bankanın garanti lehtarına (muhatap) karşı geri dönülemez taahhüdüd,,,
vakif_katilim-35a38227191d,vakif_katilim,KOBİ Destekli Finansmanlar | Kurumsal,https://www.vakifkatilim.com.tr/tr/isim-icin/finansmanlar/kobi-destekli-finansmanlar,Finansman Kampanyası,0.578,"eslesen alanlar: url,baslik,breadcrumb,govde","KOBİ Destekli Finansmanlar Vakıf Katılım işini büyütmek, üretimini artırmak ve dijitalleşmek isteyen KOBİ’lere özel finansman ürünleriyle her zaman yanında. KOSGEB Destekli Finansman Vakıf Katılım ve KOSGEB iş birliğiyle",,,
vakif_katilim-22d37424c09c,vakif_katilim,Finansal Kiralamalar | Kurumsal,https://www.vakifkatilim.com.tr/tr/isim-icin/finansmanlar/finansal-kiralamalar,Finansman Kampanyası,0.7,"eslesen alanlar: url,breadcrumb","Finansal Kiralamalar Finansal Kiralama Kanununun ilgili hükümleri çerçevesinde, taşınır ve taşınmaz malların bankamız tarafından temin edilerek kiralanmasıdır. Finansal Kiralama Finansal Kiralama Kanununun ilgili hükümle",,,
vakif_katilim-93333f88f471,vakif_katilim,Finansal Kiralama | Kurumsal,https://www.vakifkatilim.com.tr/tr/isim-icin/finansmanlar/finansal-kiralamalar/finansal-kiralama,Finansman Kampanyası,0.553,"eslesen alanlar: url,breadcrumb,govde","Finansal Kiralama Finansal Kiralama Kanununun ilgili hükümleri çerçevesinde, taşınır ve taşınmaz malların Bankamız tarafından temin edilerek kiralanmasıdır. Finansal Kiralama Nedir? Finansal Kiralama Kanununun ilgili hük",,,
vakif_katilim-90cb1e655bb6,vakif_katilim,Finansmanlar | Kurumsal,https://www.vakifkatilim.com.tr/tr/isim-icin/finansmanlar,Finansman Kampanyası,0.578,"eslesen alanlar: url,baslik,breadcrumb,govde","Finansmanlar Müşterilerimizin nakdi ve gayrinakdi olarak kullanabilecekleri finansman ürünlerimize bu sayfadan ulaşabilir, detaylı bilgi alabilirsiniz. Başvuru Yap Finansal Kiralamalar Tüzel müşterilerimizin işlerini kol",,,
vakif_katilim-4341aaaaf08a,vakif_katilim,Kentsel Dönüşüm Finansmanı | Bireysel,https://www.vakifkatilim.com.tr/tr/kendim-icin/finansmanlar/kentsel-donusum-finansmani,Finansman Kampanyası,0.559,"eslesen alanlar: url,baslik,breadcrumb,govde",Kentsel Dönüşüm Finansmanı Çevre Şehircilik ve İklim Bakanlığı destekli katkı paylı kentsel dönüşüm finansmanları en yakın Şubemizde! Kentsel Dönüşüm Finansmanı Nedir? 6306 sayılı “Afet Riski Altındaki Alanların Dönüştür,,,
vakif_katilim-7f49ab8a0f96,vakif_katilim,Kredi Kartı | Bireysel,https://www.vakifkatilim.com.tr/tr/kendim-icin/kartlar/kredi-karti,Kart Kampanyası,0.645,"eslesen alanlar: url,baslik,breadcrumb,govde","Kredi Kartı Vakıf Katılım kredi kartında taksit var, masraf yok. VKart Mastercard Masraflarınıza masraf eklemeden, yurt içi ve yurt dışında yanınızda! TROY Dijital Kredi Kartı Yerli ve milli ödeme altyapısına sahip TROY",,,
vakif_katilim-79217d1d3717,vakif_katilim,İhtiyaç Finansmanı | Bireysel,https://www.vakifkatilim.com.tr/tr/kendim-icin/finansmanlar/ihtiyac-finansmani,İhtiyaç Finansmanı Kampanyası,0.581,"eslesen alanlar: url,baslik,breadcrumb,govde","İhtiyaç Finansmanı Eskiyen laptopunuzu yenilemek, bozulan beyaz eşyaları değiştirmek ya da sevdiklerinizle keyifli bir tatil planlamak artık çok daha kolay. Başvuru Yap İhtiyaç Finansmanı Nedir? Vakıf Katılım tarafından",,,
vakif_katilim-34d1a6dc1585,vakif_katilim,Yatırım | Kurumsal,https://www.vakifkatilim.com.tr/tr/isim-icin/yatirim,Yatırım Ürünü Kampanyası,0.66,"eslesen alanlar: url,baslik,breadcrumb,govde","Yatırım Vakıf Katılım müşteri odaklı bakış açısıyla ve zengin ürün yelpazesiyle birikimlerinize yön vermektedir. Hazine Ürünleri Vakıf Katılım, kapsamlı olarak etkinleştirilmiş dijital kanallarıyla döviz ve kıymetli made",,,
vakif_katilim-7e8348756084,vakif_katilim,Yatırım | Bireysel,https://www.vakifkatilim.com.tr/tr/kendim-icin/yatirim,Yatırım Ürünü Kampanyası,0.66,"eslesen alanlar: url,baslik,breadcrumb,govde",Yatırım Vakıf Katılım müşteri odaklı bakış açısıyla ve zengin ürün yelpazesiyle birikimlerinize yön vermektedir. Hazine Ürünleri Vakıf Katılım kapsamlı olarak etkinleştirilmiş dijital kanallarıyla döviz ve kıymetli maden,,,
vakif_katilim-0b5e42a15440,vakif_katilim,Kartlar | Bireysel,https://www.vakifkatilim.com.tr/tr/kendim-icin/kartlar,Kart Kampanyası,0.804,"eslesen alanlar: url,baslik,breadcrumb,govde","Kartlar VKart dünyasında masraf yok! Başvuru Yap Banka Kartı Bağlı hesaplarınızdan alışverişin keyfini çıkarın! Kredi Kartı Vakıf Katılım kredi kartında taksit var, masraf yok. BKM Express BKM Express ile alışverişin kol",,,
vakif_katilim-426a7202993c,vakif_katilim,Banka Kartı | Bireysel,https://www.vakifkatilim.com.tr/tr/kendim-icin/kartlar/banka-karti,Kart Kampanyası,0.825,"eslesen alanlar: url,baslik,breadcrumb,govde",Banka Kartı Bağlı hesaplarınızdan alışverişin keyfini çıkarın! VKart Debit Vakıf Katılım banka kartı VKart Debit ile hesabınızdan yapacağınız harcamalarınızı gerçekleştirebilirsiniz. Temassız VKart Debit Yeni VKart Debit,,,
vakif_katilim-a5590802e57f,vakif_katilim,BKM Express | Bireysel,https://www.vakifkatilim.com.tr/tr/kendim-icin/kartlar/bkm-express,Kart Kampanyası,0.825,"eslesen alanlar: url,breadcrumb,govde","BKM Express BKM Express ile alışverişin kolayı Vakıf Katılım'da! BKM Express İçeriği Nedir? E-Ticaret ve kasada ödeme yaparken kart bilgilerinizi iş yerleriyle paylaşmadan alışverişlerinizi hızlı, kolay, güvenli ve herha",,,
vakif_katilim-73cf4df31a54,vakif_katilim,Finansmanlar | Bireysel,https://www.vakifkatilim.com.tr/tr/kendim-icin/finansmanlar,Finansman Kampanyası,0.746,"eslesen alanlar: url,baslik,breadcrumb,govde",Finansmanlar Başvuru Yap Konut Finansmanı Vakıf Katılım tarafından sunulan konut finansmanı desteği ile hayalinizdeki eve kavuşabilir ya da yatırım fırsatlarını değerlendirebilirsiniz. Hızlı Fon Finansmanı Vakıf Katılım,,,
vakif_katilim-7beb3901ea65,vakif_katilim,Arsa Finansmanı | Bireysel,https://www.vakifkatilim.com.tr/tr/kendim-icin/finansmanlar/arsa-finansmani,Finansman Kampanyası,0.559,"eslesen alanlar: url,baslik,breadcrumb,govde","Arsa Finansmanı Yatırımlarınızı arsa satın alarak korumak istiyorsanız; Arsa Finansmanına hemen başvurun, 60 aya kadar vade olanaklarıyla planlarınızı ertelemeyin. İçeriği Nedir? Başvuru İçin Gerekli Belgeler Başvuru for",,,
vakif_katilim-0b6914541e57,vakif_katilim,Konut Finansmanı | Bireysel,https://www.vakifkatilim.com.tr/tr/kendim-icin/finansmanlar/konut-finansmani,Konut Finansmanı Kampanyası,0.796,"eslesen alanlar: url,baslik,breadcrumb,govde","Konut Finansmanı Vakıf Katılım tarafından sunulan konut finansmanı desteği ile hayalinizdeki eve kavuşabilir ya da yatırım fırsatlarını değerlendirebilirsiniz. Finansman Hesapla Konut Finansmanı Nedir? Konut finansmanı,",,,
vakif_katilim-bc7e8f86fcd6,vakif_katilim,Taşıt Finansmanı | Bireysel,https://www.vakifkatilim.com.tr/tr/kendim-icin/finansmanlar/tasit-finansmani,Taşıt Finansmanı Kampanyası,0.796,"eslesen alanlar: url,baslik,breadcrumb,govde",Taşıt Finansmanı Vakıf Katılım tarafından sunulan Taşıt Finansmanı desteği ile 0 km ya da ikinci el otomobil alımlarınızı uygun kâr payı oranlarımızla gerçekleştirebilirsiniz. Finansman Hesapla Taşıt Finansmanı Nedir? Ta,,,
vakif_katilim-1c8f54264607,vakif_katilim,İş Yeri Finansmanı | Bireysel,https://www.vakifkatilim.com.tr/tr/kendim-icin/finansmanlar/is-yeri-finansmani,Finansman Kampanyası,0.559,"eslesen alanlar: url,baslik,breadcrumb,govde","İş Yeri Finansmanı İşinizi büyütmek için gayrimenkul yatırımına ihtiyacınız varsa, 60 ay vadeyle %100'e kadar finansal destek alabilirsiniz. Finansman Hesapla İçeriği Nedir? Başvuru için Gerekli Belgeler Başvuru formu, N",,,
vakif_katilim-a7bd55f742d1,vakif_katilim,DBS Alacakları ile Finansman | Kurumsal,https://www.vakifkatilim.com.tr/tr/isim-icin/finansmanlar/nakdi-finansmanlar/dbs-alacaklariniz-ile-finansman,Finansman Kampanyası,0.578,"eslesen alanlar: url,baslik,breadcrumb,govde","DBS Alacaklarınız ile Finansman Kolayca teminat üretme imkânı sağlayan ‘DBS Alacaklarınız ile Finansman’ için sizleri Şubelerimize bekleriz. DBS Alacaklarınız ile Finansman Vakıf Katılım’da DBS teminatlı finansman, DBS’y",,,
vakif_katilim-623d8e815943,vakif_katilim,Hızlı Fon Finansmanı,https://www.vakifkatilim.com.tr/tr/kendim-icin/finansmanlar/hizli-fon-finansmani,Yatırım Ürünü Kampanyası,0.523,"eslesen alanlar: url,baslik,breadcrumb,govde","Hızlı Fon Finansmanı Vakıf Katılım Hızlı Fon Finansmanı ile yatırımlarınıza yönelik finansman ihtiyacınızı kolayca karşılayabilir, ödemenizi belirlenen vade ve taksit planı doğrultusunda gerçekleştirebilirsiniz. Hızlı Fo",,,
vakif_katilim-37d164d8138f,vakif_katilim,Günlük Hesap,https://www.vakifkatilim.com.tr/tr/kendim-icin/hesaplar/katilma-hesaplari/gunluk-hesap,Diğer / Kampanya Değil,0.7,kampanya sayfasi degil,"Günlük Hesap Günlük Hesap'la Çekilir, Dert Değil! Hesabınızdan para çekseniz de vadeniz bozulmadan kazanmaya devam edin. Müşteri Ol Günlük Hesap Nedir? Günlük Hesap, müşterilerimizin birikimlerini her gün değerlendirerek",,,
vakif_katilim-1970f79392c9,vakif_katilim,Kazandıran Hesap,https://www.vakifkatilim.com.tr/tr/kendim-icin/hesaplar/katilma-hesaplari/kazandiran-hesap,Diğer / Kampanya Değil,0.7,kampanya sayfasi degil,"Kazandıran Hesap Birikimlerinizi hem katılma hesaplarımızda hem kira sertifikalarımızda değerlendirelim, size daha çok kazandıralım. Müşteri Ol Kazandıran Hesap Nedir? Katılma hesabı ve kira sertifikası yatırımı birleşim",,,
vakif_katilim-68cf011cdc4a,vakif_katilim,Vakıf Katılım'da Bir Başvurunuz Yeter!,https://www.vakifkatilim.com.tr/tr/kendim-icin/dijital-bankacilik/vakif-katilimda-bir-basvurunuz-yeter,Diğer / Kampanya Değil,0.7,kampanya sayfasi degil,"Vakıf Katılım'da Bir Başvurunuz Yeter! İster Vakıf Katılımlı olun ister olmayın; bankacılık ürünlerimize dijital kanallarımızdan başvurun, süreçlerinizi biz takip edelim! Başvuru Yap Nedir? Artık Vakıf Katılım ürünlerine",,,
vakif_katilim-da0d3581f507,vakif_katilim,Hesaplar | Kurumsal,https://www.vakifkatilim.com.tr/tr/isim-icin/hesaplar,Diğer / Kampanya Değil,0.7,kampanya sayfasi degil,"Hesaplar Vakıf Katılım ile tasarruflarınızı; ister vadesiz olarak “Özel Cari Hesaplar” da, isterseniz kâr-zarar ortaklığına dayalı getiri sağlayan “Katılma Hesapları” ürünlerimiz ile değerlendirebilirsiniz. Özel Cari Hes",,,
vakif_katilim-0fb8867d0876,vakif_katilim,Katılma Hesapları | Kurumsal,https://www.vakifkatilim.com.tr/tr/isim-icin/hesaplar/katilma-hesaplari,Diğer / Kampanya Değil,0.45,kampanya sayfasi degil,"Katılma Hesapları Katılma Hesabı, kâr-zarar ortaklığı çerçevesinde açılan ve katılım bankacılığı prensipleri doğrultusunda değerlendirilen fonlardan elde edilen getirinin hesap sahibi ile paylaşıldığı bir hesap türüdür.",,,
vakif_katilim-e8345dfbdeb7,vakif_katilim,Özel Cari Hesaplar | Kurumsal,https://www.vakifkatilim.com.tr/tr/isim-icin/hesaplar/ozel-cari-hesaplar,Diğer / Kampanya Değil,0.7,kampanya sayfasi degil,"Özel Cari Hesaplar Özel cari hesaplar, vadesiz olarak açılan istenildiği zaman para yatırılıp çekilebilen ve kâr payı dağıtımı yapılmayan hesaplardır. Özel Cari Hesaplar Nedir? Cari hesaplar vadesiz olarak açılan, isteni",,,
vakif_katilim-ecad2fdab4aa,vakif_katilim,POS Ürünleri | Kurumsal,https://www.vakifkatilim.com.tr/tr/isim-icin/pos-urunleri,Diğer / Kampanya Değil,0.7,kampanya sayfasi degil,"POS Ürünleri Kartlı tahsilatlarınızı Vakıf katılım POS ile güvenle gerçekleştirin. Yazar Kasa POS Vakıf Katılım'ın satış işlemlerini kaydeden ve aynı anda banka kartlarıyla ödeme alınmasını sağlayan, ödeme kaydedici ciha",,,
vakif_katilim-4b5187433907,vakif_katilim,Sanal POS | Kurumsal,https://www.vakifkatilim.com.tr/tr/isim-icin/pos-urunleri/sanal-pos,Diğer / Kampanya Değil,0.7,kampanya sayfasi degil,"Sanal POS Vakıf Katılım’dan Sanal POS al, sanal işyerinde güvende kal! Sanal POS Nedir? Sanal POS, internet üzerinden ürün ve hizmet satışı yapan firmaların kredi kartı, banka kartı, ön ödemeli kart veya sanal kartlarla",,,
vakif_katilim-0873d26129a4,vakif_katilim,Mobilde POS | Kurumsal,https://www.vakifkatilim.com.tr/tr/isim-icin/pos-urunleri/mobildepos,Diğer / Kampanya Değil,0.7,kampanya sayfasi degil,"MobildePOS Tahsilatlarınız MobildePOS ile anında cebinizde! Mobilde POS Nedir? Vakıf Katılım MobildePOS; üye iş yeri olan müşterilerimizin akıllı cep telefonlarını POS’a dönüştürerek, hızlı ve güvenilir şekilde ödeme alm",,,
vakif_katilim-696a24da3beb,vakif_katilim,Mail Order | Kurumsal,https://www.vakifkatilim.com.tr/tr/isim-icin/pos-urunleri/mail-order,Kart Kampanyası,0.346,eslesen alanlar: govde,"Mail Order Uzak mesafeli tahsilat imkanı sunan kartsız ödeme çözümüdür. Mail Order Nedir? Ödeme yapacak kartın fiziken pos cihazının yanında olmadan, kart bilgilerinin ( kart no, son kullanım tarihi ve CVV ) pos cihazı ü",,,
vakif_katilim-17d0caaa8612,vakif_katilim,Yazar Kasa POS | Kurumsal,https://www.vakifkatilim.com.tr/tr/isim-icin/pos-urunleri/yazar-kasa-pos,Kart Kampanyası,0.472,eslesen alanlar: govde,"Yazar Kasa POS Vakıf Katılım'ın satış işlemlerini kaydeden ve aynı anda banka kartlarıyla ödeme alınmasını sağlayan, ödeme kaydedici cihazdır. Yazar Kasa POS Nedir? Yazarkasa POS, tek bir cihaz üzerinden hem ödeme alma h",,,
vakif_katilim-150b9ffcc78c,vakif_katilim,Mobil GPRS POS | Kurumsal,https://www.vakifkatilim.com.tr/tr/isim-icin/pos-urunleri/mobil-gprs-pos,Diğer / Kampanya Değil,0.7,kampanya sayfasi degil,Mobil GPRS POS Sadece kasada değil; istediğiniz her yerde ödeme alın! Mobil GPRS POS Nedir? GPRS teknolojisini kullanarak GSM operatörlerinin kapsama alanı içindeki tüm noktalarda kesintisiz tahsilat yapabilen bir POS ci,,,
vakif_katilim-9a645b8e7668,vakif_katilim,Sabit ADSL POS | Kurumsal,https://www.vakifkatilim.com.tr/tr/isim-icin/pos-urunleri/sabit-adsl-pos,Diğer / Kampanya Değil,0.3,kampanya sayfasi ama tur belirlenemedi,"Sabit ADSL POS Sabit ADSL POS ile ödeme alın, yerinizde kalın! Sabit ADSL POS Nedir? İş yerinde masaüstü POS olarak kullanılan ve mevcut ADSL internet hattı üzerinden bağlantı kuran POS cihazıdır. Yoğun tahsilat yapan iş",,,
vakif_katilim-8b0e659e8813,vakif_katilim,Taksitli Sanal POS | Kurumsal,https://www.vakifkatilim.com.tr/tr/isim-icin/pos-urunleri/taksitli-sanal-pos,Yatırım Ürünü Kampanyası,0.372,eslesen alanlar: govde,p@ket Pay Taksitli Sanal POS p@ket Pay Taksitli Sanal POS ile tüm müşterilerinize taksitli işlem fırsatı Taksitli Sanal POS Nedir? Mobil cihaz üzerinden kolayca satış yapma imkânı sağlar ve müşterilere taksitli ödeme çöz,,,
vakif_katilim-dce3ca5e5124,vakif_katilim,Hesaplar | Bireysel,https://www.vakifkatilim.com.tr/tr/kendim-icin/hesaplar,Diğer / Kampanya Değil,0.45,kampanya sayfasi degil,"Hesaplar Cari Hesap Vadesiz olarak TL, döviz ve kıymetli maden cinsinden açabileceğiniz ve karşılığında kâr payı dağıtımı yapılmayan hesap türüdür. Katılma Hesapları Katılma hesapları, ""emek-sermaye ortaklığı"" çerçevesin",,,
vakif_katilim-8c532833c0b6,vakif_katilim,Cari Hesap | Bireysel,https://www.vakifkatilim.com.tr/tr/kendim-icin/hesaplar/cari-hesap,Diğer / Kampanya Değil,0.7,kampanya sayfasi degil,"Cari Hesap Vadesiz olarak TL, döviz ve kıymetli maden cinsinden açabileceğiniz ve karşılığında kâr payı dağıtımı yapılmayan hesap türüdür. Cari Hesap Nedir? Cari hesaplar vadesiz olarak açılan, istenildiği zaman para yat",,,
vakif_katilim-1810ebaeaf08,vakif_katilim,Katılma Hesapları | Bireysel,https://www.vakifkatilim.com.tr/tr/kendim-icin/hesaplar/katilma-hesaplari,Diğer / Kampanya Değil,0.45,kampanya sayfasi degil,"Katılma Hesapları Katılma hesapları, ""emek-sermaye ortaklığı"" çerçevesinde kullandırılan fonlardan elde edilen gelirlerin hesap sahipleri ile Vakıf Katılım arasında paylaştırıldığı hesap türüdür. Günlük Hesap Günlük Hesa",,,
vakif_katilim-a6880eddf6fe,vakif_katilim,Çeyrek Altın Hesabı | Bireysel,https://www.vakifkatilim.com.tr/tr/kendim-icin/hesaplar/ceyrek-altin-hesabi,Yatırım Ürünü Kampanyası,0.66,"eslesen alanlar: url,baslik,breadcrumb,govde",Çeyrek Altın Hesabı Altın birikimlerinizi güvenle koruma altına alıp ekonomiye kazandırarak değerine değer katabilirsiniz. Çeyrek Altın Hesabı İçeriği Nedir? T.C. Darphane ve Damga Matbaası Genel Müdürlüğü ile yapılan iş,,,
vakif_katilim-747c4aa2b286,vakif_katilim,Yuvam Hesap | Bireysel,https://www.vakifkatilim.com.tr/tr/kendim-icin/hesaplar/katilma-hesaplari/yuvam-hesap,Diğer / Kampanya Değil,0.7,kampanya sayfasi degil,Yuvam Hesap Kurlardaki değişikliklere karşı yurt dışı yerleşik tasarruf sahibi vatandaşlarımızı koruyan YUVAM Hesap Vakıf Katılım’da. Yuvam Hesap İçeriği Nedir? Yurt dışı yerleşik gerçek kişiler için hesap açılabilecekti,,,
vakif_katilim-c9e8cb9f3ddc,vakif_katilim,Çeyiz Hesabı | Bireysel,https://www.vakifkatilim.com.tr/tr/kendim-icin/hesaplar/katilma-hesaplari/ceyiz-hesabi,Yatırım Ürünü Kampanyası,0.504,eslesen alanlar: govde,Çeyiz Hesabı Vakıf Katılım ile şimdiden birikim yapın devlet desteğiyle mutlu yuvanıza girin. Çeyiz Hesabı Nedir? Çeyiz Hesabı ile 3 yıl düzenli birikim yaparak 27 yaşınızı doldurmadan önce evlenmeniz durumunda hem Vakıf,,,
vakif_katilim-6dc8c383a039,vakif_katilim,Konut Hesabı | Bireysel,https://www.vakifkatilim.com.tr/tr/kendim-icin/hesaplar/katilma-hesaplari/konut-hesabi,Yatırım Ürünü Kampanyası,0.504,eslesen alanlar: govde,Konut Hesabı Vakıf Katılım’da birikimini yapmaya başla; hem kâr payı hem de %20’ye kadar devlet katkısıyla konut sahibi olma fırsatı yakala. İçeriği Nedir? Konut hesabından kimler yararlanabilir? 07/04/2015 tarihi itibar,,,
vakif_katilim-348be42d3358,vakif_katilim,Katılma Hesabı | Bireysel,https://www.vakifkatilim.com.tr/tr/kendim-icin/hesaplar/katilma-hesaplari/katilma-hesabi,Yatırım Ürünü Kampanyası,0.857,"eslesen alanlar: url,baslik,breadcrumb,govde","Katılma Hesabı Katılma hesapları, ""emek-sermaye ortaklığı"" çerçevesinde kullandırılan fonlardan elde edilen gelirlerin hesap sahipleri ile Vakıf Katılım arasında paylaştırıldığı hesap türüdür. Müşteri Ol Özellikler Katıl",,,
vakif_katilim-0a6c04e6b563,vakif_katilim,Altın Katılma Hesabı | Bireysel,https://www.vakifkatilim.com.tr/tr/kendim-icin/hesaplar/katilma-hesaplari/altin-katilma-hesabi,Yatırım Ürünü Kampanyası,0.644,"eslesen alanlar: url,baslik,breadcrumb,govde","Altın Katılma Hesabı Birikimlerin altın olarak değerlenmesini sağlarken aynı zamanda kazandıran hesap türüdür. Kâr Payı Hesaplama Altın Katılma Hesabı Nedir? Altın Katılma Hesabı, hesap sahiplerine hem tasarruf hem de ka",,,
vakif_katilim-72cde7b7614d,vakif_katilim,Birikimini Vakıf Katılım’da değerlendirenler her gün kazanıyor!,https://www.vakifkatilim.com.tr/tr/diger/musteri/birikimini-vakif-katilimda-degerlendirenler-her-gun-kazaniyor,Yatırım Ürünü Kampanyası,0.85,"eslesen alanlar: url,baslik,govde","Birikimini Vakıf Katılım’da değerlendirenler her gün kazanıyor! SMS linki ya da QR kod aracılığıyla mobil uygulamayı indirip hemen müşterimiz olun, Günlük Hesap’ta size özel hoş geldin oranından yararlanmanın keyfini çık",,,
vakif_katilim-af305a465dd3,vakif_katilim,Fast Fonların Anlık ve Sürekli Transferi | Bireysel,https://www.vakifkatilim.com.tr/tr/kendim-icin/odemeler-ve-hizmetler/hizmetler/fast-fonlarin-anlik-ve-surekli-transferi,Diğer / Kampanya Değil,0.7,kampanya sayfasi degil,"FAST-Fonların Anlık ve Sürekli Transferi FAST, farklı bankalara kayıtlı hesaplar arasında para transferlerinin 365 gün 24 saat ve anlık olarak gerçekleştirilmesini sağlayan bir ödeme sistemidir. FAST Nedir? FAST (Fonları",,,
vakif_katilim-4da5c16825ad,vakif_katilim,KOBİ | Kurumsal,https://www.vakifkatilim.com.tr/tr/isim-icin/kobi,Diğer / Kampanya Değil,0.7,kampanya sayfasi degil,"KOBİ Vakıf Katılım'da Bir Başvurunuz Yeter! İster Vakıf Katılımlı olun ister olmayın; bankacılık ürünlerimize dijital kanallarımızdan başvurun, süreçlerinizi biz takip edelim! Detaylı İncele İşlerinizi kolaylaştırmak ve",,,
vakif_katilim-f2beea7f7bfb,vakif_katilim,Garantili Fon Transferi | Kurumsal,https://www.vakifkatilim.com.tr/tr/isim-icin/nakit-yonetimi/tahsilat-sistemleri/garantili-fon-transferi-gft,Yatırım Ürünü Kampanyası,0.644,"eslesen alanlar: url,baslik,breadcrumb,govde","Garantili Fon Transferi-GFT Ticarette oyunun kuralları değişiyor! Garantili Fon Transferi Nedir? Garantili Fon Transferi (GFT), mal veya hizmet alan işletmelerin vadeli ödemelerini Vakıf Katılım garantörlüğünde yapmasını",,,
vakif_katilim-8fd5c098bbaa,vakif_katilim,Ticari | Kurumsal,https://www.vakifkatilim.com.tr/tr/isim-icin/ticari,Diğer / Kampanya Değil,0.7,kampanya sayfasi degil,"Ticari Vakıf Katılım'da Bir Başvurunuz Yeter! İster Vakıf Katılımlı olun ister olmayın; bankacılık ürünlerimize dijital kanallarımızdan başvurun, süreçlerinizi biz takip edelim! Detaylı İncele Ferah Kart’la gönlünüzce al",,,
vakif_katilim-2d4f404ecc5d,vakif_katilim,Sigorta ve Emeklilik | Kurumsal,https://www.vakifkatilim.com.tr/tr/isim-icin/sigorta-ve-emeklilik,Diğer / Kampanya Değil,0.45,kampanya sayfasi degil,"Sigorta ve Emeklilik Tasarrufların faiz hassasiyeti ile değerlendirildiği, birikimlerin devlet katkısı ile desteklendiği Bireysel Emeklilik planlarına Vakıf Katılım aracılığı ile sahip olabilirsiniz. Sigorta Sağlığınız b",,,
vakif_katilim-25f15f2dfa12,vakif_katilim,Bireysel Bankacılık | Bireysel,https://www.vakifkatilim.com.tr/tr/kendim-icin/bireysel-bankacilik,Diğer / Kampanya Değil,0.7,kampanya sayfasi degil,"Bireysel Bankacılık Vakıf Katılım'da Bir Başvurunuz Yeter! İster Vakıf Katılımlı olun ister olmayın; bankacılık ürünlerimize dijital kanallarımızdan başvurun, süreçlerinizi biz takip edelim! Detaylı İncele Çeyrek altınla",,,
vakif_katilim-47dc5d3be370,vakif_katilim,Kar Paylaşımlı Finansman Hayat Sigortası | Bireysel,https://www.vakifkatilim.com.tr/tr/kendim-icin/sigorta-ve-emeklilik/sigorta/diger-sigorta-hizmetleri/kar-paylasimli-finansman-hayat-sigortasi,Finansman Kampanyası,0.578,"eslesen alanlar: url,baslik,breadcrumb,govde","Kâr Paylaşımlı Finansman (Hayat) Sigortası Vakıf Katılım’dan finansman bağlantılı Kâr Paylaşımlı Finansman (Hayat) Sigortası yaptırıp, sevdiklerinizi doğabilecek borç yükünden kurtarabilirsiniz. Hayat Sigortası Nedir? Fi",,,
vakif_katilim-7e5b03ceff14,vakif_katilim,Ara Dönem Kar Payı Ödemeli Katılma Hesabı | Kurumsal,https://www.vakifkatilim.com.tr/tr/isim-icin/hesaplar/katilma-hesaplari/ara-donem-kar-payi-odemeli-katilma-hesabi,Yatırım Ürünü Kampanyası,0.66,"eslesen alanlar: url,baslik,breadcrumb,govde",Ara Dönem Kâr Payı Ödemeli Katılma Hesabı Vakıf Katılım ile yüksek kâr payı oranlarından faydalanırken kârınızı ne zaman alacağınızı da kendiniz belirleyebilirsiniz. Ara Dönem Kâr Payı Ödemeli Katılma Hesabı Nedir? Ara D,,,
vakif_katilim-49a666612b81,vakif_katilim,Kâr Paylaşım Oranları ile ilgili Sıkça Sorulan Sorular,https://www.vakifkatilim.com.tr/tr/diger/yardim-merkezi/kendim-icin-detay/kar-paylasim-oranlari,Diğer / Kampanya Değil,0.45,kampanya sayfasi degil,"Kâr Paylaşım Oranları ile ilgili Sıkça Sorulan Sorular Kâr paylaşım oranı, kâr zarar ortaklığı çerçevesinde toplanan fonların hesap sahipleriyle Vakıf Katılım arasında paylaştırılarak dağıtılan getiridir. Hesaptaki bakiy",,,
vakif_katilim-adbef1bc14ad,vakif_katilim,Ara Dönem Kâr Payı Ödemeli Katılma Hesabı ile ilgili Sıkça Sorulan Sor,https://www.vakifkatilim.com.tr/tr/diger/yardim-merkezi/kendim-icin-detay/ara-donem-kar-payi-odemeli-katilma-hesabi,Yatırım Ürünü Kampanyası,0.852,"eslesen alanlar: url,baslik,govde",Ara Dönem Kâr Payı Ödemeli Katılma Hesabı ile ilgili Sıkça Sorulan Sorular Hesabın vadesi içinde en fazla iki defa para çekebilirsiniz ve çekeceğiniz tutar hesabınızdaki anaparanın yarısından fazla olamaz.* Kredi kuruluş,,,
vakif_katilim-9545720410e5,vakif_katilim,"VKart ile Şarj Et, Yola Devam Et!",https://www.vakifkatilim.com.tr/tr/kendim-icin/kampanyalar/detay/vkart-ile-sarj-et-yola-devam-et_2,Yatırım Ürünü Kampanyası,0.367,eslesen alanlar: govde,"VKart ile Şarj Et, Yola Devam Et! Kampanya Geçerlilik Tarihi Kampanya Süresi Dolmuştur Kampanya Şartları • Kampanya, bireysel Vakıf Katılım Kredi Kartları ile elektrikli araç şarj istasyonlarından yapılacak işlemler için",,,
vakif_katilim-c3b2821f3c41,vakif_katilim,VKart Mastercard ile IKEA’da 1.000 TL İndirim,https://www.vakifkatilim.com.tr/tr/kendim-icin/kampanyalar/detay/vkart-mastercard-ile-ikeada-1000-tl-indirim_1,Kart Kampanyası,0.346,eslesen alanlar: govde,"VKart Mastercard ile IKEA’da 1.000 TL İndirim Kampanya Geçerlilik Tarihi Kampanya Süresi Dolmuştur Kampanya Şartları • 14.11.2026 – 15.03.2026 tarihleri arasında Masterpass’e kayıtlı Vakıf Katılım Mastercard sahipleri, w",,,
vakif_katilim-ccec72a3a0f1,vakif_katilim,Mastercard Kredi Kartınızla n11 Alışverişinize 300 TL İndirim,https://www.vakifkatilim.com.tr/tr/kendim-icin/kampanyalar/detay/mastercard-kredi-kartinizla-n11-alisverisinize-300-tl-indirim_1,Kart Kampanyası,0.645,"eslesen alanlar: url,baslik,govde","Mastercard Kredi Kartınızla n11 Alışverişinize 300 TL İndirim Kampanya Geçerlilik Tarihi Kampanya Süresi Dolmuştur Kampanya Şartları • Kampanya, 16 Aralık 2025 – 7 Ocak 2026 tarihleri arasında geçerlidir. • Mastercard lo",,,
vakif_katilim-53451cfec2f3,vakif_katilim,Mastercard Kredi Kartınızla 200 TL Martı Kuponu,https://www.vakifkatilim.com.tr/tr/kendim-icin/kampanyalar/detay/mastercard-kredi-kartinizla-200-tl-marti-kuponu,Kart Kampanyası,0.645,"eslesen alanlar: url,baslik,govde","Mastercard Kredi Kartınızla 200 TL Martı Kuponu Kampanya Geçerlilik Tarihi Kampanya Süresi Dolmuştur Kampanya Detayları Mastercard logolu Vakıf Katılım Kredi Kartınızı Masterpass’e kaydedin, www.masterpassplus.com intern",,,
vakif_katilim-df3f10a4207f,vakif_katilim,3 Ay Ertelemeli Taşıt Finansmanı,https://www.vakifkatilim.com.tr/tr/kendim-icin/kampanyalar/detay/3-ay-ertelemeli-tasit-finansmani,Taşıt Finansmanı Kampanyası,0.796,"eslesen alanlar: url,baslik,govde","3 Ay Ertelemeli Taşıt Finansmanı Kampanya Geçerlilik Tarihi Kampanya Süresi Dolmuştur Kampanya Detayları Hayalinizdeki Araç Başka Bahara Kalmasın! 48 ay vadeye kadar, sıfır ve 2. el araçlarda tüm vadelerde uygun kâr oran",,,
vakif_katilim-f1260be690c0,vakif_katilim,VKart ile LCW Hediye Çeki,https://www.vakifkatilim.com.tr/tr/kendim-icin/kampanyalar/detay/vkart-ile-lcw-hediye-ceki_1,Kart Kampanyası,0.346,eslesen alanlar: govde,VKart ile LCW Hediye Çeki Kampanya Geçerlilik Tarihi Kampanya Süresi Dolmuştur Kampanya Detayları 1 - 30 Kasım 2025 tarihleri arasında Vakıf Katılım Kredi Kartı ile giyim sektöründe tek seferde 500 TL ve üzeri alışveriş,,,
vakif_katilim-e78e53d1f4e9,vakif_katilim,TROY Kart’la Pazarama’da 200 TL indirim!,https://www.vakifkatilim.com.tr/tr/kendim-icin/kampanyalar/detay/troy-kartla-pazaramada-200-tl-indirim,Kart Kampanyası,0.698,"eslesen alanlar: baslik,govde",TROY Kart’la Pazarama’da 200 TL indirim! Kampanya Geçerlilik Tarihi Kampanya Süresi Dolmuştur Kampanya Detayları TROY logolu Vakıf Katılım Banka veya Kredi Kartınızı www.pazarama.com.tr ya da Pazarama mobil uygulamasında,,,
vakif_katilim-66d72d521c15,vakif_katilim,VKart Mastercard ile IKEA’da 1000 TL İndirim,https://www.vakifkatilim.com.tr/tr/kendim-icin/kampanyalar/detay/vkart-mastercard-ile-ikeada-1000-tl-indirim,Kart Kampanyası,0.346,eslesen alanlar: govde,"VKart Mastercard ile IKEA’da 1000 TL İndirim Kampanya Geçerlilik Tarihi Kampanya Süresi Dolmuştur Kampanya Şartları • 14.11.2025 – 14.12.2025 tarihleri arasında Masterpass’e kayıtlı Vakıf Katılım Mastercard sahipleri, ww",,,
vakif_katilim-c2f1b3190800,vakif_katilim,VKart ile A101 Hediye Çeki,https://www.vakifkatilim.com.tr/tr/kendim-icin/kampanyalar/detay/vkart-ile-a101-hediye-ceki,Kart Kampanyası,0.346,eslesen alanlar: govde,VKart ile A101 Hediye Çeki Kampanya Geçerlilik Tarihi Kampanya Süresi Dolmuştur Kampanya Detayları 1 - 31 Ekim 2025 tarihleri arasında bireysel Vakıf Katılım Kredi Kartınız ile market sektöründe tek seferde 500 TL ve üze,,,
vakif_katilim-74f984610587,vakif_katilim,VKart Mastercard ile 3 GB İnternet Fırsatı,https://www.vakifkatilim.com.tr/tr/kendim-icin/kampanyalar/detay/vkart-mastercard-ile-3-gb-internet-firsati,Kart Kampanyası,0.346,eslesen alanlar: govde,VKart Mastercard ile 3 GB İnternet Fırsatı Kampanya Geçerlilik Tarihi Kampanya Süresi Dolmuştur Kampanya Detayları Mastercard logolu Vakıf Katılım Kredi Kartınızı Masterpass’e kaydedin. Turkcell uygulaması ya da www.turk,,,
vakif_katilim-3b6b783e73dd,vakif_katilim,Mastercard Kredi Kartınızla n11 Alışverişinize 300 TL İndirim,https://www.vakifkatilim.com.tr/tr/kendim-icin/kampanyalar/detay/mastercard-kredi-kartinizla-n11-alisverisinize-300-tl-indirim,Kart Kampanyası,0.645,"eslesen alanlar: url,baslik,govde","Mastercard Kredi Kartınızla n11 Alışverişinize 300 TL İndirim Kampanya Geçerlilik Tarihi Kampanya Süresi Dolmuştur Kampanya Şartları • Kampanya, 01.11.2025-15.11.2025 tarihleri arasında geçerlidir. • Mastercard logolu Va",,,
vakif_katilim-686907565aff,vakif_katilim,"VKart ile Şarj Et, Yola Devam Et!",https://www.vakifkatilim.com.tr/tr/kendim-icin/kampanyalar/detay/vkart-ile-sarj-et-yola-devam-et_1,Yatırım Ürünü Kampanyası,0.367,eslesen alanlar: govde,"VKart ile Şarj Et, Yola Devam Et! Kampanya Geçerlilik Tarihi Kampanya Süresi Dolmuştur Kampanya Şartları • Kampanya, bireysel Vakıf Katılım Kredi Kartları ile elektrikli araç şarj istasyonlarından işlemler için geçerlidi",,,
vakif_katilim-c92c1d99c738,vakif_katilim,VKart ile LCW Hediye Çeki,https://www.vakifkatilim.com.tr/tr/kendim-icin/kampanyalar/detay/vkart-ile-lcw-hediye-ceki,Kart Kampanyası,0.346,eslesen alanlar: govde,VKart ile LCW Hediye Çeki Kampanya Geçerlilik Tarihi Kampanya Süresi Dolmuştur Kampanya Detayları 1 - 31 Ekim 2025 tarihleri arasında Vakıf Katılım Kredi Kartı ile giyim sektöründe tek seferde 500 TL ve üzeri alışveriş y,,,
vakif_katilim-6cff74d29214,vakif_katilim,VKart ile Arzum’da %25 İndirim!,https://www.vakifkatilim.com.tr/tr/kendim-icin/kampanyalar/detay/vkart-ile-arzumda-25-indirim,Yatırım Ürünü Kampanyası,0.367,eslesen alanlar: govde,"VKart ile Arzum’da %25 İndirim! Kampanya Geçerlilik Tarihi Kampanya Süresi Dolmuştur Kampanya Şartları • Kampanya kapsamında, www.arzum.com.tr’de kampanya dâhilindeki ürünlerde geçerli %25 indirim uygulanacaktır. • Kampa",,,
ziraat_katilim-1e06feaffd55,ziraat_katilim,Kredi Kartları ve Banka Kartları,https://www.ziraatkatilim.com.tr/urun-ve-hizmet-ucretleri/kredi-kartlari-ve-banka-kartlari,Kart Kampanyası,0.484,"eslesen alanlar: url,baslik,breadcrumb,govde",Kredi Kartları ve Banka Kartları CEZA ÜCRET VE MASRAF TUTARLARI Azami Oran Güncelleme Tarihi Akdi Kâr Payı Bireysel Kredi Kartı Gecikme Cezası Dönem Borcu 30.000 TL altı % 3.55 Dönem Borcu 30.000-180.000 TL % 4.05 Dönem,,,
ziraat_katilim-ab4e9200aa67,ziraat_katilim,Yatırım Teşvik Belgesi Kapsamında Kâr Payı Desteği,https://www.ziraatkatilim.com.tr/ticari/finansman-urunleri/finansman_is_birlikleri/yatirim-tesvik-belgesi-kapsaminda-kar-payi-destegi,Yatırım Ürünü Kampanyası,0.564,"eslesen alanlar: url,baslik,breadcrumb,govde",Yatırım Teşvik Belgesi Kapsamında Kâr Payı Desteği Yatırım Teşvik Belgesi Kapsamında Kâr Payı Desteği Nedir? Sanayi ve Teknoloji Bakanlığı tarafından verilen Yatırım Teşvik Belgesi’nde yer alan “Kâr Payı Desteği” teşviki,,,
ziraat_katilim-41ef8dab7801,ziraat_katilim,Ziraat Katılım Bankası,https://www.ziraatkatilim.com.tr/urun-ve-hizmet-ucretleri/bireysel-krediler,İhtiyaç Finansmanı Kampanyası,0.515,"eslesen alanlar: breadcrumb,govde",Bireysel Finansman Masraf Adı Asgari Tutar Asgari Oran Azami Tutar Azami Oran Açıklama Güncelleme Tarihi Tahsis Ücreti (1-60 ay vade) BSMV hariçtir. Ekspertiz Ücreti 17568 TL 42120 TL Asgari tutar 20000 metrekareye kadar,,,
ziraat_katilim-784a3f2ad226,ziraat_katilim,Ürün ve Hizmet Ücretleri,https://www.ziraatkatilim.com.tr/urun-ve-hizmet-ucretleri,Diğer / Kampanya Değil,0.7,kampanya sayfasi degil,Ürün ve Hizmet Ücretleri Çekler ve Senetler Para Aktarma Mevduat Hesapları Bireysel Krediler Kiralık Kasa ATM Kredi Kartları ve Banka Kartları Üye İşyeri Dış Ticaret İşlemleri Menkul Kıymet İşlemleri Diğer Ticari Ürün ve,,,
ziraat_katilim-522ea2260bee,ziraat_katilim,Ara Dönem Kâr Payı Ödemeli Katılma Hesabı,https://www.ziraatkatilim.com.tr/bireysel/hesaplar/katilma-hesaplari/ara-donem-kar-payi-odemeli-katilma-hesabi,Yatırım Ürünü Kampanyası,0.88,"eslesen alanlar: url,baslik,breadcrumb,govde","Ara Dönem Kâr Payı Ödemeli Katılma Hesabı Ara Dönem Kâr Payı Ödemeli Katılma Hesabı Nedir? Ara dönem kâr payı ödemeli katılma hesapları, bir yıl vadeli olarak açılabilen ve kâr payı ödemesi tercihe göre 1 aylık, 3 aylık,",,,
ziraat_katilim-760f7d95fa99,ziraat_katilim,Ziraat Katılım Bankası,https://www.ziraatkatilim.com.tr/urun-ve-hizmet-ucretleri/diger,Diğer / Kampanya Değil,0.7,kampanya sayfasi degil,"Diğer Masraf Adı Asgari Tutar Asgari Oran Azami Tutar Azami Oran Açıklama Güncelleme Tarihi İkinci El Araç Satış-Güvenli Ödeme Sistemi Hizmet Bedeli 243,84 TL BSMV Dahildir Masraf Adı Asgari Tutar Asgari Oran Azami Tutar",,,
ziraat_katilim-41fbd269d354,ziraat_katilim,Ziraat Katılım Bankası,https://www.ziraatkatilim.com.tr/urun-ve-hizmet-ucretleri/uye-isyeri,Diğer / Kampanya Değil,0.7,kampanya sayfasi degil,Üye İşyeri Masraf Adı Asgari Tutar Asgari Oran Azami Tutar Azami Oran Açıklama Güncelleme Tarihi POS Yazılım / Donanım / Bakım Ücreti - Fiziki POS 0 TL 750 TL Tahsilat Periyodu: Aylık/Cihaz Başına alınır. ÖKC Hizmet Bede,,,
ziraat_katilim-b728bc3c482f,ziraat_katilim,Ziraat Katılım Bankası,https://www.ziraatkatilim.com.tr/urun-ve-hizmet-ucretleri/dis-ticaret,Diğer / Kampanya Değil,0.7,kampanya sayfasi degil,Dış Ticaret Masraf Adı Asgari Tutar Asgari Oran Azami Tutar Azami Oran Açıklama Güncelleme Tarihi İhbar Ücreti 100.00 USD Asgari 100 USD olmak üzere ihbar edilen akreditif tutarı üzerinden ilgili oran uygulanır. Masraf A,,,
ziraat_katilim-af4b06e7cd79,ziraat_katilim,Ziraat Katılım Bankası,https://www.ziraatkatilim.com.tr/urun-ve-hizmet-ucretleri/para-aktarma,Diğer / Kampanya Değil,0.7,kampanya sayfasi degil,"Para Aktarma Masraf Adı Asgari Tutar Asgari Oran Azami Tutar Azami Oran Açıklama Güncelleme Tarihi 0-8.300 YP arası 19,94 TL BSMV hariçtir 399.000 YP üstü 398,84 TL BSMV hariçtir 8.300,01-399.000 YP arası 39,88 TL BSMV h",,,
ziraat_katilim-3469ceea8720,ziraat_katilim,Ziraat Katılım Bankası,https://www.ziraatkatilim.com.tr/urun-ve-hizmet-ucretleri/kiralik-kasa,Diğer / Kampanya Değil,0.7,kampanya sayfasi degil,"Kiralık Kasa Masraf Adı Asgari Tutar Asgari Oran Azami Tutar Azami Oran Açıklama Güncelleme Tarihi Büyük Boy - TL (Yıllık) 13.000,00 TL BSMV dahildir. Masraf Adı Asgari Tutar Asgari Oran Azami Tutar Azami Oran Açıklama G",,,
ziraat_katilim-2204690813fe,ziraat_katilim,Ziraat Katılım Bankası,https://www.ziraatkatilim.com.tr/urun-ve-hizmet-ucretleri/mevduat-hesaplari,Diğer / Kampanya Değil,0.7,kampanya sayfasi degil,Mevduat Hesapları Masraf Adı Asgari Tutar Asgari Oran Azami Tutar Azami Oran Açıklama Güncelleme Tarihi Şubeden Cari Hesap Ekstresi (TL) Ücretsiz E-Posta Cari Hesap Ekstresi (TL) Sayfa Başına Ücretsiz Diğer Gönderim Kana,,,
ziraat_katilim-3cc4281f0de5,ziraat_katilim,Ziraat Katılım Bankası,https://www.ziraatkatilim.com.tr/urun-ve-hizmet-ucretleri/cekler-ve-senetler,Diğer / Kampanya Değil,0.7,kampanya sayfasi degil,"Çekler ve Senetler Masraf Adı Asgari Tutar Asgari Oran Azami Tutar Azami Oran Açıklama Güncelleme Tarihi 10'luk Çek Karnesi 600,00 TL *Değerli Kağıt Bedeli tutarı hariçtir. 25'lik Çek Karnesi 1.500,00 TL *Değerli Kağıt B",,,
ziraat_katilim-9dc4c8b5798e,ziraat_katilim,Menkul Kıymet İşlemleri,https://www.ziraatkatilim.com.tr/urun-ve-hizmet-ucretleri/menkul-kiymet-islemleri,Diğer / Kampanya Değil,0.7,kampanya sayfasi degil,"Menkul Kıymet İşlemleri Masraf Adı Asgari Tutar Asgari Oran Azami Tutar Azami Oran Açıklama Güncelleme Tarihi Hesap Açma 17,75 TL MKK sisteminde açılan her yatırım hesabından tahsil edilir. BSMV hariçtir. Yatırımcı Bilgi",,,
ziraat_katilim-5d9d22bd6e46,ziraat_katilim,Okul Ödemenizde 12 Aya Varan Taksit Fırsatı,https://www.ziraatkatilim.com.tr/bireysel/kart-kampanyalari/okul-odemelerinizde-8-taksit,Kart Kampanyası,0.825,"eslesen alanlar: url,baslik,breadcrumb,govde",Okul Ödemenizde 12 Aya Varan Taksit Fırsatı Bağlantı Link https://www.ziraatkatilim.com.tr/kart-kampanyalari/okul-odemelerinizde-6ya-varan-taksit Bağlantı Metni DETAYLI BİLGİ Anında Katıl sayfasında göster Kapalı,,,
ziraat_katilim-7894ae738d31,ziraat_katilim,Ziraat Katılım Bankası,https://www.ziraatkatilim.com.tr/kart-kampanyalari,Kart Kampanyası,0.791,"eslesen alanlar: url,breadcrumb,govde","Kart Kampanyaları Tüm Kampanyalar Kuyum, Optik ve Saat Market ve Gıda E-Ticaret Elektronik ve Telekomünikasyon Yapı Sektörü ve İklimlendirme Akaryakıt Diğer Kampanyalar Eğitim, Kitap ve Kırtasiye Genel Kampanyalar Turizm",,,
ziraat_katilim-963aef3c6056,ziraat_katilim,Ziraat Katılım Bankası,https://www.ziraatkatilim.com.tr/bireysel/kampanyalar/kart-kampanyalari,Kart Kampanyası,0.825,"eslesen alanlar: url,breadcrumb,govde",Ziraat Katılım Bankası Popüler Aramalar İnternet Şube Katılım Bankacılığını Tanıyın Dijital Bankacılık Katılım Mobil Kart Kampanyaları Bağlantı Link https://www.ziraatkatilim.com.tr/kart-kampanyalari Bağlantı Metni,,,
ziraat_katilim-4b8537708c87,ziraat_katilim,TROY Kart & Türk Hava Yolları Kampanyası,https://www.ziraatkatilim.com.tr/troy-kart-turk-hava-yollari-kampanyasi,Kart Kampanyası,0.825,"eslesen alanlar: url,baslik,breadcrumb,govde",TROY Kart & Türk Hava Yolları Kampanyası Kampanya 20 Kasım 2024 – 31 Mart 2025 tarihleri arasında düzenlenen ve seyahat tarihi 20 Kasım 2024 – 20 Mart 2026 arasında olan biletler için geçerlidir. Kampanya yalnızca Türk H,,,
ziraat_katilim-57b54bb202aa,ziraat_katilim,Ziraat Katılım Bankkart Ek MTV Kampanyası,https://www.ziraatkatilim.com.tr/ziraat-katilim-bankkart-ek-mtv-kampanyasi,Kart Kampanyası,0.346,eslesen alanlar: govde,Ziraat Katılım Bankkart Ek MTV Kampanyası Kampanya 1 Kasım- 4 Aralık 2023 tarihleri arasında geçerli olacaktır. Bu tarihler arasında www.gib.gov.tr https://ivd.gib.gov.tr https://intvrg.gib.gov.tr ) kanalları üzerinden Z,,,
ziraat_katilim-857b8f194cba,ziraat_katilim,Ziraat Katılım Bankkart Kurban Bayramı Kampanyası,https://www.ziraatkatilim.com.tr/bireysel/kampanyalar/ziraat-katilim-bankkart-kurban-bayrami-kampanyasi,Alışveriş Puanı Kampanyası,0.398,eslesen alanlar: govde,"Ziraat Katılım Bankkart Kurban Bayramı Kampanyası Kampanya 21 Haziran -2 Temmuz tarihleri arasında yapılacak harcamalar için geçerli olacaktır. Kampanya süresince bankkart anlaşmalı giyim, ayakkabı, aksesuar, market ,kaf",,,
ziraat_katilim-4e37f3f16ba7,ziraat_katilim,Ziraat Katılım Bankkart Babalar Günü Kampanyası,https://www.ziraatkatilim.com.tr/bireysel/kampanyalar/ziraat-katilim-bankkart-babalargunu-kampanyasi,Alışveriş Puanı Kampanyası,0.398,eslesen alanlar: govde,"Ziraat Katılım Bankkart Babalar Günü Kampanyası Kampanya 7 Haziran -19 Haziran tarihleri arasında yapılacak harcamalar için geçerli olacaktır. Kampanya süresince bankkart anlaşmalı giyim, ayakkabı, aksesuar, saat, kozmet",,,
ziraat_katilim-74bf4c8cbe91,ziraat_katilim,Ziraat Katılım Bankkart Hoş Geldiniz Kampanyası,https://www.ziraatkatilim.com.tr/bireysel/kampanyalar/bankkart-hos-geldiniz-kampanyasi,Yeni Müşteri Kampanyası,0.856,"eslesen alanlar: url,baslik,breadcrumb,govde","Ziraat Katılım Bankkart Hoş Geldiniz Kampanyası Kampanya Detayları 15.02.2021 – 15.03.2021 tarihleri arasında mevcut Bankkart’ını ilk kez kullanan, toplam 500 TL ve üzeri harcama yapan müşterilerimiz 50 TL Bankkart Lira",,,
ziraat_katilim-83393142a658,ziraat_katilim,Finansman İş Birlikleri,https://www.ziraatkatilim.com.tr/ticari/finansman-urunleri/finansman_is_birlikleri,Finansman Kampanyası,0.56,"eslesen alanlar: url,baslik,breadcrumb,govde","Finansman İş Birlikleri KFK Teminatlı Finansmanlar Finansman kullandırımına ilişkin başvuru, Bankamız aracılığıyla KFK A.Ş.’ye iletilmekte ve teminat değerlendirmesi KFK A.Ş. tarafından sonuçlandırılmaktadır. KOSGEB Dest",,,
ziraat_katilim-f55740ff931a,ziraat_katilim,KOSGEB Destekli Finansmanlar,https://www.ziraatkatilim.com.tr/ticari/finansman-urunleri/finansman_is_birlikleri/kosgeb-destekli-finansmanlar,Finansman Kampanyası,0.77,"eslesen alanlar: url,baslik,breadcrumb,govde","KOSGEB Destekli Finansmanlar KOSGEB Kapasite Geliştirme Destek Programı KOSGEB, başvurusu onaylanan işletmelere, makine, yazılım, personel, hizmet alımı ve işletme sermayesi için Bankamızdan kullanılacak finansmanda kâr",,,
ziraat_katilim-d087fc90bb66,ziraat_katilim,Eximbank Destekli Finansmanlar,https://www.ziraatkatilim.com.tr/ticari/finansman-urunleri/finansman_is_birlikleri/eximbank-destekli-finansmanlar,Finansman Kampanyası,0.56,"eslesen alanlar: url,baslik,breadcrumb,govde","Eximbank Destekli Finansmanlar Türk Eximbank ve Bankamız İş Birliğiyle ihracatın ve döviz kazandırıcı hizmetlerin geliştirilmesi amacıyla, ihracatçı veya ihracata yönelik üretim yapan işletmelere veya döviz kazandırıcı h",,,
ziraat_katilim-623e9045154d,ziraat_katilim,KOSGEB Küresel Rekabetçilik Destek Programı,https://www.ziraatkatilim.com.tr/ticari/finansman-urunleri/finansman_is_birlikleri/kosgeb-destekli-finansmanlar/kosgeb-kuresel-rekabetcilik-destek-programi,Finansman Kampanyası,0.7,"eslesen alanlar: url,breadcrumb",KOSGEB Küresel Rekabetçilik Destek Programı KOSGEB Küresel Rekabetçilik Destek Programı Nedir? Küçük ve Orta Ölçekli İşletmeleri Geliştirme ve Destekleme İdaresi Başkanlığı (KOSGEB) ile Bankamız arasında; işletmelerin kü,,,
ziraat_katilim-6ef86858ad18,ziraat_katilim,Yeni Üye İşyeri Kazanımı POS Kampanyası,https://www.ziraatkatilim.com.tr/bireysel/kampanyalar/yeni-uye-isyeri-kazanimi-pos-kampanyasi,Diğer / Kampanya Değil,0.3,kampanya sayfasi ama tur belirlenemedi,Yeni Üye İşyeri Kazanımı POS Kampanyası Bağlantı Link https://www.ziraatkatilim.com.tr/ticari/uye-isyeri-pos/anlasmalar-ve-kampanyalar/yeni-uye-isyeri-kazanimi-pos-kampanyasi Bağlantı Metni Anında Katıl sayfasında göster,,,
ziraat_katilim-db46a1a02d45,ziraat_katilim,Ziraat Katılım Bankası,https://www.ziraatkatilim.com.tr/bireysel/finansman-urunleri/ihtiyac-finansmani/aninda-finansman,Finansman Kampanyası,0.453,"eslesen alanlar: url,breadcrumb,govde","Anında Finansman Anında Finansman Nedir? İhtiyacınız olan ürün ve hizmetleri Bankamızla anlaşması olan kurum ve kuruluşlardan, şubeye gitmeye gerek kalmaksızın, günün her saatinde ve dijital kanallar vasıtasıyla kolay ve",,,
ziraat_katilim-440aa678015b,ziraat_katilim,Ziraat Katılım Bankası,https://www.ziraatkatilim.com.tr/bireysel/yatirim-urunleri/aninda-piyasa,Yatırım Ürünü Kampanyası,0.8,"eslesen alanlar: url,breadcrumb","Anında Piyasa Anında Piyasa Nedir? Müşterilerimizin döviz, çapraz kur (arbitraj) ve kıymetli maden (altın/gümüş) için anlık alım satım işlemi yapabileceği; veya, dilediği fiyat/kur için emir girişi yapabileceği bir modül",,,
ziraat_katilim-1aa8caf59969,ziraat_katilim,Yatırım ve Hazine Ürünleri,https://www.ziraatkatilim.com.tr/ticari/yatirim-urunleri,Yatırım Ürünü Kampanyası,0.66,"eslesen alanlar: url,baslik,breadcrumb,govde","Yatırım ve Hazine Ürünleri Finans Portalı Finansal hesaplamalarınızı anında finans portalı üzerinden gerçekleştirebilirsiniz. Yatırım Fonları Yatırım Fonları (Katılım Fonu), faiz kazancı olmayan para ve sermaye piyasası",,,
ziraat_katilim-38ccc962d440,ziraat_katilim,Ziraat Katılım Bankası,https://www.ziraatkatilim.com.tr/bireysel/yatirim-urunleri/hisse-senedi,Yatırım Ürünü Kampanyası,0.66,"eslesen alanlar: url,breadcrumb,govde","Hisse Senedi Hisse Senedi Nedir? Borsa İstanbul’da işlem gören halka açık bir şirketin hisse senedine sahip olmak o şirkete olan ortaklığınızı ifade eder. Ziraat Katılım, Ziraat Yatırım A.Ş ile gerçekleştirdiği iş birliğ",,,
ziraat_katilim-58ce177c1677,ziraat_katilim,Ziraat Katılım Bankası,https://www.ziraatkatilim.com.tr/ticari/yatirim-urunleri/yatirim-fonlari,Yatırım Ürünü Kampanyası,0.66,"eslesen alanlar: url,breadcrumb,govde","Yatırım Fonları Yatırım Fonları Nedir? Yatırım Fonları (Katılım Fonu), yatırımlarını faiz kazancı sağlanmayan para ve sermaye piyasası araçları ile değerlendirmek isteyen yatırımcılar için, portföyünün tamamı, devamlı ol",,,
ziraat_katilim-97fca6ecc783,ziraat_katilim,Ziraat Katılım Bankası,https://www.ziraatkatilim.com.tr/bireysel/yatirim-urunleri/yatirim-fonlari,Yatırım Ürünü Kampanyası,0.66,"eslesen alanlar: url,breadcrumb,govde","Yatırım Fonları Yatırım Fonları Nedir? Yatırım fonları (Katılım fonu), yatırımlarını faiz kazancı sağlanmayan para ve sermaye piyasası araçları ile değerlendirmek isteyen yatırımcılar için portföyünün tamamı devamlı olar",,,
ziraat_katilim-9c11f80d267f,ziraat_katilim,Ziraat Katılım Bankası,https://www.ziraatkatilim.com.tr/bireysel/finansman-urunleri/ihtiyac-finansmani/egitim-finansmani,Finansman Kampanyası,0.604,"eslesen alanlar: url,breadcrumb,govde","Eğitim Finansmanı Eğitim Finansmanı Nedir? Eğitim alacak kişinin velisi/vasisi veya kendisi tarafından, yurt içi veya yurt dışı tüm eğitim hizmeti ihtiyaçlarının karşılanması için oluşturulmuş finansman ürünüdür. Neden E",,,
ziraat_katilim-0cbbb8987118,ziraat_katilim,Ziraat Katılım Bankası,https://www.ziraatkatilim.com.tr/bireysel/finansman-urunleri/ihtiyac-finansmani/hac-ve-umre-finansmani,Finansman Kampanyası,0.453,"eslesen alanlar: url,breadcrumb,govde",Hac ve Umre Finansmanı Hac ve Umre Finansmanı Nedir? Hac ve Umre finansmanı kutsal toprak ziyaretlerinizi huzurla gerçekleştirmeniz için organizasyon şirketlerine ve Diyanet İşleri Başkanlığı'na yapılması gereken ödemele,,,
ziraat_katilim-6f9dc94854cd,ziraat_katilim,İpotekli Bireysel Finansman,https://www.ziraatkatilim.com.tr/bireysel/finansman-urunleri/ihtiyac-finansmani/ipotekli-bireysel-finansman,İhtiyaç Finansmanı Kampanyası,0.581,"eslesen alanlar: url,baslik,breadcrumb,govde","İpotekli Bireysel Finansman İpotekli Bireysel Finansman Nedir? İpotekli bireysel finansman, yüksek tutarlı ve uzun vadeli ihtiyaçlarınız için kendinize veya yakınınıza ait ev, arsa veya işyerini teminata vererek ihtiyacı",,,
ziraat_katilim-b0052c70fd72,ziraat_katilim,Dayanıklı Tüketim Finansmanı,https://www.ziraatkatilim.com.tr/bireysel/finansman-urunleri/ihtiyac-finansmani/dayanikli-tuketim-finansmani,Finansman Kampanyası,0.629,"eslesen alanlar: url,baslik,breadcrumb,govde","Dayanıklı Tüketim Finansmanı Dayanıklı Tüketim Finansmanı Nedir? Beyaz eşya, mobilya, televizyon, bilgisayar, klima gibi dayanıklı tüketim malı alımlarınızı sağlayan ihtiyaç finansmanı ürünüdür. Neden Dayanıklı Tüketim F",,,
ziraat_katilim-cb9133555742,ziraat_katilim,Doğalgaz Dönüşüm Finansmanı,https://www.ziraatkatilim.com.tr/bireysel/finansman-urunleri/ihtiyac-finansmani/dogal-gaz-donusum-finansmani,Finansman Kampanyası,0.653,"eslesen alanlar: url,baslik,breadcrumb,govde","Doğalgaz Dönüşüm Finansmanı Doğalgaz Dönüşüm Finansmanı Nedir? Bütçenize uygun geri ödeme planlarıyla, siz de doğalgaz rahatlığını Ziraat Katılım doğalgaz finansmanı güvencesinde yaşayın. Neden Doğalgaz Dönüşüm Finansman",,,
ziraat_katilim-949f7dbf0f06,ziraat_katilim,Bireysel Arsa Finansmanı,https://www.ziraatkatilim.com.tr/bireysel/finansman-urunleri/konut-gayrimenkul-finansmani/bireysel-arsa-finansmani,Finansman Kampanyası,0.507,"eslesen alanlar: url,baslik,breadcrumb,govde","Bireysel Arsa Finansmanı Bireysel Arsa Finansmanı Nedir? Arsa finansmanı, yatırım amaçlı arsa satın almak isteyen bireysel müşterilerimiz için belediye sınırları içerisinde yer alan imarlı arsa alımına yönelik sağlanan f",,,
ziraat_katilim-c25f4842ea8e,ziraat_katilim,Bireysel İş Yeri Finansmanı,https://www.ziraatkatilim.com.tr/bireysel/finansman-urunleri/konut-gayrimenkul-finansmani/bireysel-is-yeri-finansmani,Finansman Kampanyası,0.507,"eslesen alanlar: url,baslik,breadcrumb,govde","Bireysel İş Yeri Finansmanı Bireysel İş Yeri Finansmanı Nedir? Yalnızca ticari faaliyeti olmayan gerçek kişilere (kamu ve özel sektör çalışanları, emekliler vb.) hazır/bitmiş işyeri (ofis, büro, dükkân, muayenehane vb. n",,,
ziraat_katilim-870491d4ac37,ziraat_katilim,Yasa Kapsamında İpotekli Bireysel Finansman,https://www.ziraatkatilim.com.tr/bireysel/finansman-urunleri/ihtiyac-finansmani/yasa-kapsaminda-ipotekli-bireysel-finansman,İhtiyaç Finansmanı Kampanyası,0.581,"eslesen alanlar: url,baslik,breadcrumb,govde","Yasa Kapsamında İpotekli Bireysel Finansman Yasa Kapsamında İpotekli Bireysel Finansman Nedir? Yasa kapsamında ipotekli bireysel finansman, ihtiyaç duyduğunuz hizmet/tüketim malı bedelinin finanse edilmesi karşılığı fina",,,
ziraat_katilim-24f6136ead22,ziraat_katilim,Yatırım ve Hazine Ürünleri,https://www.ziraatkatilim.com.tr/bireysel/yatirim-ve-hazine-urunleri,Yatırım Ürünü Kampanyası,0.66,"eslesen alanlar: url,baslik,breadcrumb,govde","Yatırım ve Hazine Ürünleri Finans Portalı Finans Portalı için tıklayınız. Yatırım Fonları Katılım fonları, faiz getirmeyen para ve sermaye piyasası araçlarına dayalı bir portföy sunarak yatırımcıların varlıklarını değerl",,,
ziraat_katilim-6cddbdf3b367,ziraat_katilim,Ziraat Katılım Bankası,https://www.ziraatkatilim.com.tr/bireysel/finansman-urunleri,Finansman Kampanyası,0.478,"eslesen alanlar: url,breadcrumb,govde","Finansman Ürünleri Konut/Gayrimenkul Finansmanı Konut ve Gayrimenkul Finansmanı; konut, kentsel dönüşüm, arsa alımlarınızda başvurabileceğiniz finansman türüdür. Taşıt Finansmanı Taşıt finansmanı, sıfır veya ikinci el ot",,,
ziraat_katilim-bb30cc7c08ff,ziraat_katilim,Ziraat Katılım Bankası,https://www.ziraatkatilim.com.tr/bireysel/finansman-urunleri/ihtiyac-finansmani,İhtiyaç Finansmanı Kampanyası,0.581,"eslesen alanlar: url,breadcrumb,govde","İhtiyaç Finansmanı Eğitim Finansmanı Eğitim alacak kişinin velisi/vasisi veya kendisi tarafından, yurt içi veya yurt dışı tüm eğitim hizmeti ihtiyaçlarının karşılanması için oluşturulmuş finansman ürünüdür. Doğalgaz Dönü",,,
ziraat_katilim-08c014d6cb2e,ziraat_katilim,Tarımsal Ürünlerin İşlenmesi Finansmanı,https://www.ziraatkatilim.com.tr/tarim/tarimsal-finansman-%C3%BCr%C3%BCnleri/tarimsal-urunlerin-islenmesi-finansmani,Finansman Kampanyası,0.56,"eslesen alanlar: url,baslik,breadcrumb,govde","Tarımsal Ürünlerin İşlenmesi Finansmanı Tarımsal Ürünlerin İşlenmesi Finansmanında Destek Ziraat Katılım’dan Tarımsal üretim faaliyetleri (Bitkisel, hayvansal ve su ürünleri) kapsamında üretilen işlenmemiş/ham tarımsal ü",,,
ziraat_katilim-7b51cd66630a,ziraat_katilim,Ziraat Katılım Bankası,https://www.ziraatkatilim.com.tr/bireysel/yatirim-ve-hazine-urunleri/finans-portali,Yatırım Ürünü Kampanyası,0.66,"eslesen alanlar: url,breadcrumb,govde",Finans Portalı Kâr Payı Oranları Ay 3Ay Ay Yıl Ay 3Ay Ay Yıl Ay 3Ay Ay Yıl 14.08.2026 10:44:14 tarihinde vadesi dolan TL/USD/EUR hesaplara dağıtılan yıllık brüt kâr payı oranlarıdır. Bankamız Verileri USD Amerikan Doları,,,
ziraat_katilim-22a94974b8be,ziraat_katilim,Ziraat Katılım Bankası,https://www.ziraatkatilim.com.tr/tarim/tarimsal-finansman-urunleri/su-urunleri-finansmani,Finansman Kampanyası,0.553,"eslesen alanlar: url,breadcrumb,govde",Su Ürünleri Finansmanı Su Ürünleri Finansmanında Ziraat Katılım Yanında Su ürünleri yetiştiriciliği ile su ürünleri avcılığı konularında faaliyet gösteren/gösterecek gerçek/tüzel kişi üreticilerimiz için finansman imkânl,,,
ziraat_katilim-9fbb28114a35,ziraat_katilim,Eximbank Sevk Öncesi İhracatın Finansmanı,https://www.ziraatkatilim.com.tr/ticari/finansman-urunleri/finansman_is_birlikleri/dis-kaynakli-finansman-ve-hizmetler/eximbank-sevk-oncesi-ihracati-finansmani,Finansman Kampanyası,0.56,"eslesen alanlar: url,baslik,breadcrumb,govde",Eximbank Sevk Öncesi İhracatın Finansmanı Eximbank Sevk Öncesi İhracatın Finansmanı (SÖİF) Nedir? İhracatın geliştirilmesi amacıyla Türkiye İhracat Bankası A.Ş. (Eximbank) tarafından bankalar aracılığıyla ihracatçı firma,,,
ziraat_katilim-7e6d723a7625,ziraat_katilim,Ziraat Katılım Bankası,https://www.ziraatkatilim.com.tr/ticari/finansman-urunleri,Finansman Kampanyası,0.578,"eslesen alanlar: url,breadcrumb,govde","Finansman Ürünleri Nakdi Finansman Ürünleri İşletmenin faaliyetlerini devam ettirmesi için ihtiyaç duyduğu hammadde, yarı mamul, mamul, ticari mal vb. satın alınmasında kullanılan finansman ürünüdür. Gayri Nakdi Finansma",,,
ziraat_katilim-6ee26863b9e7,ziraat_katilim,Ziraat Katılım Bankası,https://www.ziraatkatilim.com.tr/bireysel/finansman-urunleri/alisveris-finansmani,Finansman Kampanyası,0.503,"eslesen alanlar: url,breadcrumb,govde","Alışveriş Finansmanı Anında Finansman İhtiyacınız olan ürün ve hizmetleri Bankamızla anlaşması olan kurum ve kuruluşlardan, şubeye gitmeye gerek kalmaksızın, günün her saatinde ve dijital kanallar vasıtasıyla kolay ve hı",,,
ziraat_katilim-011526122229,ziraat_katilim,Nakdi Finansman Ürünleri,https://www.ziraatkatilim.com.tr/ticari/finansman-urunleri/nakdi-finansman-urunleri,Finansman Kampanyası,0.578,"eslesen alanlar: url,baslik,breadcrumb,govde","Nakdi Finansman Ürünleri Kurumsal Finansman İşletmenin faaliyetlerini devam ettirmesi için ihtiyaç duyduğu hammadde, yarı mamul, mamul, ticari mal vb. satın alınmasında kullanılan finansman ürünüdür. Mobil Finansman Kuru",,,
ziraat_katilim-de58f06085fa,ziraat_katilim,Dış Ticaret Finansmanları,https://www.ziraatkatilim.com.tr/ticari/finansman-urunleri/dis-ticaret-finansmanlari,Finansman Kampanyası,0.578,"eslesen alanlar: url,baslik,breadcrumb,govde","Dış Ticaret Finansmanları İhracata Hazırlık Destek Finansmanı İhracata Hazırlık Destek Finansmanı, ihracata hazırlık aşamasındaki firmaların rekabet güçlerinin arttırılması ve finansman ihtiyaçlarının karşılanması amacıy",,,
ziraat_katilim-9a9521f3dab2,ziraat_katilim,Konut-Gayrimenkul Finansmanı,https://www.ziraatkatilim.com.tr/bireysel/finansman-urunleri/konut-gayrimenkul-finansmani,Finansman Kampanyası,0.507,"eslesen alanlar: url,baslik,breadcrumb,govde","Konut-Gayrimenkul Finansmanı Konut Finansmanı Konut finansmanı, konut sahibi olmak isteyenlere konut üzerinden tesis edilecek ipotek karşılığında uzun vadeli konut kredilerinin kullanılmasına dayanan ve tüketicilerin kon",,,
ziraat_katilim-d5854d74150e,ziraat_katilim,Gayri Nakdi Finansman Ürünleri,https://www.ziraatkatilim.com.tr/ticari/finansman-urunleri/gayri-nakdi-finansman-urunleri,Finansman Kampanyası,0.56,"eslesen alanlar: url,baslik,breadcrumb,govde","Gayri Nakdi Finansman Ürünleri Teminat Mektupları Teminat mektupları; bankaların yurt içinde ya da yurt dışında bulunan müşterileri lehine bir malın teslimi, bir işin yapılması veya bir borcun ödenmesi gibi konularda muh",,,
ziraat_katilim-76b5590f9bff,ziraat_katilim,Ziraat Katılım Bankası,https://www.ziraatkatilim.com.tr/bireysel/finansman-urunleri/tasit-finansmani/togg-finansmani,Taşıt Finansmanı Kampanyası,0.796,"eslesen alanlar: url,breadcrumb,govde","TOGG Finansmanı TOGG Finansmanı Nedir? Togg taşıt finansmanı, Togg akıllı cihazlarının alımında kolaylık sağlayan bir finansman türüdür. Neden TOGG Finansmanı Kullanmalıyım? Hayalini kurduğunuz Togg’a kavuşmanız artık ço",,,
ziraat_katilim-a141422248fe,ziraat_katilim,Ziraat Katılım Bankası,https://www.ziraatkatilim.com.tr/bireysel/finansman-urunleri/tasit-finansmani/tasit-finansmani,Taşıt Finansmanı Kampanyası,0.597,"eslesen alanlar: url,breadcrumb,govde","Taşıt Finansmanı Taşıt Finansmanı Nedir? Taşıt finansmanı, sıfır veya ikinci el otomobiller için alım kolaylığı sağlayan finansman türüdür. Neden Taşıt Finansmanı Kullanmalıyım? Taşıt finansmanının sunduğu uzun vade ve d",,,
ziraat_katilim-a9cf5999bf43,ziraat_katilim,Ziraat Katılım Bankası,https://www.ziraatkatilim.com.tr/ticari/finansman-urunleri/nakdi-finansman-urunleri/mobil-finansman,Finansman Kampanyası,0.77,"eslesen alanlar: url,breadcrumb,govde",Mobil Finansman Mobil Finansman Nedir? Kurumsal finansman desteği talepleriniz için Katılım Mobil aracılığı ile şubeye gitmeden finansman kullanabileceğiniz online bir finansman ürünüdür. Neden Mobil Finansman kullanmalı,,,
ziraat_katilim-790ec22d7635,ziraat_katilim,Akreditif | Ziraat Katılım,https://www.ziraatkatilim.com.tr/ticari/finansman-urunleri/gayri-nakdi-finansman-urunleri/akreditif,Finansman Kampanyası,0.578,"eslesen alanlar: url,breadcrumb,govde","Akreditif Akreditif Finansmanı Nedir? Akreditif; ihracatçı firmanın talimatı doğrultusunda, malların yüklendiğini veya hizmetin yerine getirildiğini gösteren şart koşulmuş vesaikin ibrazı, belirli bir tutar ve vade karşı",,,
ziraat_katilim-2b021a4ea46c,ziraat_katilim,Ziraat Katılım Bankası,https://www.ziraatkatilim.com.tr/ticari/finansman-urunleri/nakdi-finansman-urunleri/kurumsal-finansman,Finansman Kampanyası,0.578,"eslesen alanlar: url,breadcrumb,govde","Kurumsal Finansman Kurumsal Finansman Desteği Nedir? İşletmenin faaliyetlerini devam ettirmesi için ihtiyaç duyduğu hammadde, yarı mamul, mamul, ticari mal vb. satın alınmasında kullanılan finansman ürünüdür. Neden Kurum",,,
ziraat_katilim-4246372fb6a8,ziraat_katilim,Ziraat Katılım Bankası,https://www.ziraatkatilim.com.tr/ticari/finansman-urunleri/dis-ticaret-finansmanlari/ithalat-finansmani,Finansman Kampanyası,0.553,"eslesen alanlar: url,breadcrumb,govde","İthalat Finansmanı İthalat Finansmanı Nedir? Yurt dışından ithal edilecek malların finansmanında, ithalatçı firmaların ihtiyaçlarının karşılanmasını sağlayan bir finansman şeklidir. Neden İthalat Finansmanı Kullanmalıyım",,,
ziraat_katilim-45a70e88737a,ziraat_katilim,Ziraat Katılım Bankası,https://www.ziraatkatilim.com.tr/ticari/finansman-urunleri/dis-ticaret-finansmanlari/ihracat-finansmani,Finansman Kampanyası,0.553,"eslesen alanlar: url,breadcrumb,govde","İhracat Finansmanı İhracat Finansmanı Nedir? İhracat finansmanı, ihracatçının mal ve hizmetleri sevk etmeden önce veya sonra, ihracat işlemi ile ilgili finansman gereksinimleri için oluşturulmuştur. Neden İhracat Finansm",,,
ziraat_katilim-1e9f24ff7c2a,ziraat_katilim,Ziraat Katılım Bankası,https://www.ziraatkatilim.com.tr/ticari/finansman-urunleri/nakdi-finansman-urunleri/doviz-finansman%C4%B1,Finansman Kampanyası,0.553,"eslesen alanlar: url,breadcrumb,govde","Döviz Finansmanı Döviz Finansmanı Nedir? İhracat veya ihracat sayılan satış ve teslimler ile döviz kazandırıcı faaliyetlerde bulunan firmalara, ihracat taahhüdünün yerine getirilmesi koşulu ile kullandırılır. Neden Döviz",,,
ziraat_katilim-b739f345c102,ziraat_katilim,Ziraat Katılım Bankası,https://www.ziraatkatilim.com.tr/ticari/finansman-urunleri/gayri-nakdi-finansman-urunleri/teminat-mektuplari,Finansman Kampanyası,0.525,"eslesen alanlar: url,breadcrumb","Teminat Mektupları Teminat Mektupları Nedir? Teminat mektupları; bankaların yurt içinde ya da yurt dışında bulunan müşterileri lehine bir malın teslimi, bir işin yapılması veya bir borcun ödenmesi gibi konularda muhatap",,,
ziraat_katilim-474df0155802,ziraat_katilim,Ziraat Katılım Bankası,https://www.ziraatkatilim.com.tr/ticari/finansman-urunleri/gayri-nakdi-finansman-urunleri/referans-mektuplari,Finansman Kampanyası,0.553,"eslesen alanlar: url,breadcrumb,govde","Referans Mektupları Referans Mektupları Nedir? Bankamız müşterileri hakkında yurt içi ve yurt dışı şirket, daire ve müesseselere hitaben onaylı kredileri ve onaylı kredilerinden ne kadarının kullanıldığı, ne kadarının ku",,,
ziraat_katilim-ad2ee4b51bd0,ziraat_katilim,Taksitli Ticari Finansman,https://www.ziraatkatilim.com.tr/ticari/finansman-urunleri/nakdi-finansman-urunleri/taksitli-ticari-finansman,Finansman Kampanyası,0.578,"eslesen alanlar: url,baslik,breadcrumb,govde","Taksitli Ticari Finansman Taksitli Ticari Finansman Nedir? Taksitli ticari finansman ürünü, işletmenizin ihtiyaçları doğrultusunda araç, iş yeri, makine, teçhizat, ekipman ve buna benzer ürünlerin finansmanını kapsar. Ne",,,
ziraat_katilim-f2ed52eeccaa,ziraat_katilim,Vadeli İhracat Finansmanı,https://www.ziraatkatilim.com.tr/ticari/finansman-urunleri/dis-ticaret-finansmanlari/vadeli-ihracat-finansmani,Finansman Kampanyası,0.578,"eslesen alanlar: url,baslik,breadcrumb,govde",Vadeli İhracat Finansmanı Vadeli İhracat Finansmanı Nedir? Vadeli akreditif yoluyla ödemelerini alan ihracatçı müşterilerimizin akreditif vadesini beklemeden alacaklarını bankamızdan peşin tahsil edebilecekleri finansman,,,
ziraat_katilim-dbf7fe44b5e7,ziraat_katilim,Ziraat Katılım Bankası,https://www.ziraatkatilim.com.tr/ticari/finansman-urunleri/gayri-nakdi-finansman-urunleri/kabul-aval-finansmani,Finansman Kampanyası,0.578,"eslesen alanlar: url,breadcrumb,govde","Kabul Aval Finansmanı Kabul Aval Finansmanı Nedir? İthalatçının mal bedelini vadeli ödemek istediği, ihracatçının ise ithalatçının bankasından öngörülen vade sonunda mal bedeline ilişkin ödemenin yapılacağının garanti ed",,,
ziraat_katilim-008cfd760148,ziraat_katilim,İhracata Hazırlık Destek Finansmanı,https://www.ziraatkatilim.com.tr/ticari/finansman-urunleri/dis-ticaret-finansmanlari/ihracata-hazirlik-destek-finansman,Finansman Kampanyası,0.578,"eslesen alanlar: url,baslik,breadcrumb,govde","İhracata Hazırlık Destek Finansmanı İhracata Hazırlık Destek Finansmanı Nedir? İhracata Hazırlık Destek Finansmanı, ihracata hazırlık aşamasındaki firmaların rekabet güçlerinin arttırılması ve finansman ihtiyaçlarının ka",,,
ziraat_katilim-efcdc495f590,ziraat_katilim,KOSGEB Kapasite Geliştirme Destek Programı,https://www.ziraatkatilim.com.tr/ticari/finansman-urunleri/finansman_is_birlikleri/kosgeb-destekli-finansmanlar/kosgeb-kapasite-gelistirme-destek-programi,Finansman Kampanyası,0.553,"eslesen alanlar: url,breadcrumb,govde",KOSGEB Kapasite Geliştirme Destek Programı KOSGEB Kapasite Geliştirme Destek Programı Nedir? Küçük ve Orta Ölçekli İşletmeleri Geliştirme ve Destekleme İdaresi Başkanlığı (KOSGEB) ile Bankamız işbirliği çerçevesinde KOBİ,,,
ziraat_katilim-f217728215a5,ziraat_katilim,Ziraat Katılım Bankası,https://www.ziraatkatilim.com.tr/bireysel/yatirim-urunleri/spot-doviz,Yatırım Ürünü Kampanyası,0.6,"eslesen alanlar: url,breadcrumb","Spot Döviz Spot Döviz Nedir? Spot döviz işlemleri, FX-TL veya çapraz kurlarla (FX-FX) yapılan işlemlerdir. Spot döviz alım-satım işlemleri, işlem tarihinde müşterinin kendi hesabından/kasasından peşin alım satımı şeklind",,,
ziraat_katilim-1cc440728f5c,ziraat_katilim,Ziraat Katılım Bankası,https://www.ziraatkatilim.com.tr/bireysel/finansman-urunleri/tasit-finansmani,Taşıt Finansmanı Kampanyası,0.597,"eslesen alanlar: url,breadcrumb,govde","Taşıt Finansmanı Taşıt finansmanı, sıfır veya ikinci el otomobiller için alım kolaylığı sağlayan finansman türüdür. TOGG Finansmanı Togg taşıt finansmanı, Togg akıllı cihazlarının alımında kolaylık sağlayan bir finansman",,,
ziraat_katilim-be08e5ee9060,ziraat_katilim,Kentsel Dönüşüm Finansmanı,https://www.ziraatkatilim.com.tr/bireysel/finansman-urunleri/konut-finansmani/kentsel-donusum-finansmani,Finansman Kampanyası,0.523,"eslesen alanlar: url,baslik,breadcrumb,govde","Kentsel Dönüşüm Finansmanı Kentsel Dönüşüm Finansmanı Nedir? 6306 sayılı ""Afet Riski Altındaki Alanların Dönüştürülmesi Hakkında Kanun"" kapsamında bulunan riskli bölgelerdeki binaların yenilenmesi için Bankamızca finansm",,,
ziraat_katilim-c4907cce1bb2,ziraat_katilim,Ziraat Katılım Bankası,https://www.ziraatkatilim.com.tr/ozel-bankacilik/finansman-urunleri,Finansman Kampanyası,0.552,"eslesen alanlar: url,breadcrumb,govde","Finansman Ürünleri Konut Finansmanı Konut finansmanı, konut sahibi olmak isteyenlere konut üzerinden tesis edilecek ipotek karşılığında uzun vadeli konut kredilerinin kullanılmasına dayanan ve tüketicilerin konut edinmel",,,
ziraat_katilim-d32bc30a3074,ziraat_katilim,Ziraat Katılım Bankası,https://www.ziraatkatilim.com.tr/bireysel/kampanyalar/katilim-dijital,Diğer / Kampanya Değil,0.3,kampanya sayfasi ama tur belirlenemedi,Ziraat Katılım Bankası Popüler Aramalar İnternet Şube Katılım Bankacılığını Tanıyın Dijital Bankacılık Katılım Mobil Katılım Dijital Bağlantı Link https://www.ziraatkatilim.com.tr/katilim-dijital-basvuru-formu Bağlantı M,,,
ziraat_katilim-6a94bac26117,ziraat_katilim,Vaade Dayalı Döviz Alım / Satım İşlemleri (Forward),https://www.ziraatkatilim.com.tr/ticari/yatirim-urunleri/vadeli-doviz,Yatırım Ürünü Kampanyası,0.6,"eslesen alanlar: url,breadcrumb","Vaade Dayalı Döviz Alım / Satım İşlemleri (Forward) Vaade Dayalı Döviz Alım / Satım İşlemleri (Forward) Nedir? Bankamız Forward işlemlerini vaade dayalı olarak yapar. Forward, bankamız ve müşterimiz arasında önceden beli",,,
ziraat_katilim-0f734e69348f,ziraat_katilim,Yatırım ve Hazine Ürünleri,https://www.ziraatkatilim.com.tr/ozel-bankacilik/yatirim-urunleri,Yatırım Ürünü Kampanyası,0.644,"eslesen alanlar: url,baslik,breadcrumb,govde","Yatırım ve Hazine Ürünleri Finans Portalı Finansal hesaplamalarınızı anında finans portalı üzerinden gerçekleştirebilirsiniz. Yatırım Fonları Yatırım fonları (Katılım fonu), faiz getirmeyen para ve sermaye piyasası araçl",,,
ziraat_katilim-9d37c64c1ca3,ziraat_katilim,Ziraat Katılım Bankası,https://www.ziraatkatilim.com.tr/ticari/yatirim-urunleri/finans-portali,Yatırım Ürünü Kampanyası,0.66,"eslesen alanlar: url,breadcrumb,govde",Finans Portalı Kâr Payı Oranları Ay 3Ay Ay Yıl Ay 3Ay Ay Yıl Ay 3Ay Ay Yıl 14.08.2026 10:48:53 tarihinde vadesi dolan TL/USD/EUR hesaplara dağıtılan yıllık brüt kâr payı oranlarıdır. Bankamız Verileri USD Amerikan Doları,,,
ziraat_katilim-439d9e4e7432,ziraat_katilim,YP (Yabancı Para) Sukuk,https://www.ziraatkatilim.com.tr/ozel-bankacilik/yatirim-urunleri/yp-sukuk,Yatırım Ürünü Kampanyası,0.66,"eslesen alanlar: url,baslik,breadcrumb,govde","YP (Yabancı Para) Sukuk Yabancı Para Sukuk Nedir? (YP Sukuk) YP Sukuk , devlet ya da şirketlerin uluslararası piyasalarda yabancı para birimleri üzerinden satışa sundukları, genellikle uzun vadeli borçlanma aracıdır. Zir",,,
ziraat_katilim-6e43d6ba1d63,ziraat_katilim,Vaade Dayalı Döviz Alım Satım,https://www.ziraatkatilim.com.tr/ozel-bankacilik/yatirim-urunleri/forward,Yatırım Ürünü Kampanyası,0.6,"eslesen alanlar: url,breadcrumb","Vaade Dayalı Döviz Alım Satım - Forward İşlemleri Vaade Dayalı Döviz Alım / Satım İşlemleri (Forward) Nedir? Bankamız ve müşterimiz arasında önceden belirlenen ve taahhüt edilen tarih, döviz cinsleri, miktar ve kur üzeri",,,
ziraat_katilim-fd0678cf416b,ziraat_katilim,Kira Sertifikaları (Sukuk),https://www.ziraatkatilim.com.tr/ozel-bankacilik/yatirim-urunleri/sukuk,Yatırım Ürünü Kampanyası,0.644,"eslesen alanlar: url,baslik,breadcrumb,govde",Kira Sertifikaları (Sukuk) Kira sertifikası: Her türlü varlık ve hakkın finansmanını sağlamak amacıyla varlık kiralama şirketi tarafından ihraç edilen ve sahiplerinin bu varlık veya haktan elde edilen gelirlerden payları,,,
ziraat_katilim-b8355d3c9d25,ziraat_katilim,Ziraat Katılım Bankası,https://www.ziraatkatilim.com.tr/ticari/yatirim-urunleri/spot-doviz,Yatırım Ürünü Kampanyası,0.6,"eslesen alanlar: url,breadcrumb","Spot Döviz Spot Döviz Nedir? Spot döviz işlemleri, FX-TL veya çapraz kurlarla (FX-FX) yapılan işlemlerdir. Spot döviz alım satım-satım işlemleri, işlem tarihinde müşterinin kendi hesabından/kasadan peşin alım/satım şekli",,,
ziraat_katilim-7fd73b574ae4,ziraat_katilim,Sanal Kart Nedir? Nasıl Oluşturulur ve Kullanılır?,https://www.ziraatkatilim.com.tr/blog/sanal-kart-nedir-nasil-olusturulur-ve-kullanilir,Kart Kampanyası,0.804,"eslesen alanlar: url,baslik,breadcrumb,govde",21 Nisan 2026 Sanal Kart Nedir? Nasıl Oluşturulur ve Kullanılır? İnternet alışverişi yaparken kart bilgilerinizi paylaşma konusunda tedirginlik yaşıyorsanız sanal kart tam da bu ihtiyaca yönelik geliştirilmiş bir çözümdü,,,
ziraat_katilim-5c1f96bb7f68,ziraat_katilim,Savunma Sanayi Destek Paketi,https://www.ziraatkatilim.com.tr/ticari/KFK-Teminatli-finansmanlar/savunma-sanayi-destek-paketi,Finansman Kampanyası,0.578,"eslesen alanlar: url,baslik,breadcrumb,govde","Savunma Sanayi Destek Paketi Savunma Sanayi Destek Paketi Nedir? Savunma Sanayii Başkanlığı (SSB) ile Bankamız arasında imzalanan protokol çerçevesinde, Türk Silahlı Kuvvetleri Vakfı Şirketleri, Savunma Sanayii Başkanlığ",,,
ziraat_katilim-b22c81afa5b5,ziraat_katilim,Akreditif Nedir? Türleri ve Ödeme Süreci,https://www.ziraatkatilim.com.tr/blog/akreditif-nedir-turleri-ve-odeme-sureci,Diğer / Kampanya Değil,0.7,kampanya sayfasi degil,"15 Nisan 2026 Akreditif Nedir? Türleri ve Ödeme Süreci Akreditif (Letter of Credit – L/C), dış ticarette alıcı ile satıcı arasındaki ödeme güvencesini bankalar aracılığıyla sağlayan bir ödeme yöntemidir. İthalatçının ban",,,
ziraat_katilim-6f59b2c0f78f,ziraat_katilim,Kartlar | Ziraat Katılım,https://www.ziraatkatilim.com.tr/bireysel/kartlar,Kart Kampanyası,0.801,"eslesen alanlar: url,baslik,breadcrumb,govde","Kartlar Banka Kartı Banka kartı, Bankamız tarafından müşterilere açılan cari hesaplara tanımlanan ve günlük belirlenen limitler dâhilinde alışveriş ve para çekme işlemi yapılmasına olanak sağlayan bir ödeme aracıdır. Kre",,,
ziraat_katilim-8368cd7c8cb4,ziraat_katilim,Ziraat Katılım Bankası,https://www.ziraatkatilim.com.tr/bireysel/kartlar/aile-kart-troy,Kart Kampanyası,0.791,"eslesen alanlar: url,breadcrumb,govde","Aile Kart (TROY) Aile Kart (TROY), katılım bankacılığı prensiplerine uygun yapısıyla ailelerin finansal yaşamına güven, kontrol ve değer odaklı bir yaklaşım kazandırır. Böylece finansal alışkanlıklar, aile değerleriyle u",,,
ziraat_katilim-f4715b4e6026,ziraat_katilim,Ziraat Katılım Bankası,https://www.ziraatkatilim.com.tr/bireysel/kartlar/kredi-karti,Kart Kampanyası,0.645,"eslesen alanlar: url,breadcrumb,govde","Bankkart (Kredi Kartı) Bankkart, Size 365 gün 24 saat nakit taşıma riski olmadan alışveriş yapma imkânı sağlar, puan kazandırır. Bankkart'ın temassız özelliği ile hızlı ve güvenli alışveriş yapabilirsiniz. Bankkart ile B",,,
ziraat_katilim-6da4863d5750,ziraat_katilim,Finansman Hayat Sigortaları,https://www.ziraatkatilim.com.tr/bireysel/sigorta/finansman-hayat-sigortalari,Finansman Kampanyası,0.746,"eslesen alanlar: url,baslik,breadcrumb,govde",Finansman Hayat Sigortaları Konut Finansmanı Hayat Sigortası Konut Finansmanı Hayat Sigortası ile yaşamınızı kaybetme riskinize karşı konut finansmanı borcunuzu teminat altına alabilirsiniz! Taşıt Finansmanı Hayat Sigort,,,
ziraat_katilim-e80170bd2b7b,ziraat_katilim,Ziraat Katılım Bankası,https://www.ziraatkatilim.com.tr/bireysel/kartlar/banka-karti,Kart Kampanyası,0.619,"eslesen alanlar: url,breadcrumb,govde","Banka Kartı Banka Kartı Nedir? Banka kartı, Bankamız tarafından müşterilere açılan cari hesaplara tanımlanan ve günlük belirlenen limitler dâhilinde alışveriş ve para çekme işlemi yapılmasına olanak sağlayan bir ödeme ar",,,
ziraat_katilim-02308be2b52f,ziraat_katilim,Ziraat Katılım Bankası,https://www.ziraatkatilim.com.tr/bireysel/kartlar/bankkart-ucretsiz,Kart Kampanyası,0.825,"eslesen alanlar: url,breadcrumb,govde",Bankkart (Ücretsiz) Ziraat Katılım Bankkart ücretsiz kartınız için kart aidat ücreti ödemezsiniz. 2.500 TL ve altındaki temassız alışveriş işlemlerinizi şifre girmeden gerçekleştirebilirsiniz. Katılım Mobil üzerinden har,,,
ziraat_katilim-cf3488c5e2ea,ziraat_katilim,Ziraat Katılım Bankası,https://www.ziraatkatilim.com.tr/bireysel/kartlar/bankkart-sanal-kart,Kart Kampanyası,0.795,"eslesen alanlar: url,breadcrumb,govde","Bankkart (Sanal Kart) Bankkart'ınıza bağlı olarak oluşturulan, kartınızın fiziki olarak bulunmadığı tüm alışverişlerde kullanabileceğiniz ve Bankkart dünyasının avantajlarından yararlanabileceğiniz Sanal Kart’ınız ile gü",,,
ziraat_katilim-b3eb9adaf3de,ziraat_katilim,Ziraat Katılım Bankası,https://www.ziraatkatilim.com.tr/ihtiyac-finansmani,Finansman Kampanyası,0.503,"eslesen alanlar: url,breadcrumb,govde",Ön Finansman Başvurusu TC Kimlik No Ürün Tipi Ad Soyad Finansman Miktarı Doğum Tarihi Vade (Ay) Telefon Numarası Kod Ülke kodunu giriniz. Telefon Numarası Aylık Gelir E-Posta Adresi Şube Mesajınız Yenile Resimde hangi ko,,,
ziraat_katilim-602624b23514,ziraat_katilim,Bitkisel Üretim Finansmanı,https://www.ziraatkatilim.com.tr/tarim/tarimsal-finansman-%C3%BCr%C3%BCnleri/bitkiseluretim,Finansman Kampanyası,0.56,"eslesen alanlar: url,baslik,breadcrumb,govde","Bitkisel Üretim Finansmanı Bitkisel Üretim Finansmanında Ziraat Katılım Yanında Serada, bahçede, tarlada, topraksız (katı ortam veya su kültüründe) bitkisel üretim konularında faaliyette bulunan/bulunacak gerçek/tüzel ür",,,
ziraat_katilim-3562ca7488a5,ziraat_katilim,Ziraat Katılım Bankası,https://www.ziraatkatilim.com.tr/tarim/tarimsal-finansman-%C3%BCr%C3%BCnleri/arazi-alimi-finansmani,Finansman Kampanyası,0.738,"eslesen alanlar: url,breadcrumb,govde",Arazi Alımı Finansmanı Arazi Alımlarınıza Destek Ziraat Katılım’dan Tarım arazilerinin üretime kazandırılması ve işletme ölçeklerinin büyütülerek tarımsal işletmelerin ekonomik ölçeğe kavuşturulması için üzerinde tarımsa,,,
ziraat_katilim-25c41ce6ac33,ziraat_katilim,Soğuk Hava Deposu Finansmanı,https://www.ziraatkatilim.com.tr/tarim/tarimsal-finansman-%C3%BCr%C3%BCnleri/soguk-hava-deposu-finansmani,Finansman Kampanyası,0.747,"eslesen alanlar: url,baslik,breadcrumb,govde","Soğuk Hava Deposu Finansmanı Soğuk Hava Deposu Yatırımlarınıza Destek Ziraat Katılım’dan Meyve ve sebzelerin saklanması ve muhafaza edilmesi amacıyla, yeni soğuk hava deposu yapılması veya mevcut soğuk hava depolarının m",,,
ziraat_katilim-be6ce2c8e01f,ziraat_katilim,Biyo-Tarım Yatırımları Finansmanı,https://www.ziraatkatilim.com.tr/tarim/tarimsal-finansman-%C3%BCr%C3%BCnleri/biyo-tarim-yatirimlari-finansmani,Yatırım Ürünü Kampanyası,0.523,"eslesen alanlar: url,baslik,breadcrumb,govde","Biyo-Tarım Yatırımları Finansmanı Biyo-Tarım Yatırımlarına Destek, Ziraat Katılım’dan Biyolojik ve/veya biyoteknik mücadelede kullanılan bitki koruma ürünü, mikrobiyal gübre, aminoasit içeren organik gübre, organik ve or",,,
ziraat_katilim-b70a60e4975a,ziraat_katilim,Tarım Makineleri Parkı Finansmanı,https://www.ziraatkatilim.com.tr/tarim/tarimsal-finansman-%C3%BCr%C3%BCnleri/tarim-makineleri-parki-finansmani,Finansman Kampanyası,0.77,"eslesen alanlar: url,baslik,breadcrumb,govde","Tarım Makineleri Parkı Finansmanı Tarım Makineleri Parkı Finansmanında Destek Ziraat Katılım’dan Tarımsal faaliyetlerde ortak makine kullanımının yaygınlaşması, sınırlı işletme büyüklüğü ve sermaye yetersizliği nedeniyle",,,
ziraat_katilim-fa5158389ad3,ziraat_katilim,Tarımsal AR-GE Yatırımları Finansmanı,https://www.ziraatkatilim.com.tr/tarim/tarimsal-finansman-%C3%BCr%C3%BCnleri/tarimsal-ar-ge-yatirimlari-finansmani,Yatırım Ürünü Kampanyası,0.698,"eslesen alanlar: url,baslik,breadcrumb,govde","Tarımsal AR-GE Yatırımları Finansmanı Tarımsal AR-GE için Destek, Ziraat Katılım’dan Araştırma ve Geliştirme Destek Programı kapsamında desteklenen proje sahibi tarımsal Ar-Ge firmalarının yatırım ve işletme ihtiyaçların",,,
ziraat_katilim-1a72a168effc,ziraat_katilim,Ziraat Katılım Bankası,https://www.ziraatkatilim.com.tr/bireysel/finansman-%C3%BCr%C3%BCnleri/konut-gayrimenkul-finansmani/konut-finansmani,Konut Finansmanı Kampanyası,0.597,"eslesen alanlar: url,breadcrumb,govde","Konut Finansmanı Konut Finansmanı Nedir? Konut finansmanı, konut sahibi olmak isteyenlere konut üzerinden tesis edilecek ipotek karşılığında uzun vadeli konut kredilerinin kullanılmasına dayanan ve tüketicilerin konut ed",,,
ziraat_katilim-a1b3ecd24ac1,ziraat_katilim,Yenilenebilir Enerji Yatırımları Finansmanı,https://www.ziraatkatilim.com.tr/tarim/tarimsal-finansman-%C3%BCr%C3%BCnleri/yenilenebilir-enerji-yatirimlari-finansmani,Yatırım Ürünü Kampanyası,0.698,"eslesen alanlar: url,baslik,breadcrumb,govde","Yenilenebilir Enerji Yatırımları Finansmanı Yenilenebilir Enerji Yatırımlarınıza Destek, Ziraat Katılım’dan Tarımsal faaliyette bulunan üreticilerin, kendi üretim kapasiteleriyle uyumlu olmak kaydıyla, enerji ihtiyaçları",,,
ziraat_katilim-e64c9530317c,ziraat_katilim,Tarımsal Finansman Başvurusu,https://www.ziraatkatilim.com.tr/tarim/tarimsal-finansman-basvurusu,Finansman Kampanyası,0.747,"eslesen alanlar: url,baslik,breadcrumb,govde","Tarımsal Finansman Başvurusu Tarımsal Mekanizasyon ve ekipmanları, tarımsal sulama sistemleri, traktör ve tarımsal yenilenebilir enerji bayi ve firmaları; satışlarını yaptığınız ilgili ekipman ve araçların Bankamızca %10",,,
